Filename,Label,Prediction,Confidence,RawMatch,NormMatch,NormLabel,NormPrediction
2025-07-26_11-30-08-270_DA755RG-FRA.jpg,DA-755-RG,DA-755-RG,1.0000,1,1,DA755RG,DA755RG
2025-07-26_17-29-41-971_BF693VZ-FRA.jpg,BF-693-VZ,BF-693-VZ,0.9677,1,1,BF693VZ,BF693VZ
2025-07-26_15-36-19-224_GJ174FJ-FRA.jpg,GJ-174-FJ,GJ-174-FJ,0.9804,1,1,GJ174FJ,GJ174FJ
2025-07-26_10-12-35-957_EK586LJ-FRA.jpg,EK-586-LJ,EK-586-LJ,1.0000,1,1,EK586LJ,EK586LJ
2025-07-26_12-35-37-992_FZ158WC-FRA.jpg,FZ-158-WC,FZ-158-WC,1.0000,1,1,FZ158WC,FZ158WC
2025-07-26_10-58-21-628_CE011GL-FRA.jpg,CE-011-GL.,CE-011-GL.,0.9932,1,1,CE011GL,CE011GL
2025-07-26_10-56-50-237_DG715DF-FRA.jpg,DG-715-DF,DG-715-DF,0.9994,1,1,DG715DF,DG715DF
2025-07-26_10-21-10-799_DW921KQ-FRA.jpg,DW-921-KQ,DW-921-KQ,0.9999,1,1,DW921KQ,DW921KQ
2025-07-26_11-59-49-742_BW715EW-FRA.jpg,BW-715-EW,BW-715-EW,0.9557,1,1,BW715EW,BW715EW
2025-07-26_16-09-11-107_GV845DH-FRA.jpg,GV-845-DH,GV-845-DH,0.9999,1,1,GV845DH,GV845DH
2025-07-26_12-58-28-215_GP299SG-FRA.jpg,GP-299-SG,GP-299-SG,0.9927,1,1,GP299SG,GP299SG
2025-07-26_14-13-20-467_FL582PS-FRA.jpg,FL.582-PS,FL.582-PS,0.9992,1,1,FL582PS,FL582PS
2025-07-26_12-26-05-133_DJ446VZ-FRA.jpg,DJ-446-VZ,DJ-446-VZ,0.9860,1,1,DJ446VZ,DJ446VZ
2025-07-26_10-19-33-441_DL677RF-FRA.jpg,DL-677-RF,DL-677-RF,0.9999,1,1,DL677RF,DL677RF
2025-07-26_10-17-48-609_GP096MZ-FRA.jpg,GP-096-MZ,GP-096-MZ,1.0000,1,1,GP096MZ,GP096MZ
2025-07-26_09-17-43-689_FN870HN-FRA.jpg,FN.870.HN,FN.870.HN,0.9990,1,1,FN870HN,FN870HN
2025-07-26_11-29-28-728_DZ207EE-FRA.jpg,DZ-207-EE,DZ-207-EE,0.9632,1,1,DZ207EE,DZ207EE
2025-07-26_11-59-49-763_AP077JD-FRA.jpg,AP-077-JD,AP-077-JD,0.9993,1,1,AP077JD,AP077JD
2025-07-26_09-21-11-298_CL939FG-FRA.jpg,CL-939-FG,CL-939-FG,0.9977,1,1,CL939FG,CL939FG
2025-07-26_11-46-00-298_BK261GQ-FRA.jpg,BK-261-GQ,BK-261-GQ,0.9545,1,1,BK261GQ,BK261GQ
2025-07-26_09-58-53-386_EG979FG-FRA.jpg,EG-979-FG,EG-979-FG,1.0000,1,1,EG979FG,EG979FG
2025-07-26_18-21-35-703_EZ646MC-FRA.jpg,EZ-646-MC,EZ-646-MC,0.9812,1,1,EZ646MC,EZ646MC
2025-07-26_11-44-13-286_GF609ND-ITA.jpg,GF-609-ND,GF-609-ND,0.9958,1,1,GF609ND,GF609ND
2025-07-26_09-21-15-814_GQ993LR-FRA.jpg,GQ-993-LR,GQ-993-LR,0.9670,1,1,GQ993LR,GQ993LR
2025-07-26_10-17-08-290_EM922ZE-FRA.jpg,EM.922-ZE,EM.922-ZE,0.9987,1,1,EM922ZE,EM922ZE
2025-07-26_12-01-09-441_GP601QB-FRA.jpg,GP-601-QB,GP-601-QB,1.0000,1,1,GP601QB,GP601QB
2025-07-26_09-39-21-358_BG158LK-FRA.jpg,.BG-158-LK.,.BG-158-LK.,0.9998,1,1,BG158LK,BG158LK
2025-07-26_09-18-22-771_EW251EN-FRA.jpg,EW-251-EN,EW-251-EN,0.9999,1,1,EW251EN,EW251EN
2025-07-26_11-15-26-791_GJ494AT-FRA.jpg,GJ-494-AT,GJ-494-AT,0.9731,1,1,GJ494AT,GJ494AT
2025-07-26_16-46-04-224_GX999PB-FRA.jpg,GX-999-PB,GX-999-PB,0.9994,1,1,GX999PB,GX999PB
2025-07-26_11-06-02-375_BK267JG-FRA.jpg,BK-267-JG,BK-267-JG,1.0000,1,1,BK267JG,BK267JG
2025-07-26_16-03-42-271_GS570WJ-FRA.jpg,GS-570-WJ,GS-570-WJ,0.9613,1,1,GS570WJ,GS570WJ
2025-07-26_18-03-38-612_GL768YQ-FRA.jpg,GL-768-YQ,GL-768-YQ,1.0000,1,1,GL768YQ,GL768YQ
2025-07-26_17-58-53-946_GD757GB-FRA.jpg,GD-757-GB,GD-757-GB,1.0000,1,1,GD757GB,GD757GB
2025-07-26_12-47-14-803_GA035AA-FRA.jpg,GA-035-AA,GA-035-AA,1.0000,1,1,GA035AA,GA035AA
2025-07-26_16-22-34-367_FV922YR-FRA.jpg,FV-922-YR,FV-922-YR,1.0000,1,1,FV922YR,FV922YR
2025-07-26_12-02-49-982_DQ420JR-FRA.jpg,DQ420JR,DQ420JR,0.9992,1,1,DQ420JR,DQ420JR
2025-07-26_11-04-46-769_DC077NH-FRA.jpg,DC-077-NH,DC-077-NH,0.9793,1,1,DC077NH,DC077NH
2025-07-26_18-14-45-064_ET534EB-FRA.jpg,ET-534-EB,ET-534-EB,0.9507,1,1,ET534EB,ET534EB
2025-07-26_11-06-29-284_GP081QJ-FRA.jpg,GP-081-QJ,GP-081-QJ,0.9999,1,1,GP081QJ,GP081QJ
2025-07-26_09-45-54-979_BT758JH-FRA.jpg,BT-758-JH,BT-758-JH,0.9862,1,1,BT758JH,BT758JH
2025-07-26_10-05-42-036_FR519YT-FRA.jpg,FR-519-YT,FR-519-YT,0.9999,1,1,FR519YT,FR519YT
2025-07-26_10-17-24-375_FR501GV-FRA.jpg,FR-501-GV,FR-501-GV,0.9792,1,1,FR501GV,FR501GV
2025-07-26_12-38-20-166_FW936EB-FRA.jpg,FW-936-EB,FW-936-EB,0.9982,1,1,FW936EB,FW936EB
2025-07-26_12-43-46-568_FK351WP-FRA.jpg,FK-351-WP,FK-351-WP,1.0000,1,1,FK351WP,FK351WP
2025-07-26_10-40-56-109_AP581CL-FRA.jpg,AP-581-CL,AP-581-CL,1.0000,1,1,AP581CL,AP581CL
2025-07-26_12-47-30-932_AS677SA-FRA.jpg,AS-677-SA,AS-677-SA,0.9999,1,1,AS677SA,AS677SA
2025-07-26_10-45-27-448_AF347ZT-FRA.jpg,AF-347-ZT,AF-347-ZT,1.0000,1,1,AF347ZT,AF347ZT
2025-07-26_10-04-49-719_CG153XJ-FRA.jpg,CG-153-XJ,CG-153-XJ,1.0000,1,1,CG153XJ,CG153XJ
2025-07-26_12-18-53-651_DD677FR-FRA.jpg,DD-677-FR,DD-677-FR,0.9901,1,1,DD677FR,DD677FR
2025-07-26_10-20-30-215_CQ629CL-FRA.jpg,.CQ-629-CL,.CQ-629-CL,0.9474,1,1,CQ629CL,CQ629CL
2025-07-26_11-26-51-532_ED462PW-FRA.jpg,ED-462-PW,ED-462-PW,1.0000,1,1,ED462PW,ED462PW
2025-07-26_13-11-15-859_CG632HL-FRA.jpg,CG-632-HL,CG-632-HL,0.9988,1,1,CG632HL,CG632HL
2025-07-26_14-14-06-429_CZ378VJ-FRA.jpg,CZ-378-VJ,CZ-378-VJ,0.9958,1,1,CZ378VJ,CZ378VJ
2025-07-26_10-14-04-746_CD199LA-FRA.jpg,CD-199-LA,CD-199-LA,0.9999,1,1,CD199LA,CD199LA
2025-07-26_11-16-21-831_EQ447SJ-FRA.jpg,EQ-447-SJ,EQ-447-SJ,0.9999,1,1,EQ447SJ,EQ447SJ
2025-07-26_11-45-40-360_AJ263NZ-FRA.jpg,.AJ-263-NZ.,.AJ-263-NZ.,0.9991,1,1,AJ263NZ,AJ263NZ
2025-07-26_12-38-43-481_GW126VM-FRA.jpg,GW-126-VM,GW-126-VM,0.9928,1,1,GW126VM,GW126VM
2025-07-26_11-42-39-818_GK211ZJ-FRA.jpg,GK-211-ZJ,GK-211-ZJ,0.9806,1,1,GK211ZJ,GK211ZJ
2025-07-26_16-16-38-754_EF970AH-FRA.jpg,EF-970-AH,EF-970-AH,0.9999,1,1,EF970AH,EF970AH
2025-07-26_12-25-56-313_ES401ZK-FRA.jpg,ES-401-ZK.,ES-401-ZK.,0.9506,1,1,ES401ZK,ES401ZK
2025-07-26_11-44-10-679_CQ175RH-FRA.jpg,CQ-175-RH,CQ-175-RH,1.0000,1,1,CQ175RH,CQ175RH
2025-07-26_10-48-05-927_CP503FN-FRA.jpg,CP-503-FN,CP-503-FN,0.9651,1,1,CP503FN,CP503FN
2025-07-26_17-59-02-822_GT483MM-FRA.jpg,GT-483-MM.,GT-483-MM.,0.9983,1,1,GT483MM,GT483MM
2025-07-26_10-29-43-160_GA036CM-FRA.jpg,GA-036-CM,GA-036-CM,1.0000,1,1,GA036CM,GA036CM
2025-07-26_12-37-57-568_BF956MX-FRA.jpg,BF956.MX,BF956.MX,1.0000,1,1,BF956MX,BF956MX
2025-07-26_10-50-37-687_BG200HE-FRA.jpg,BG-200-HE,BG-200-HE,0.9983,1,1,BG200HE,BG200HE
2025-07-26_12-17-21-889_FX758NJ-FRA.jpg,FX-758-NJ,FX-758-NJ,0.9939,1,1,FX758NJ,FX758NJ
2025-07-26_12-38-32-422_DJ715JP-FRA.jpg,DJ-715-JP,DJ-715-JP,0.9999,1,1,DJ715JP,DJ715JP
2025-07-26_17-22-19-670_WW205BG-FRA.jpg,WW-205-BG,WW-205-BG,1.0000,1,1,WW205BG,WW205BG
2025-07-26_11-22-00-693_DW478RV-FRA.jpg,DW-478-RV,DW-478-RV,1.0000,1,1,DW478RV,DW478RV
2025-07-26_09-29-26-272_HC048ZF-FRA.jpg,HC048ZF,HC048ZF,0.9678,1,1,HC048ZF,HC048ZF
2025-07-26_10-59-36-042_FH614XS-FRA.jpg,FH-614XS,FH-614XS,1.0000,1,1,FH614XS,FH614XS
2025-07-26_12-37-41-973_HB467GN-FRA.jpg,HB-467-GN,HB-467-GN,0.9972,1,1,HB467GN,HB467GN
2025-07-26_14-23-25-377_FR882DT-FRA.jpg,FR-882-DT.,FR-882-DT.,0.9683,1,1,FR882DT,FR882DT
2025-07-26_09-36-42-959_DV401AL-FRA.jpg,DV-401-AL,DV-401-AL,0.9990,1,1,DV401AL,DV401AL
2025-07-26_14-21-36-350_GR844FW-FRA.jpg,GR-844-FW,GR-844-FW,0.9459,1,1,GR844FW,GR844FW
2025-07-26_12-10-26-535_FD481XL-FRA.jpg,FD-481-XL,FD-481-XL,0.9630,1,1,FD481XL,FD481XL
2025-07-26_12-57-41-718_BM714AA-FRA.jpg,BM-714-AA,BM-714-AA,0.9999,1,1,BM714AA,BM714AA
2025-07-26_11-33-28-956_FT274KJ-FRA.jpg,FT-274-KJ,FT-274-KJ,1.0000,1,1,FT274KJ,FT274KJ
2025-07-26_18-24-54-742_WW954ZF-FRA.jpg,WW-954-ZF,WW-954-ZF,1.0000,1,1,WW954ZF,WW954ZF
2025-07-26_12-21-21-102_CD209TA-FRA.jpg,CD-209-TA,CD-209-TA,0.9977,1,1,CD209TA,CD209TA
2025-07-26_12-48-52-716_GB345QN-FRA.jpg,GB-345-QN,GB-345-QN,0.9589,1,1,GB345QN,GB345QN
2025-07-26_09-26-38-795_CT466PX-FRA.jpg,CT-466-PX,CT-466-PX,0.9998,1,1,CT466PX,CT466PX
2025-07-26_12-28-21-041_EG239GE-FRA.jpg,EG239GE,EG239GE,1.0000,1,1,EG239GE,EG239GE
2025-07-26_13-08-43-980_DC534XR-FRA.jpg,DC-534-XR,DC-534-XR,0.9998,1,1,DC534XR,DC534XR
2025-07-26_11-45-56-553_FG058PW-FRA.jpg,FG-058-PW,FG-058-PW,0.9995,1,1,FG058PW,FG058PW
2025-07-26_12-43-44-408_GT428MR-FRA.jpg,GT-428-MR,GT-428-MR,0.9570,1,1,GT428MR,GT428MR
2025-07-26_16-29-20-528_EM962HA-FRA.jpg,EM-962-HA,EM-962-HA,1.0000,1,1,EM962HA,EM962HA
2025-07-26_10-07-04-749_CK958SW-FRA.jpg,CK-958-SW,CK-958-SW,1.0000,1,1,CK958SW,CK958SW
2025-07-26_11-06-40-973_AP993KZ-FRA.jpg,AP-993-KZ,AP-993-KZ,0.9999,1,1,AP993KZ,AP993KZ
2025-07-26_10-48-19-296_DX513HF-FRA.jpg,DX-513-HF,DX-513-HF,1.0000,1,1,DX513HF,DX513HF
2025-07-26_12-23-13-535_GC343DE-FRA.jpg,GC-343-DE,GC-343-DE,0.9987,1,1,GC343DE,GC343DE
2025-07-26_13-11-02-879_FY049GK-FRA.jpg,FY-049-GK,FY-049-GK,0.9998,1,1,FY049GK,FY049GK
2025-07-26_13-50-42-412_AF404SG-FRA.jpg,AF-404-SG,AF-404-SG,0.9920,1,1,AF404SG,AF404SG
2025-07-26_12-09-26-273_DT039CW-FRA.jpg,DT-039-CW,DT-039-CW,0.9999,1,1,DT039CW,DT039CW
2025-07-26_09-31-52-546_FJ355JX-FRA.jpg,FJ355-JX,FJ355-JX,0.9994,1,1,FJ355JX,FJ355JX
2025-07-26_16-45-34-599_EE846NG-FRA.jpg,EE-846-NG,EE-846-NG,0.9995,1,1,EE846NG,EE846NG
2025-07-26_14-21-54-448_BJ979BT-FRA.jpg,BJ-979-BT,BJ-979-BT,1.0000,1,1,BJ979BT,BJ979BT
2025-07-26_13-24-15-017_FJ418KF-FRA.jpg,FJ-418-KF,FJ-418-KF,1.0000,1,1,FJ418KF,FJ418KF
2025-07-26_12-39-28-761_DL931DF-FRA.jpg,DL-931-DF.,DL-931-DF.,1.0000,1,1,DL931DF,DL931DF
2025-07-26_14-07-11-699_GW654ZY-FRA.jpg,GW-654-ZY,GW-654-ZY,1.0000,1,1,GW654ZY,GW654ZY
2025-07-26_12-11-07-116_DM755EZ-FRA.jpg,DM-755EZ,DM-755EZ,0.9934,1,1,DM755EZ,DM755EZ
2025-07-26_15-40-00-997_DR061SY-FRA.jpg,DR-061-SY,DR-061-SY,0.9993,1,1,DR061SY,DR061SY
2025-07-26_11-30-23-034_GQ923RM-FRA.jpg,GQ-923-RM,GQ-923-RM,0.9483,1,1,GQ923RM,GQ923RM
2025-07-26_09-29-14-230_BF666EE-FRA.jpg,BF-666-EE,BF-666-EE,0.9911,1,1,BF666EE,BF666EE
2025-07-26_10-34-16-454_AH195WC-FRA.jpg,AH-195-WC,AH-195-WC,0.9979,1,1,AH195WC,AH195WC
2025-07-26_10-29-45-178_FC488CC-FRA.jpg,FC-488-CC,FC-488-CC,0.9999,1,1,FC488CC,FC488CC
2025-07-26_12-10-26-285_AN591RK-FRA.jpg,AN-591-RK,AN-591-RK,0.9998,1,1,AN591RK,AN591RK
2025-07-26_09-26-38-031_GP143NS-FRA.jpg,GP-143-NS.,GP-143-NS.,0.9977,1,1,GP143NS,GP143NS
2025-07-26_16-29-28-213_GW555YG-FRA.jpg,GW-555-YG,GW-555-YG,0.9794,1,1,GW555YG,GW555YG
2025-07-26_18-03-39-991_EF565PD-FRA.jpg,EF-565-PD,EF-565-PD,0.9997,1,1,EF565PD,EF565PD
2025-07-26_14-08-38-066_AY155QA-FRA.jpg,AY-155-QA,AY-155-QA,0.9869,1,1,AY155QA,AY155QA
2025-07-26_13-56-03-807_FJ479BR-FRA.jpg,.FJ-479-BR.,.FJ-479-BR.,0.9999,1,1,FJ479BR,FJ479BR
2025-07-26_15-06-36-804_FE189PR-FRA.jpg,FE-189-PR,FE-189-PR,0.9937,1,1,FE189PR,FE189PR
2025-07-26_16-10-27-849_BS022FB-FRA.jpg,BS-022-FB,BS-022-FB,0.9697,1,1,BS022FB,BS022FB
2025-07-26_13-51-11-569_DR507KW-FRA.jpg,DR-507-KW,DR-507-KW,0.9509,1,1,DR507KW,DR507KW
2025-07-26_13-53-33-794_GV095ZR-FRA.jpg,GV-095-ZR,GV-095-ZR,0.9817,1,1,GV095ZR,GV095ZR
2025-07-26_13-17-03-242_AM116ED-FRA.jpg,AM-116-ED,AM-116-ED,1.0000,1,1,AM116ED,AM116ED
2025-07-26_12-42-00-568_FS241VT-FRA.jpg,FS-241-VT.,FS-241-VT.,1.0000,1,1,FS241VT,FS241VT
2025-07-26_12-15-50-674_CN538ST-FRA.jpg,CN-538-ST,CN-538-ST,0.9448,1,1,CN538ST,CN538ST
2025-07-26_10-41-50-575_DP558WC-FRA.jpg,DP-558-WC,DP-558-WC,1.0000,1,1,DP558WC,DP558WC
2025-07-26_11-49-00-022_GL447ZC-FRA.jpg,GL-447-ZC,GL-447-ZC,0.9668,1,1,GL447ZC,GL447ZC
2025-07-26_12-05-43-737_DR995VR-FRA.jpg,DR-995-VR,DR-995-VR,0.9905,1,1,DR995VR,DR995VR
2025-07-26_13-18-51-402_FR870TM-FRA.jpg,FR-870-TM,FR-870-TM,1.0000,1,1,FR870TM,FR870TM
2025-07-26_11-45-28-321_GY088MK-FRA.jpg,GY-088-MK,GY-088-MK,0.9896,1,1,GY088MK,GY088MK
2025-07-26_12-02-41-962_GW106QB-FRA.jpg,GW-106-QB,GW-106-QB,1.0000,1,1,GW106QB,GW106QB
2025-07-26_10-42-54-731_HC733ZT-FRA.jpg,HC-733-ZT.,HC-733-ZT.,0.9986,1,1,HC733ZT,HC733ZT
2025-07-26_09-59-23-816_CC074HV-FRA.jpg,CC-074-HV,CC-074-HV,1.0000,1,1,CC074HV,CC074HV
2025-07-26_17-31-09-316_CR826SD-FRA.jpg,CR-826-SD,CR-826-SD,0.9997,1,1,CR826SD,CR826SD
2025-07-26_12-54-25-329_DS915ZK-ITA.jpg,DS-915-ZK,DS-915-ZK,0.9928,1,1,DS915ZK,DS915ZK
2025-07-26_09-56-53-587_FE153QG-FRA.jpg,FE-153-QG,FE-153-QG,1.0000,1,1,FE153QG,FE153QG
2025-07-26_09-03-34-446_EK407PX-FRA.jpg,EK-407-PX,EK-407-PX,0.9951,1,1,EK407PX,EK407PX
2025-07-26_12-25-52-385_DS301RN-FRA.jpg,DS-301-RN,DS-301-RN,0.9998,1,1,DS301RN,DS301RN
2025-07-26_16-39-33-191_EA677WR-FRA.jpg,EA-677-WR,EA-677-WR,0.9999,1,1,EA677WR,EA677WR
2025-07-26_14-54-57-839_BH918RL-FRA.jpg,BH-918-RL,BH-918-RL,1.0000,1,1,BH918RL,BH918RL
2025-07-26_12-52-56-665_GQ706HJ-FRA.jpg,GQ-706-HJ,GQ-706-HJ,0.9845,1,1,GQ706HJ,GQ706HJ
2025-07-26_09-51-44-631_HA958GE-FRA.jpg,HA-958-GE.,HA-958-GE.,0.9998,1,1,HA958GE,HA958GE
2025-07-26_11-31-53-655_AX046EX-FRA.jpg,AX-046-EX,AX-046-EX,1.0000,1,1,AX046EX,AX046EX
2025-07-26_11-52-00-346_GX592NN-FRA.jpg,GX592NN,GX592NN,1.0000,1,1,GX592NN,GX592NN
2025-07-26_09-22-06-854_HE733AK-FRA.jpg,HE-733-AK,HE-733-AK,0.9972,1,1,HE733AK,HE733AK
2025-07-26_10-52-30-050_EX116ER-FRA.jpg,EX-116-ER,EX-116-ER,0.9915,1,1,EX116ER,EX116ER
2025-07-26_10-19-28-948_GH273BQ-FRA.jpg,GH-273-BQ,GH-273-BQ,1.0000,1,1,GH273BQ,GH273BQ
2025-07-26_10-31-23-277_GF285JS-FRA.jpg,GF-285-JS,GF-285-JS,0.9990,1,1,GF285JS,GF285JS
2025-07-26_09-27-05-711_AZ793KZ-FRA.jpg,AZ-793-KZ,AZ-793-KZ,1.0000,1,1,AZ793KZ,AZ793KZ
2025-07-26_10-02-03-776_BJ367EV-FRA.jpg,BJ-367-EV,BJ-367-EV,0.9871,1,1,BJ367EV,BJ367EV
2025-07-26_12-15-26-254_CL939AJ-FRA.jpg,CL-939-AJ,CL-939-AJ,0.9845,1,1,CL939AJ,CL939AJ
2025-07-26_11-04-33-649_DK578WR-FRA.jpg,DK-578-WR,DK-578-WR,0.9982,1,1,DK578WR,DK578WR
2025-07-26_11-23-12-990_EA396AG-FRA.jpg,EA-396-AG,EA-396-AG,0.9610,1,1,EA396AG,EA396AG
2025-07-26_10-14-17-034_AC696EM-FRA.jpg,AC-696-EM,AC-696-EM,0.9997,1,1,AC696EM,AC696EM
2025-07-26_17-53-15-254_HB740DR-FRA.jpg,HB-740-DR,HB-740-DR,0.9993,1,1,HB740DR,HB740DR
2025-07-26_12-41-49-156_AP109QR-FRA.jpg,AP-109-QR,AP-109-QR,1.0000,1,1,AP109QR,AP109QR
2025-07-26_09-04-17-726_GX404NV-FRA.jpg,GX-404-NV,GX-404-NV,0.9866,1,1,GX404NV,GX404NV
2025-07-26_13-36-35-526_GJ583AD-FRA.jpg,.GJ-583-AD,.GJ-583-AD,1.0000,1,1,GJ583AD,GJ583AD
2025-07-26_12-30-47-860_GK104ZB-FRA.jpg,GK-104-ZB,GK-104-ZB,0.9988,1,1,GK104ZB,GK104ZB
2025-07-26_16-16-28-473_FF890DF-FRA.jpg,FF-890-DF,FF-890-DF,1.0000,1,1,FF890DF,FF890DF
2025-07-26_14-07-30-881_BN650ZB-FRA.jpg,BN.650.ZB,BN.650.ZB,0.9999,1,1,BN650ZB,BN650ZB
2025-07-26_09-51-18-958_DC464WC-FRA.jpg,DC-464-WC,DC-464-WC,0.9822,1,1,DC464WC,DC464WC
2025-07-26_13-18-52-957_FR870TM-FRA.jpg,FR-870-TM,FR-870-TM,0.9900,1,1,FR870TM,FR870TM
2025-07-26_18-10-38-999_FC798JY-FRA.jpg,FC-798-JY,FC-798-JY,1.0000,1,1,FC798JY,FC798JY
2025-07-26_13-14-48-730_HB146MZ-FRA.jpg,HB-146-MZ,HB-146-MZ,0.9999,1,1,HB146MZ,HB146MZ
2025-07-26_12-58-08-271_DY516AJ-FRA.jpg,DY-516-AJ,DY-516-AJ,0.9991,1,1,DY516AJ,DY516AJ
2025-07-26_09-22-46-068_GA669HJ-FRA.jpg,GA-669-HJ.,GA-669-HJ.,0.9988,1,1,GA669HJ,GA669HJ
2025-07-26_12-21-26-872_CK566BV-FRA.jpg,CK-566-BV,CK-566-BV,0.9973,1,1,CK566BV,CK566BV
2025-07-26_14-26-48-352_AM777MP-FRA.jpg,AM-777-MP,AM-777-MP,0.9986,1,1,AM777MP,AM777MP
2025-07-26_13-25-37-782_BA888BF-FRA.jpg,.BA-888-BF,.BA-888-BF,0.9829,1,1,BA888BF,BA888BF
2025-07-26_10-50-35-205_FS610TZ-FRA.jpg,FS-610-TZ,FS-610-TZ,0.9861,1,1,FS610TZ,FS610TZ
2025-07-26_12-10-18-124_AP048SM-FRA.jpg,AP-048-SM,AP-048-SM,0.9995,1,1,AP048SM,AP048SM
2025-07-26_11-10-32-030_WW487AD-FRA.jpg,WW-487-AD,WW-487-AD,1.0000,1,1,WW487AD,WW487AD
2025-07-26_12-10-16-372_GW928EN-FRA.jpg,GW-928-EN.,GW-928-EN.,0.9945,1,1,GW928EN,GW928EN
2025-07-26_14-59-14-655_CN467EQ-FRA.jpg,CN-467-EQ,CN-467-EQ,0.9624,1,1,CN467EQ,CN467EQ
2025-07-26_12-31-13-490_GA952VA-FRA.jpg,.GA-952-VA,.GA-952-VA,0.9999,1,1,GA952VA,GA952VA
2025-07-26_16-53-52-485_FB035MH-FRA.jpg,FB035MH,FB035MH,0.9999,1,1,FB035MH,FB035MH
2025-07-26_10-30-13-280_BJ496TP-FRA.jpg,BJ-496-TP,BJ-496-TP,0.9999,1,1,BJ496TP,BJ496TP
2025-07-26_10-23-18-631_AY332FX-FRA.jpg,AY-332-FX.,AY-332-FX.,1.0000,1,1,AY332FX,AY332FX
2025-07-26_13-06-34-339_FR323SR-FRA.jpg,FR-323-SR,FR-323-SR,0.9998,1,1,FR323SR,FR323SR
2025-07-26_15-30-04-366_GZ829EG-FRA.jpg,GZ-829-EG,GZ-829-EG,0.9986,1,1,GZ829EG,GZ829EG
2025-07-26_14-43-08-734_220BWP06-FRA.jpg,220BWP06,220BWP06,0.9984,1,1,220BWP06,220BWP06
2025-07-26_17-48-53-707_GY232KV-FRA.jpg,GY-232-KV,GY-232-KV,0.9773,1,1,GY232KV,GY232KV
2025-07-26_16-15-42-604_AH952YC-FRA.jpg,AH-952-YC,AH-952-YC,0.9989,1,1,AH952YC,AH952YC
2025-07-26_13-13-01-812_AD470CA-FRA.jpg,AD-470-CA,AD-470-CA,1.0000,1,1,AD470CA,AD470CA
2025-07-26_10-21-36-029_FB821TV-FRA.jpg,FB-821-TV,FB-821-TV,1.0000,1,1,FB821TV,FB821TV
2025-07-26_10-24-54-642_HD623KE-FRA.jpg,HD-623-KE,HD-623-KE,0.9995,1,1,HD623KE,HD623KE
2025-07-26_14-24-07-090_GX127ME-FRA.jpg,GX-127-ME,GX-127-ME,0.9489,1,1,GX127ME,GX127ME
2025-07-26_10-28-50-140_CT475LS-FRA.jpg,C-T-475-LS,C-T-475-LS,0.9795,1,1,CT475LS,CT475LS
2025-07-26_10-19-07-828_DG642FE-FRA.jpg,DG-642-FE,DG-642-FE,0.9999,1,1,DG642FE,DG642FE
2025-07-26_09-57-08-003_BA705VR-FRA.jpg,BA-705-VR,BA-705-VR,0.9985,1,1,BA705VR,BA705VR
2025-07-26_11-45-51-023_AG678LR-FRA.jpg,AG-678-LR,AG-678-LR,0.9994,1,1,AG678LR,AG678LR
2025-07-26_12-42-32-375_AA624AX-FRA.jpg,AA-624-AX,AA-624-AX,1.0000,1,1,AA624AX,AA624AX
2025-07-26_11-47-53-522_CF646DC-FRA.jpg,CF-646-DC,CF-646-DC,0.9665,1,1,CF646DC,CF646DC
2025-07-26_11-26-08-165_GZ740XA-FRA.jpg,GZ-740-XA,GZ-740-XA,0.9841,1,1,GZ740XA,GZ740XA
2025-07-26_09-38-17-604_BW788LS-FRA.jpg,BW-788-LS,BW-788-LS,0.9999,1,1,BW788LS,BW788LS
2025-07-26_10-01-07-244_BW114GN-FRA.jpg,BW-114-GN,BW-114-GN,0.9960,1,1,BW114GN,BW114GN
2025-07-26_12-26-56-858_DD992YJ-FRA.jpg,DD-992-YJ,DD-992-YJ,0.9997,1,1,DD992YJ,DD992YJ
2025-07-26_10-34-07-117_AE215VA-FRA.jpg,AE-215-VA,AE-215-VA,0.9998,1,1,AE215VA,AE215VA
2025-07-26_13-25-48-987_FF721XK-FRA.jpg,FF-721-XK,FF-721-XK,1.0000,1,1,FF721XK,FF721XK
2025-07-26_12-55-32-996_BJ584EZ-FRA.jpg,BJ-584-EZ,BJ-584-EZ,0.9999,1,1,BJ584EZ,BJ584EZ
2025-07-26_13-08-10-913_AK100QE-FRA.jpg,AK-100-QE.,AK-100-QE.,0.9483,1,1,AK100QE,AK100QE
2025-07-26_12-24-39-418_DM568VA-FRA.jpg,DM-568-VA.,DM-568-VA.,0.9993,1,1,DM568VA,DM568VA
2025-07-26_11-16-23-837_AD442AA-FRA.jpg,AD-442-AA,AD-442-AA,1.0000,1,1,AD442AA,AD442AA
2025-07-26_11-41-27-497_ED898XF-FRA.jpg,ED-898-XF,ED-898-XF,0.9905,1,1,ED898XF,ED898XF
2025-07-26_10-55-36-374_HD626XZ-FRA.jpg,HD-626-XZ,HD-626-XZ,1.0000,1,1,HD626XZ,HD626XZ
2025-07-26_14-45-07-988_BZ845PB-FRA.jpg,BZ-845-PB,BZ-845-PB,0.9999,1,1,BZ845PB,BZ845PB
2025-07-26_09-41-24-504_FX712DS-FRA.jpg,FX-712-DS,FX-712-DS,0.9989,1,1,FX712DS,FX712DS
2025-07-26_10-59-44-873_FG653TM-FRA.jpg,FG-653-TM,FG-653-TM,0.9998,1,1,FG653TM,FG653TM
2025-07-26_10-18-12-349_DS151BH-FRA.jpg,DS-151-BH,DS-151-BH,0.9637,1,1,DS151BH,DS151BH
2025-07-26_13-37-33-383_EN956TJ-FRA.jpg,EN-956-TJ,EN-956-TJ,0.9997,1,1,EN956TJ,EN956TJ
2025-07-26_13-25-42-447_DH681AM-FRA.jpg,DH-681-AM,DH-681-AM,0.9953,1,1,DH681AM,DH681AM
2025-07-26_17-56-53-877_FN490AA-FRA.jpg,FN-490-AA,FN-490-AA,0.9549,1,1,FN490AA,FN490AA
2025-07-26_15-20-39-267_ED558EK-FRA.jpg,ED-558-EK.,ED-558-EK.,0.9848,1,1,ED558EK,ED558EK
2025-07-26_10-34-09-314_FS681XV-FRA.jpg,FS-681-XV,FS-681-XV,0.9652,1,1,FS681XV,FS681XV
2025-07-26_13-38-20-890_BE169TT-FRA.jpg,BE-169-TT,BE-169-TT,1.0000,1,1,BE169TT,BE169TT
2025-07-26_13-32-37-969_AB972EN-FRA.jpg,AB-972-EN,AB-972-EN,0.9749,1,1,AB972EN,AB972EN
2025-07-26_10-28-06-267_CH462HC-FRA.jpg,CH-462-HC,CH-462-HC,0.9874,1,1,CH462HC,CH462HC
2025-07-26_12-36-45-391_BV011BQ-FRA.jpg,BV-011-BQ,BV-011-BQ,0.9999,1,1,BV011BQ,BV011BQ
2025-07-26_12-12-05-886_BQ419JM-FRA.jpg,BQ-419-JM,BQ-419-JM,0.9998,1,1,BQ419JM,BQ419JM
2025-07-26_11-06-57-507_HB565CM-FRA.jpg,HB.565.CM,HB.565.CM,0.9965,1,1,HB565CM,HB565CM
2025-07-26_10-06-47-308_DJ889CG-FRA.jpg,D-J-889-CG,D-J-889-CG,0.9991,1,1,DJ889CG,DJ889CG
2025-07-26_12-04-52-920_EV550XJ-ITA.jpg,EV-550-XJ,EV-550-XJ,0.9968,1,1,EV550XJ,EV550XJ
2025-07-26_09-27-57-166_WW567BG-FRA.jpg,WW-567-BG,WW-567-BG,0.9865,1,1,WW567BG,WW567BG
2025-07-26_09-17-56-937_DL091HK-FRA.jpg,DL-091-HK,DL-091-HK,1.0000,1,1,DL091HK,DL091HK
2025-07-26_13-11-59-935_FC111BG-FRA.jpg,FC-111-BG,FC-111-BG,0.9999,1,1,FC111BG,FC111BG
2025-07-26_14-38-16-990_GP784XQ-FRA.jpg,GP-784-XQ,GP-784-XQ,0.9982,1,1,GP784XQ,GP784XQ
2025-07-26_13-04-01-054_FM633SY-FRA.jpg,FM-633-SY,FM-633-SY,0.9758,1,1,FM633SY,FM633SY
2025-07-26_09-44-40-739_AA974ZR-FRA.jpg,AA-974-ZR,AA-974-ZR,1.0000,1,1,AA974ZR,AA974ZR
2025-07-26_17-20-07-252_FQ186QH-FRA.jpg,FQ.186.QH,FQ.186.QH,0.9998,1,1,FQ186QH,FQ186QH
2025-07-26_11-17-32-421_EJ462WL-FRA.jpg,EJ-462-WL,EJ-462-WL,0.9999,1,1,EJ462WL,EJ462WL
2025-07-26_12-36-13-919_EA134PD-FRA.jpg,EA-134-PD,EA-134-PD,0.9989,1,1,EA134PD,EA134PD
2025-07-26_09-41-40-589_GJ073JL-FRA.jpg,GJ-073-JL,GJ-073-JL,1.0000,1,1,GJ073JL,GJ073JL
2025-07-26_13-12-34-746_AE663VM-FRA.jpg,AE-663-VM,AE-663-VM,0.9990,1,1,AE663VM,AE663VM
2025-07-26_11-06-16-733_GM323CS-FRA.jpg,GM-323-CS,GM-323-CS,0.9659,1,1,GM323CS,GM323CS
2025-07-26_13-48-00-143_AD857FQ-FRA.jpg,AD-857-FQ,AD-857-FQ,0.9458,1,1,AD857FQ,AD857FQ
2025-07-26_09-54-42-683_GA100FB-FRA.jpg,GA-100-FB,GA-100-FB,1.0000,1,1,GA100FB,GA100FB
2025-07-26_16-13-28-328_350BAN44-FRA.jpg,350BAN44,350BAN44,0.9867,1,1,350BAN44,350BAN44
2025-07-26_10-15-07-669_AP762WH-FRA.jpg,AP-762-WH,AP-762-WH,1.0000,1,1,AP762WH,AP762WH
2025-07-26_13-25-37-925_FB751GF-FRA.jpg,FB-751-GF,FB-751-GF,0.9982,1,1,FB751GF,FB751GF
2025-07-26_10-58-00-682_EL683BV-FRA.jpg,EL-683-BV,EL-683-BV,0.9998,1,1,EL683BV,EL683BV
2025-07-26_12-01-17-515_AB141KW-FRA.jpg,AB-141-KW,AB-141-KW,1.0000,1,1,AB141KW,AB141KW
2025-07-26_11-09-41-506_BQ713JC-FRA.jpg,BQ-713-JC,BQ-713-JC,1.0000,1,1,BQ713JC,BQ713JC
2025-07-26_12-41-09-136_ER961YV-FRA.jpg,ER-961-YV,ER-961-YV,0.9997,1,1,ER961YV,ER961YV
2025-07-26_11-20-54-698_DA533RK-FRA.jpg,DA-533-RK,DA-533-RK,1.0000,1,1,DA533RK,DA533RK
2025-07-26_12-16-39-514_GN271YB-FRA.jpg,GN-271-YB,GN-271-YB,1.0000,1,1,GN271YB,GN271YB
2025-07-26_11-10-19-959_GW928GZ-FRA.jpg,GW-928-GZ,GW-928-GZ,0.9975,1,1,GW928GZ,GW928GZ
2025-07-26_12-31-16-836_ER250NZ-FRA.jpg,ER-250-NZ,ER-250-NZ,0.9998,1,1,ER250NZ,ER250NZ
2025-07-26_11-15-41-666_CT701RQ-FRA.jpg,CT-701-RQ,CT-701-RQ,0.9999,1,1,CT701RQ,CT701RQ
2025-07-26_18-02-37-045_BV324QG-FRA.jpg,BV.324QG,BV.324QG,0.9651,1,1,BV324QG,BV324QG
2025-07-26_10-32-48-138_FY392KD-FRA.jpg,FY-392-KD,FY-392-KD,0.9667,1,1,FY392KD,FY392KD
2025-07-26_17-46-00-811_ER583ED-FRA.jpg,ER-583-ED,ER-583-ED,1.0000,1,1,ER583ED,ER583ED
2025-07-26_09-22-13-575_BX413VW-FRA.jpg,BX-413-VW,BX-413-VW,0.9855,1,1,BX413VW,BX413VW
2025-07-26_11-20-17-102_BL460SX-FRA.jpg,BL-460-SX,BL-460-SX,0.9781,1,1,BL460SX,BL460SX
2025-07-26_18-08-51-931_EV402EN-FRA.jpg,EV-402-EN,EV-402-EN,0.9836,1,1,EV402EN,EV402EN
2025-07-26_11-43-32-754_ED104DB-FRA.jpg,ED-104-DB,ED-104-DB,0.9938,1,1,ED104DB,ED104DB
2025-07-26_10-43-12-996_HD425LS-ITA.jpg,HD-425-LS,HD-425-LS,0.9978,1,1,HD425LS,HD425LS
2025-07-26_14-26-50-570_FW382YC-FRA.jpg,FW-382-YC,FW-382-YC,0.9990,1,1,FW382YC,FW382YC
2025-07-26_10-48-12-283_CV523XG-FRA.jpg,CV-523-XG,CV-523-XG,1.0000,1,1,CV523XG,CV523XG
2025-07-26_09-04-22-088_AD562VA-FRA.jpg,AD-562-VA,AD-562-VA,0.9745,1,1,AD562VA,AD562VA
2025-07-26_13-55-35-551_GF172EN-FRA.jpg,GF-172-EN,GF-172-EN,0.9891,1,1,GF172EN,GF172EN
2025-07-26_12-11-29-473_FV229NW-FRA.jpg,FV-229-NW,FV-229-NW,0.9704,1,1,FV229NW,FV229NW
2025-07-26_16-38-13-532_FE392CQ-FRA.jpg,FE-392-CQ,FE-392-CQ,0.9130,1,1,FE392CQ,FE392CQ
2025-07-26_11-56-36-820_CP216HA-FRA.jpg,CP-216-HA,CP-216-HA,1.0000,1,1,CP216HA,CP216HA
2025-07-26_10-07-34-906_CS106CK-FRA.jpg,CS-106-CK,CS-106-CK,1.0000,1,1,CS106CK,CS106CK
2025-07-26_12-13-04-468_BN782GZ-FRA.jpg,BN-782-GZ,BN-782-GZ,1.0000,1,1,BN782GZ,BN782GZ
2025-07-26_13-20-10-683_GL860KS-FRA.jpg,GL-860-KS,GL-860-KS,0.9999,1,1,GL860KS,GL860KS
2025-07-26_13-26-08-776_AN583XH-FRA.jpg,AN-583-XH,AN-583-XH,0.9998,1,1,AN583XH,AN583XH
2025-07-26_16-03-16-911_WW707CZ-FRA.jpg,WW-707-CZ,WW-707-CZ,0.9995,1,1,WW707CZ,WW707CZ
2025-07-26_10-14-47-365_FW755YG-FRA.jpg,FW-755-YG,FW-755-YG,0.9485,1,1,FW755YG,FW755YG
2025-07-26_09-55-13-743_DM556FJ-FRA.jpg,DM-556-FJ,DM-556-FJ,1.0000,1,1,DM556FJ,DM556FJ
2025-07-26_10-17-04-940_CM759AH-FRA.jpg,CM-759-AH,CM-759-AH,0.9999,1,1,CM759AH,CM759AH
2025-07-26_14-08-50-462_AV158YV-FRA.jpg,AV-158-YV,AV-158-YV,1.0000,1,1,AV158YV,AV158YV
2025-07-26_13-36-22-406_FC032VS-FRA.jpg,FC-032-VS,FC-032-VS,1.0000,1,1,FC032VS,FC032VS
2025-07-26_09-31-19-344_HC571FV-FRA.jpg,HC-571-FV.,HC-571-FV.,0.9964,1,1,HC571FV,HC571FV
2025-07-26_09-46-54-799_AP653HT-FRA.jpg,AP-653-HT,AP-653-HT,0.9999,1,1,AP653HT,AP653HT
2025-07-26_11-11-48-398_EH116JD-FRA.jpg,EH-116-JD,EH-116-JD,0.9580,1,1,EH116JD,EH116JD
2025-07-26_10-34-51-303_4250PW10-FRA.jpg,4250PW10,4250PW10,0.9999,1,1,4250PW10,4250PW10
2025-07-26_13-54-59-353_FY456CP-FRA.jpg,FY-456-CP,FY-456-CP,0.9999,1,1,FY456CP,FY456CP
2025-07-26_11-34-41-695_AZ202ZH-FRA.jpg,AZ-202-ZH,AZ-202-ZH,1.0000,1,1,AZ202ZH,AZ202ZH
2025-07-26_09-26-59-439_AG502JX-FRA.jpg,.AG-502-JX,.AG-502-JX,0.9999,1,1,AG502JX,AG502JX
2025-07-26_15-22-28-693_AV419RH-FRA.jpg,AV-419-RH,AV-419-RH,0.9635,1,1,AV419RH,AV419RH
2025-07-26_11-01-37-353_BS735XB-FRA.jpg,BS-735-XB,BS-735-XB,0.9986,1,1,BS735XB,BS735XB
2025-07-26_12-32-37-997_CM722CG-FRA.jpg,CM-722-CG.,CM-722-CG.,0.9998,1,1,CM722CG,CM722CG
2025-07-26_12-41-59-223_FS241VT-FRA.jpg,FS-241-VT,FS-241-VT,1.0000,1,1,FS241VT,FS241VT
2025-07-26_09-17-20-887_FE313HP-FRA.jpg,FE-313-HP.,FE-313-HP.,0.9770,1,1,FE313HP,FE313HP
2025-07-26_11-10-42-782_BN284HA-FRA.jpg,BN-284-HA,BN-284-HA,1.0000,1,1,BN284HA,BN284HA
2025-07-26_17-16-59-981_AT987GT-FRA.jpg,AT-987-GT,AT-987-GT,0.9891,1,1,AT987GT,AT987GT
2025-07-26_16-39-49-715_BQ585HM-FRA.jpg,.BQ-585-HM.,.BQ-585-HM.,0.9996,1,1,BQ585HM,BQ585HM
2025-07-26_12-26-03-825_BX162CQ-FRA.jpg,BX-162-CQ,BX-162-CQ,1.0000,1,1,BX162CQ,BX162CQ
2025-07-26_11-22-13-345_CW321CY-FRA.jpg,CW-321-CY,CW-321-CY,1.0000,1,1,CW321CY,CW321CY
2025-07-26_10-10-27-157_AC016CS-FRA.jpg,AC-016-CS,AC-016-CS,0.9858,1,1,AC016CS,AC016CS
2025-07-26_12-31-30-615_GH512JV-FRA.jpg,GH-512-JV,GH-512-JV,0.9718,1,1,GH512JV,GH512JV
2025-07-26_09-34-12-030_AK957BN-FRA.jpg,AK-957-BN,AK-957-BN,0.9486,1,1,AK957BN,AK957BN
2025-07-26_14-33-25-515_BF431NF-FRA.jpg,BF-431-NF,BF-431-NF,1.0000,1,1,BF431NF,BF431NF
2025-07-26_18-02-59-417_CP961VL-FRA.jpg,CP-961-VL.,CP-961-VL.,0.9979,1,1,CP961VL,CP961VL
2025-07-26_13-15-41-770_GF883FZ-FRA.jpg,GF-883-FZ,GF-883-FZ,0.9952,1,1,GF883FZ,GF883FZ
2025-07-26_14-18-29-540_FB523JH-FRA.jpg,FB-523-JH,FB-523-JH,0.9505,1,1,FB523JH,FB523JH
2025-07-26_10-07-06-748_DZ991PZ-FRA.jpg,DZ-991-PZ.,DZ-991-PZ.,1.0000,1,1,DZ991PZ,DZ991PZ
2025-07-26_12-37-31-173_EL825VW-FRA.jpg,EL-825-VW,EL-825-VW,1.0000,1,1,EL825VW,EL825VW
2025-07-26_10-49-31-783_DP164SA-FRA.jpg,DP-164-SA,DP-164-SA,1.0000,1,1,DP164SA,DP164SA
2025-07-26_12-39-31-061_FB787PY-FRA.jpg,.FB-787-PY.,.FB-787-PY.,0.9998,1,1,FB787PY,FB787PY
2025-07-26_09-02-38-586_AD222ZS-FRA.jpg,.AD-222-ZS.,.AD-222-ZS.,0.9547,1,1,AD222ZS,AD222ZS
2025-07-26_14-23-06-415_HB623ZS-FRA.jpg,HB-623-ZS,HB-623-ZS,0.9631,1,1,HB623ZS,HB623ZS
2025-07-26_14-30-17-535_DT696JV-FRA.jpg,DT-696-JV,DT-696-JV,0.9986,1,1,DT696JV,DT696JV
2025-07-26_10-07-48-696_GP911VZ-FRA.jpg,GP-911-VZ,GP-911-VZ,0.9999,1,1,GP911VZ,GP911VZ
2025-07-26_18-02-10-690_DK349MD-FRA.jpg,DK-349-MD,DK-349-MD,0.9937,1,1,DK349MD,DK349MD
2025-07-26_09-24-18-250_GF511SQ-FRA.jpg,GF-511-SQ,GF-511-SQ,0.9980,1,1,GF511SQ,GF511SQ
2025-07-26_18-03-27-972_HA816ZH-FRA.jpg,HA-816-ZH,HA-816-ZH,1.0000,1,1,HA816ZH,HA816ZH
2025-07-26_13-34-02-531_HE785FZ-FRA.jpg,HE-785-FZ,HE-785-FZ,0.9492,1,1,HE785FZ,HE785FZ
2025-07-26_12-44-25-069_BN474WR-FRA.jpg,BN-474-WR,BN-474-WR,0.9994,1,1,BN474WR,BN474WR
2025-07-26_16-48-13-122_GF976DG-FRA.jpg,.GF-976-DG.,.GF-976-DG.,0.9990,1,1,GF976DG,GF976DG
2025-07-26_14-33-47-473_EK668LE-FRA.jpg,EK-668-LE,EK-668-LE,0.9724,1,1,EK668LE,EK668LE
2025-07-26_09-03-52-045_GR461SC-FRA.jpg,GR.461-SC,GR.461-SC,0.9919,1,1,GR461SC,GR461SC
2025-07-26_09-56-57-083_EF128HE-FRA.jpg,EF-128-HE,EF-128-HE,0.9461,1,1,EF128HE,EF128HE
2025-07-26_14-32-08-173_GQ361BP-FRA.jpg,GQ-361-BP,GQ-361-BP,0.9978,1,1,GQ361BP,GQ361BP
2025-07-26_09-51-55-413_DP761XZ-FRA.jpg,DP-761-XZ,DP-761-XZ,0.9999,1,1,DP761XZ,DP761XZ
2025-07-26_12-02-45-909_CR504GF-FRA.jpg,CR-504-GF,CR-504-GF,0.9999,1,1,CR504GF,CR504GF
2025-07-26_12-23-56-778_AC324ZX-FRA.jpg,AC-324-ZX,AC-324-ZX,0.9998,1,1,AC324ZX,AC324ZX
2025-07-26_10-56-13-918_ET937TY-FRA.jpg,ET-937-TY,ET-937-TY,1.0000,1,1,ET937TY,ET937TY
2025-07-26_09-26-50-271_FS075JZ-FRA.jpg,FS-075-JZ.,FS-075-JZ.,0.9994,1,1,FS075JZ,FS075JZ
2025-07-26_11-47-55-662_HC030PW-FRA.jpg,HC-030-PW,HC-030-PW,0.9997,1,1,HC030PW,HC030PW
2025-07-26_13-00-15-209_FC067QL-FRA.jpg,FC-067-QL,FC-067-QL,0.9999,1,1,FC067QL,FC067QL
2025-07-26_10-08-57-833_BK462DB-FRA.jpg,BK-462-DB,BK-462-DB,0.9998,1,1,BK462DB,BK462DB
2025-07-26_11-39-19-256_FL033BA-FRA.jpg,FL.033.BA,FL.033.BA,0.9999,1,1,FL033BA,FL033BA
2025-07-26_11-06-20-177_GV023MT-FRA.jpg,GV-023-MT.,GV-023-MT.,0.9546,1,1,GV023MT,GV023MT
2025-07-26_10-33-58-481_GC142RK-FRA.jpg,.GC-142-RK.,.GC-142-RK.,0.9869,1,1,GC142RK,GC142RK
2025-07-26_18-02-57-194_GF346LL-FRA.jpg,GF-346-LL,GF-346-LL,0.9719,1,1,GF346LL,GF346LL
2025-07-26_14-13-45-131_HD083FH-FRA.jpg,HD-083-FH,HD-083-FH,0.9998,1,1,HD083FH,HD083FH
2025-07-26_12-15-58-609_HB794KM-FRA.jpg,HB-794-KM,HB-794-KM,0.9461,1,1,HB794KM,HB794KM
2025-07-26_13-25-35-901_FS453XM-FRA.jpg,FS-453-XM,FS-453-XM,0.9993,1,1,FS453XM,FS453XM
2025-07-26_15-00-48-073_FT742AT-FRA.jpg,FT-742-AT,FT-742-AT,0.9993,1,1,FT742AT,FT742AT
2025-07-26_13-33-40-488_GF784SX-FRA.jpg,GF-784-SX,GF-784-SX,1.0000,1,1,GF784SX,GF784SX
2025-07-26_11-55-07-055_AL680PD-FRA.jpg,AL-680-PD,AL-680-PD,0.9911,1,1,AL680PD,AL680PD
2025-07-26_10-55-15-967_BG081SQ-FRA.jpg,BG-081-SQ,BG-081-SQ,1.0000,1,1,BG081SQ,BG081SQ
2025-07-26_14-47-15-077_GM125ML-FRA.jpg,GM-125-ML.,GM-125-ML.,1.0000,1,1,GM125ML,GM125ML
2025-07-26_11-39-17-941_EF512PC-FRA.jpg,EF512PC,EF512PC,0.9155,1,1,EF512PC,EF512PC
2025-07-26_14-19-32-550_CL023DR-FRA.jpg,CL-023-DR,CL-023-DR,0.9999,1,1,CL023DR,CL023DR
2025-07-26_10-02-57-251_GK087QX-FRA.jpg,GK-087-QX,GK-087-QX,0.9997,1,1,GK087QX,GK087QX
2025-07-26_09-59-21-445_HA090EV-FRA.jpg,HA-090-EV,HA-090-EV,1.0000,1,1,HA090EV,HA090EV
2025-07-26_12-54-23-728_GE279EE-FRA.jpg,GE-279-EE,GE-279-EE,0.9997,1,1,GE279EE,GE279EE
2025-07-26_12-37-34-972_AX467RP-FRA.jpg,AX-467-RP,AX-467-RP,1.0000,1,1,AX467RP,AX467RP
2025-07-26_10-19-31-828_GN033LW-FRA.jpg,GN-033-LW,GN-033-LW,0.9906,1,1,GN033LW,GN033LW
2025-07-26_15-37-39-787_BA669QR-FRA.jpg,BA-669-QR,BA-669-QR,0.9992,1,1,BA669QR,BA669QR
2025-07-26_14-32-17-913_GC259SV-FRA.jpg,GC-259-SV,GC-259-SV,0.9553,1,1,GC259SV,GC259SV
2025-07-26_14-11-31-639_CP984GK-FRA.jpg,CP-984-GK,CP-984-GK,1.0000,1,1,CP984GK,CP984GK
2025-07-26_10-55-37-883_AA239FJ-FRA.jpg,AA-239-FJ,AA-239-FJ,1.0000,1,1,AA239FJ,AA239FJ
2025-07-26_16-09-33-671_CB310KR-FRA.jpg,CB-310-KR,CB-310-KR,0.9993,1,1,CB310KR,CB310KR
2025-07-26_10-42-31-836_AB048QF-FRA.jpg,AB-048-QF,AB-048-QF,0.9808,1,1,AB048QF,AB048QF
2025-07-26_11-05-17-485_DL988RL-FRA.jpg,DL-988-RL.,DL-988-RL.,0.9771,1,1,DL988RL,DL988RL
2025-07-26_10-15-20-583_DN357EQ-FRA.jpg,DN-357-EQ,DN-357-EQ,1.0000,1,1,DN357EQ,DN357EQ
2025-07-26_11-44-00-921_FV440PS-FRA.jpg,FV-440-PS,FV-440-PS,0.9994,1,1,FV440PS,FV440PS
2025-07-26_13-09-51-260_ER669RR-FRA.jpg,ER-669-RR,ER-669-RR,0.9998,1,1,ER669RR,ER669RR
2025-07-26_14-46-42-717_DD304BF-FRA.jpg,DD-304-BF,DD-304-BF,0.9999,1,1,DD304BF,DD304BF
2025-07-26_17-03-08-863_FR780AG-FRA.jpg,FR-780-AG,FR-780-AG,1.0000,1,1,FR780AG,FR780AG
2025-07-26_11-31-54-588_GJ806FM-FRA.jpg,GJ-806-FM,GJ-806-FM,1.0000,1,1,GJ806FM,GJ806FM
2025-07-26_09-05-36-755_AT141WG-FRA.jpg,AT-141-WG,AT-141-WG,0.9989,1,1,AT141WG,AT141WG
2025-07-26_09-24-09-498_CX834AW-FRA.jpg,CX-834-AW,CX-834-AW,0.9559,1,1,CX834AW,CX834AW
2025-07-26_11-00-37-167_DY198VD-FRA.jpg,DY-198-VD,DY-198-VD,0.9997,1,1,DY198VD,DY198VD
2025-07-26_11-41-05-157_EK407XF-FRA.jpg,EK-407-XF,EK-407-XF,1.0000,1,1,EK407XF,EK407XF
2025-07-26_10-52-06-867_FR691LS-FRA.jpg,FR-691-LS,FR-691-LS,1.0000,1,1,FR691LS,FR691LS
2025-07-26_18-14-05-717_AP884KQ-FRA.jpg,AP-884-KQ,AP-884-KQ,0.9887,1,1,AP884KQ,AP884KQ
2025-07-26_12-10-20-784_AB508FH-FRA.jpg,AB-508-FH,AB-508-FH,0.9733,1,1,AB508FH,AB508FH
2025-07-26_18-03-30-064_FS734AQ-FRA.jpg,FS-734-AQ,FS-734-AQ,0.9982,1,1,FS734AQ,FS734AQ
2025-07-26_18-03-12-458_BE780VN-FRA.jpg,BE-780-VN,BE-780-VN,0.9684,1,1,BE780VN,BE780VN
2025-07-26_16-16-01-077_HE361EV-FRA.jpg,HE-361-EV,HE-361-EV,1.0000,1,1,HE361EV,HE361EV
2025-07-26_10-42-22-723_DS515WF-FRA.jpg,DS-515-WF,DS-515-WF,0.9997,1,1,DS515WF,DS515WF
2025-07-26_10-32-28-878_AS608VD-FRA.jpg,AS-608-VD,AS-608-VD,1.0000,1,1,AS608VD,AS608VD
2025-07-26_09-41-26-823_FR613RN-FRA.jpg,FR-613-RN,FR-613-RN,0.9999,1,1,FR613RN,FR613RN
2025-07-26_14-35-23-573_GP128RM-FRA.jpg,GP-128-RM,GP-128-RM,0.9844,1,1,GP128RM,GP128RM
2025-07-26_16-38-38-020_AB923EV-FRA.jpg,AB-923-EV,AB-923-EV,1.0000,1,1,AB923EV,AB923EV
2025-07-26_12-50-25-751_GB444TW-FRA.jpg,GB-444-TW,GB-444-TW,0.9977,1,1,GB444TW,GB444TW
2025-07-26_11-06-43-857_BT893KD-FRA.jpg,BT-893-KD,BT-893-KD,1.0000,1,1,BT893KD,BT893KD
2025-07-26_14-46-52-635_CF600JH-FRA.jpg,CF-600-JH,CF-600-JH,0.9889,1,1,CF600JH,CF600JH
2025-07-26_12-33-59-257_AY099VW-FRA.jpg,AY-099-VW,AY-099-VW,0.9994,1,1,AY099VW,AY099VW
2025-07-26_12-37-53-252_HD797DL-FRA.jpg,HD-797-DL,HD-797-DL,0.9930,1,1,HD797DL,HD797DL
2025-07-26_12-07-56-084_WW965FG-FRA.jpg,WW-965-FG,WW-965-FG,0.9998,1,1,WW965FG,WW965FG
2025-07-26_11-43-27-385_BL936AX-FRA.jpg,BL.936.AX,BL.936.AX,0.9999,1,1,BL936AX,BL936AX
2025-07-26_12-53-34-997_EB145HK-FRA.jpg,.EB-145-HK,.EB-145-HK,0.9990,1,1,EB145HK,EB145HK
2025-07-26_11-07-45-495_EE361DH-FRA.jpg,EE-361-DH,EE-361-DH,0.9999,1,1,EE361DH,EE361DH
2025-07-26_09-59-58-629_BV226WF-FRA.jpg,BV-226-WF,BV-226-WF,0.9450,1,1,BV226WF,BV226WF
2025-07-26_11-02-13-469_CW136GG-FRA.jpg,CW-136-GG,CW-136-GG,0.9536,1,1,CW136GG,CW136GG
2025-07-26_16-07-24-263_FF359EV-FRA.jpg,FF-359-EV,FF-359-EV,1.0000,1,1,FF359EV,FF359EV
2025-07-26_11-06-43-538_AP993KZ-FRA.jpg,AP-993-KZ,AP-993-KZ,1.0000,1,1,AP993KZ,AP993KZ
2025-07-26_10-03-56-959_GX873YA-FRA.jpg,GX-873-YA,GX-873-YA,0.9509,1,1,GX873YA,GX873YA
2025-07-26_15-34-09-186_HC882BA-FRA.jpg,HC-882-BA,HC-882-BA,0.9976,1,1,HC882BA,HC882BA
2025-07-26_16-35-20-401_CR670JV-FRA.jpg,CR-670-JV,CR-670-JV,1.0000,1,1,CR670JV,CR670JV
2025-07-26_14-24-35-111_FZ915AZ-FRA.jpg,FZ-915-AZ.,FZ-915-AZ.,0.9864,1,1,FZ915AZ,FZ915AZ
2025-07-26_10-10-05-933_CA522ZJ-FRA.jpg,CA-522-ZJ,CA-522-ZJ,0.9991,1,1,CA522ZJ,CA522ZJ
2025-07-26_14-11-22-071_FC592TQ-FRA.jpg,FC-592-TQ,FC-592-TQ,0.9999,1,1,FC592TQ,FC592TQ
2025-07-26_14-27-01-542_GP332YA-FRA.jpg,GP-332-YA,GP-332-YA,0.9992,1,1,GP332YA,GP332YA
2025-07-26_10-01-48-069_324RHC75-FRA.jpg,324RHC75,324RHC75,0.9814,1,1,324RHC75,324RHC75
2025-07-26_09-53-19-293_DF410ZA-FRA.jpg,DF-410-ZA,DF-410-ZA,1.0000,1,1,DF410ZA,DF410ZA
2025-07-26_12-13-01-942_FN912YH-FRA.jpg,FN-912-YH,FN-912-YH,0.9999,1,1,FN912YH,FN912YH
2025-07-26_13-34-14-128_CZ853ZN-FRA.jpg,CZ-853-ZN,CZ-853-ZN,0.9998,1,1,CZ853ZN,CZ853ZN
2025-07-26_11-31-45-947_CX803QH-FRA.jpg,CX-803-QH,CX-803-QH,0.9999,1,1,CX803QH,CX803QH
2025-07-26_11-49-17-257_EN455BN-FRA.jpg,EN-455-BN,EN-455-BN,0.9670,1,1,EN455BN,EN455BN
2025-07-26_09-53-08-054_BV105TX-FRA.jpg,BV-105-TX,BV-105-TX,1.0000,1,1,BV105TX,BV105TX
2025-07-26_12-35-56-166_EX295KD-FRA.jpg,EX-295-KD,EX-295-KD,0.9994,1,1,EX295KD,EX295KD
2025-07-26_13-18-32-317_WW758CM-FRA.jpg,WW-758-CM,WW-758-CM,1.0000,1,1,WW758CM,WW758CM
2025-07-26_12-59-01-316_AE344KA-FRA.jpg,AE-344-KA,AE-344-KA,0.9995,1,1,AE344KA,AE344KA
2025-07-26_10-59-09-619_GT886LQ-FRA.jpg,GT-886-LQ,GT-886-LQ,1.0000,1,1,GT886LQ,GT886LQ
2025-07-26_10-12-40-152_DK460YX-FRA.jpg,DK-460-YX,DK-460-YX,0.9999,1,1,DK460YX,DK460YX
2025-07-26_14-26-10-576_GM964XP-FRA.jpg,GM-964-XP,GM-964-XP,1.0000,1,1,GM964XP,GM964XP
2025-07-26_13-13-58-934_FR699NQ-FRA.jpg,FR-699-NQ,FR-699-NQ,0.9999,1,1,FR699NQ,FR699NQ
2025-07-26_12-41-47-427_AP109QR-FRA.jpg,AP-109-QR,AP-109-QR,1.0000,1,1,AP109QR,AP109QR
2025-07-26_13-16-39-078_EX275DZ-FRA.jpg,EX-275-DZ,EX-275-DZ,0.9970,1,1,EX275DZ,EX275DZ
2025-07-26_10-10-00-247_GV533PL-FRA.jpg,GV-533-PL,GV-533-PL,0.9837,1,1,GV533PL,GV533PL
2025-07-26_16-35-22-401_CE432XV-FRA.jpg,CE-432-XV,CE-432-XV,0.9978,1,1,CE432XV,CE432XV
2025-07-26_10-31-40-029_GE361NX-FRA.jpg,GE361NX,GE361NX,0.9835,1,1,GE361NX,GE361NX
2025-07-26_16-42-01-955_GQ143BA-FRA.jpg,GQ-143-BA,GQ-143-BA,0.9987,1,1,GQ143BA,GQ143BA
2025-07-26_12-50-23-391_DL005BQ-FRA.jpg,DL-005-BQ,DL-005-BQ,0.9983,1,1,DL005BQ,DL005BQ
2025-07-26_09-57-19-062_GB113AC-FRA.jpg,GB-113-AC,GB-113-AC,0.9991,1,1,GB113AC,GB113AC
2025-07-26_12-12-40-546_FP832AT-FRA.jpg,FP-832-AT,FP-832-AT,0.9999,1,1,FP832AT,FP832AT
2025-07-26_11-06-03-657_BS120LP-FRA.jpg,BS-120-LP,BS-120-LP,0.9673,1,1,BS120LP,BS120LP
2025-07-26_11-27-22-828_FK435JX-FRA.jpg,FK-435-JX,FK-435-JX,1.0000,1,1,FK435JX,FK435JX
2025-07-26_16-38-35-688_EW243AV-FRA.jpg,EW-243-AV,EW-243-AV,0.9812,1,1,EW243AV,EW243AV
2025-07-26_12-37-24-933_FJ411HD-FRA.jpg,FJ-411-HD,FJ-411-HD,0.9999,1,1,FJ411HD,FJ411HD
2025-07-26_16-39-48-564_DV343YR-FRA.jpg,DV-343-YR,DV-343-YR,0.9965,1,1,DV343YR,DV343YR
2025-07-26_10-14-36-388_GY660FB-FRA.jpg,GY660FB,GY660FB,0.9977,1,1,GY660FB,GY660FB
2025-07-26_16-09-49-692_EX203GY-FRA.jpg,EX-203-GY,EX-203-GY,0.9995,1,1,EX203GY,EX203GY
2025-07-26_17-28-24-659_FX782SP-FRA.jpg,FX-782-SP,FX-782-SP,0.9979,1,1,FX782SP,FX782SP
2025-07-26_13-00-21-448_GV875YZ-FRA.jpg,GV-875-YZ,GV-875-YZ,0.9993,1,1,GV875YZ,GV875YZ
2025-07-26_15-27-42-857_GP999GZ-FRA.jpg,GP-999-GZ.,GP-999-GZ.,0.9623,1,1,GP999GZ,GP999GZ
2025-07-26_09-36-07-609_EG561TN-FRA.jpg,EG-561-TN,EG-561-TN,1.0000,1,1,EG561TN,EG561TN
2025-07-26_12-17-23-409_FG554DF-FRA.jpg,FG-554-DF,FG-554-DF,0.9985,1,1,FG554DF,FG554DF
2025-07-26_13-12-54-084_EQ228YZ-FRA.jpg,EQ-228-YZ,EQ-228-YZ,1.0000,1,1,EQ228YZ,EQ228YZ
2025-07-26_09-59-59-201_BK692JL-FRA.jpg,BK-692-JL.,BK-692-JL.,0.9998,1,1,BK692JL,BK692JL
2025-07-26_11-35-54-999_FR468YY-FRA.jpg,FR-468-YY,FR-468-YY,0.9871,1,1,FR468YY,FR468YY
2025-07-26_13-03-03-198_GA562AL-FRA.jpg,GA-562-AL,GA-562-AL,0.9995,1,1,GA562AL,GA562AL
2025-07-26_11-05-47-445_CQ800TF-FRA.jpg,CQ-800-TF,CQ-800-TF,0.9829,1,1,CQ800TF,CQ800TF
2025-07-26_13-27-09-371_BC538RA-FRA.jpg,BC-538-RA,BC-538-RA,0.9969,1,1,BC538RA,BC538RA
2025-07-26_13-28-48-374_BK691WP-FRA.jpg,BK-691-WP,BK-691-WP,1.0000,1,1,BK691WP,BK691WP
2025-07-26_10-55-37-151_EN075SV-FRA.jpg,EN-075-SV,EN-075-SV,0.9752,1,1,EN075SV,EN075SV
2025-07-26_16-18-59-166_BF836FV-FRA.jpg,BF-836-FV,BF-836-FV,0.9909,1,1,BF836FV,BF836FV
2025-07-26_10-15-19-390_AJ270NY-FRA.jpg,AJ-270-NY,AJ-270-NY,0.9773,1,1,AJ270NY,AJ270NY
2025-07-26_13-00-20-450_EV520AY-FRA.jpg,EV-520-AY.,EV-520-AY.,0.9987,1,1,EV520AY,EV520AY
2025-07-26_17-10-36-760_CY600MD-FRA.jpg,CY-600-MD,CY-600-MD,1.0000,1,1,CY600MD,CY600MD
2025-07-26_16-47-33-408_CM153NW-FRA.jpg,CM-153-NW,CM-153-NW,0.9984,1,1,CM153NW,CM153NW
2025-07-26_12-56-18-027_GP263YK-FRA.jpg,GP-263-YK,GP-263-YK,1.0000,1,1,GP263YK,GP263YK
2025-07-26_13-12-54-692_DL445LY-FRA.jpg,DL-445-LY,DL-445-LY,1.0000,1,1,DL445LY,DL445LY
2025-07-26_14-41-18-238_AT105WY-FRA.jpg,AT-105-WY,AT-105-WY,0.9970,1,1,AT105WY,AT105WY
2025-07-26_12-12-51-221_AQ438MD-FRA.jpg,AQ-438-MD,AQ-438-MD,0.9877,1,1,AQ438MD,AQ438MD
2025-07-26_12-05-31-929_AG561DW-FRA.jpg,AG-561-DW,AG-561-DW,1.0000,1,1,AG561DW,AG561DW
2025-07-26_09-17-54-169_EK635HG-FRA.jpg,EK-635-HG,EK-635-HG,1.0000,1,1,EK635HG,EK635HG
2025-07-26_10-48-09-380_DD882BC-FRA.jpg,DD-882-BC,DD-882-BC,0.9993,1,1,DD882BC,DD882BC
2025-07-26_13-48-28-454_GS225CX-FRA.jpg,GS-225-CX,GS-225-CX,1.0000,1,1,GS225CX,GS225CX
2025-07-26_14-16-25-058_GA607XP-FRA.jpg,.GA-607-XP.,.GA-607-XP.,1.0000,1,1,GA607XP,GA607XP
2025-07-26_17-19-42-459_EE105GF-FRA.jpg,EE-105-GF,EE-105-GF,1.0000,1,1,EE105GF,EE105GF
2025-07-26_17-07-51-506_AQ048LL-FRA.jpg,AQ-048-LL.,AQ-048-LL.,0.9264,1,1,AQ048LL,AQ048LL
2025-07-26_18-21-13-680_GB764WT-FRA.jpg,GB-764-WT.,GB-764-WT.,0.9833,1,1,GB764WT,GB764WT
2025-07-26_09-21-26-996_GV520XV-FRA.jpg,GV-520-XV,GV-520-XV,0.9607,1,1,GV520XV,GV520XV
2025-07-26_10-08-44-391_BW045PT-FRA.jpg,BW-045-PT,BW-045-PT,0.9982,1,1,BW045PT,BW045PT
2025-07-26_17-02-06-621_HA623AT-FRA.jpg,HA-623-AT.,HA-623-AT.,0.9797,1,1,HA623AT,HA623AT
2025-07-26_09-37-35-724_FQ239QD-FRA.jpg,FQ-239-QD,FQ-239-QD,0.9724,1,1,FQ239QD,FQ239QD
2025-07-26_13-08-57-574_AA669BM-FRA.jpg,AA-669-BM,AA-669-BM,0.9912,1,1,AA669BM,AA669BM
2025-07-26_11-17-32-511_EX986TY-FRA.jpg,EX-986-TY,EX-986-TY,0.9999,1,1,EX986TY,EX986TY
2025-07-26_17-48-01-551_FJ276VB-FRA.jpg,FJ-276-VB,FJ-276-VB,1.0000,1,1,FJ276VB,FJ276VB
2025-07-26_11-38-33-132_CZ325JW-FRA.jpg,CZ-325-JW,CZ-325-JW,0.9993,1,1,CZ325JW,CZ325JW
2025-07-26_09-03-14-493_HB719YJ-FRA.jpg,HB-719-YJ,HB-719-YJ,0.9453,1,1,HB719YJ,HB719YJ
2025-07-26_10-20-34-015_DH041CF-FRA.jpg,DH-041-CF.,DH-041-CF.,1.0000,1,1,DH041CF,DH041CF
2025-07-26_10-23-02-690_FS642CD-FRA.jpg,FS-642-CD,FS-642-CD,0.9999,1,1,FS642CD,FS642CD
2025-07-26_10-17-43-930_BN219DY-FRA.jpg,BN-219-DY,BN-219-DY,0.9999,1,1,BN219DY,BN219DY
2025-07-26_10-35-24-380_BC682GD-FRA.jpg,BC-682-GD,BC-682-GD,1.0000,1,1,BC682GD,BC682GD
2025-07-26_11-11-54-164_HB726NH-FRA.jpg,HB-726-NH.,HB-726-NH.,0.9970,1,1,HB726NH,HB726NH
2025-07-26_09-10-27-638_CQ130ZP-FRA.jpg,CQ130ZP,CQ130ZP,0.9916,1,1,CQ130ZP,CQ130ZP
2025-07-26_12-45-51-098_1767YR93-FRA.jpg,1767-YR93,1767-YR93,0.9875,1,1,1767YR93,1767YR93
2025-07-26_11-39-06-062_FB838AK-FRA.jpg,FB-838-AK.,FB-838-AK.,0.9579,1,1,FB838AK,FB838AK
2025-07-26_11-39-18-217_GL284VG-FRA.jpg,GL.284-VG,GL.284-VG,0.9995,1,1,GL284VG,GL284VG
2025-07-26_17-39-44-558_FQ438YP-FRA.jpg,FQ-438-YP,FQ-438-YP,0.9739,1,1,FQ438YP,FQ438YP
2025-07-26_09-58-48-466_BT519GS-FRA.jpg,BT-519-GS,BT-519-GS,1.0000,1,1,BT519GS,BT519GS
2025-07-26_12-44-09-449_DP147ZF-FRA.jpg,DP-147-ZF.,DP-147-ZF.,0.9998,1,1,DP147ZF,DP147ZF
2025-07-26_12-05-46-461_EN725ZT-FRA.jpg,EN-725-ZT,EN-725-ZT,0.9742,1,1,EN725ZT,EN725ZT
2025-07-26_09-26-47-153_EP620YJ-FRA.jpg,EP-620-YJ,EP-620-YJ,1.0000,1,1,EP620YJ,EP620YJ
2025-07-26_13-32-11-872_AB548EZ-FRA.jpg,AB-548-EZ,AB-548-EZ,0.9612,1,1,AB548EZ,AB548EZ
2025-07-26_10-27-12-177_BG992AK-FRA.jpg,BG-992-AK,BG-992-AK,0.9491,1,1,BG992AK,BG992AK
2025-07-26_11-57-13-240_FA103ZX-FRA.jpg,FA-103-ZX.,FA-103-ZX.,1.0000,1,1,FA103ZX,FA103ZX
2025-07-26_09-13-01-108_HB351AP-FRA.jpg,HB.351.AP,HB.351.AP,0.9946,1,1,HB351AP,HB351AP
2025-07-26_13-56-01-971_FJ479BR-FRA.jpg,FJ-479-BR,FJ-479-BR,0.9998,1,1,FJ479BR,FJ479BR
2025-07-26_13-51-50-452_EQ784MF-FRA.jpg,EQ-784-MF,EQ-784-MF,0.9918,1,1,EQ784MF,EQ784MF
2025-07-26_10-23-34-398_EX924AN-FRA.jpg,EX-924-AN.,EX-924-AN.,0.9993,1,1,EX924AN,EX924AN
2025-07-26_09-34-20-336_GL042PR-FRA.jpg,GL-042-PR,GL-042-PR,0.9944,1,1,GL042PR,GL042PR
2025-07-26_12-32-12-196_FW466DF-FRA.jpg,FW-466-DF,FW-466-DF,0.9998,1,1,FW466DF,FW466DF
2025-07-26_18-22-57-291_AT225SA-FRA.jpg,AT-225-SA,AT-225-SA,0.9834,1,1,AT225SA,AT225SA
2025-07-26_11-29-28-723_EH519DF-FRA.jpg,EH-519-DF,EH-519-DF,0.9651,1,1,EH519DF,EH519DF
2025-07-26_17-40-09-559_AT526HX-FRA.jpg,AT-526-HX,AT-526-HX,0.9429,1,1,AT526HX,AT526HX
2025-07-26_16-30-27-854_GQ514ZK-FRA.jpg,GQ-514-ZK,GQ-514-ZK,0.9964,1,1,GQ514ZK,GQ514ZK
2025-07-26_14-21-35-590_DT660CC-FRA.jpg,DT-660-CC,DT-660-CC,0.9969,1,1,DT660CC,DT660CC
2025-07-26_09-38-26-660_FX549DY-FRA.jpg,FX549DY,FX549DY,1.0000,1,1,FX549DY,FX549DY
2025-07-26_10-06-49-068_BP891PH-FRA.jpg,BP-891-PH,BP-891-PH,1.0000,1,1,BP891PH,BP891PH
2025-07-26_11-06-17-753_GK376WW-FRA.jpg,GK-376-WW,GK-376-WW,1.0000,1,1,GK376WW,GK376WW
2025-07-26_10-07-52-510_FJ560GJ-FRA.jpg,FJ-560-GJ,FJ-560-GJ,0.9999,1,1,FJ560GJ,FJ560GJ
2025-07-26_10-32-50-221_DC019QJ-FRA.jpg,DC-019-QJ,DC-019-QJ,0.9999,1,1,DC019QJ,DC019QJ
2025-07-26_16-17-44-542_FS456SC-FRA.jpg,FS-456-SC,FS-456-SC,0.9999,1,1,FS456SC,FS456SC
2025-07-26_10-06-35-858_AJ322LV-FRA.jpg,AJ-322-LV,AJ-322-LV,0.9999,1,1,AJ322LV,AJ322LV
2025-07-26_10-27-03-713_DQ089BX-FRA.jpg,DQ-089-BX,DQ-089-BX,0.9945,1,1,DQ089BX,DQ089BX
2025-07-26_16-24-14-484_GW739NM-FRA.jpg,GW739NM,GW739NM,0.9208,1,1,GW739NM,GW739NM
2025-07-26_16-55-46-072_GD005PT-FRA.jpg,GD-005-PT,GD-005-PT,0.9433,1,1,GD005PT,GD005PT
2025-07-26_18-20-50-956_AB071EX-FRA.jpg,AB-071-EX.,AB-071-EX.,0.9997,1,1,AB071EX,AB071EX
2025-07-26_12-09-22-236_BE287RK-FRA.jpg,BE-287-RK,BE-287-RK,1.0000,1,1,BE287RK,BE287RK
2025-07-26_10-27-21-603_FK850WY-FRA.jpg,FK-850-WY,FK-850-WY,0.9925,1,1,FK850WY,FK850WY
2025-07-26_12-56-08-266_CW807ZE-FRA.jpg,CW-807-ZE,CW-807-ZE,1.0000,1,1,CW807ZE,CW807ZE
2025-07-26_15-14-13-565_CD434FK-FRA.jpg,CD-434-FK,CD-434-FK,0.9985,1,1,CD434FK,CD434FK
2025-07-26_14-32-31-432_HC403LS-FRA.jpg,HC-403-LS,HC-403-LS,1.0000,1,1,HC403LS,HC403LS
2025-07-26_11-11-20-290_GV142WF-FRA.jpg,GV-142-WF,GV-142-WF,0.9892,1,1,GV142WF,GV142WF
2025-07-26_16-43-52-026_GC432QH-FRA.jpg,GC-432-QH,GC-432-QH,0.9990,1,1,GC432QH,GC432QH
2025-07-26_10-30-54-898_FL687XP-FRA.jpg,FL-687-XP,FL-687-XP,0.9980,1,1,FL687XP,FL687XP
2025-07-26_14-25-50-285_FV810ZR-FRA.jpg,FV-810-ZR,FV-810-ZR,0.9994,1,1,FV810ZR,FV810ZR
2025-07-26_14-52-17-969_FK443WV-FRA.jpg,FK-443-WV,FK-443-WV,1.0000,1,1,FK443WV,FK443WV
2025-07-26_12-04-20-039_DY491PC-FRA.jpg,DY-491-PC.,DY-491-PC.,0.9987,1,1,DY491PC,DY491PC
2025-07-26_11-42-43-206_DN018JY-FRA.jpg,DN-018-JY.,DN-018-JY.,0.9504,1,1,DN018JY,DN018JY
2025-07-26_09-24-16-132_EZ843EY-FRA.jpg,EZ-843-EY,EZ-843-EY,0.9859,1,1,EZ843EY,EZ843EY
2025-07-26_17-55-04-373_FB160XF-FRA.jpg,FB-160-XF,FB-160-XF,0.9489,1,1,FB160XF,FB160XF
2025-07-26_13-17-50-650_BH841YC-FRA.jpg,BH-841-YC,BH-841-YC,0.9970,1,1,BH841YC,BH841YC
2025-07-26_14-39-18-803_DN741QE-FRA.jpg,DN-741-QE,DN-741-QE,0.9893,1,1,DN741QE,DN741QE
2025-07-26_09-40-28-679_FG956XS-FRA.jpg,FG-956-XS,FG-956-XS,0.9999,1,1,FG956XS,FG956XS
2025-07-26_11-19-49-331_BL837QX-FRA.jpg,BL-837-QX,BL-837-QX,0.9805,1,1,BL837QX,BL837QX
2025-07-26_14-36-46-701_107QNY75-FRA.jpg,107QNY75,107QNY75,0.9515,1,1,107QNY75,107QNY75
2025-07-26_12-45-47-099_GJ264QP-FRA.jpg,GJ-264-QP,GJ-264-QP,0.9956,1,1,GJ264QP,GJ264QP
2025-07-26_12-41-10-526_GN999YA-FRA.jpg,GN-999-YA,GN-999-YA,0.9999,1,1,GN999YA,GN999YA
2025-07-26_15-44-03-710_GZ862XX-FRA.jpg,GZ-862-XX,GZ-862-XX,0.9848,1,1,GZ862XX,GZ862XX
2025-07-26_13-40-25-747_GE184PK-FRA.jpg,GE.184.PK,GE.184.PK,1.0000,1,1,GE184PK,GE184PK
2025-07-26_14-26-05-759_ER980CN-FRA.jpg,ER-980-CN,ER-980-CN,0.9994,1,1,ER980CN,ER980CN
2025-07-26_14-14-08-710_FG360JQ-FRA.jpg,FG-360-JQ,FG-360-JQ,0.9955,1,1,FG360JQ,FG360JQ
2025-07-26_10-12-28-657_EC339GF-FRA.jpg,EC-339-GF,EC-339-GF,0.9779,1,1,EC339GF,EC339GF
2025-07-26_10-21-03-957_CY925GY-FRA.jpg,CY-925-GY,CY-925-GY,0.9997,1,1,CY925GY,CY925GY
2025-07-26_10-36-47-408_FX922EC-FRA.jpg,FX-922-EC,FX-922-EC,1.0000,1,1,FX922EC,FX922EC
2025-07-26_10-27-17-173_AW863NP-FRA.jpg,AW-863-NP,AW-863-NP,0.9356,1,1,AW863NP,AW863NP
2025-07-26_09-33-44-750_BA441PF-FRA.jpg,BA-441-PF,BA-441-PF,0.9998,1,1,BA441PF,BA441PF
2025-07-26_11-40-26-340_GN267CS-FRA.jpg,GN-267-CS.,GN-267-CS.,0.9998,1,1,GN267CS,GN267CS
2025-07-26_12-12-04-066_770CQQ59-FRA.jpg,770CQQ59,770CQQ59,0.9841,1,1,770CQQ59,770CQQ59
2025-07-26_11-09-48-539_GK633PE-FRA.jpg,GK-633-PE,GK-633-PE,0.9999,1,1,GK633PE,GK633PE
2025-07-26_09-04-15-548_GX404NV-FRA.jpg,GX-404-NV,GX-404-NV,0.9970,1,1,GX404NV,GX404NV
2025-07-26_16-51-44-484_BV736RZ-FRA.jpg,BV-736-RZ,BV-736-RZ,0.9998,1,1,BV736RZ,BV736RZ
2025-07-26_14-08-41-901_EB153NT-FRA.jpg,EB-153-NT,EB-153-NT,1.0000,1,1,EB153NT,EB153NT
2025-07-26_10-57-15-377_GR363XB-FRA.jpg,GR-363-XB,GR-363-XB,0.9991,1,1,GR363XB,GR363XB
2025-07-26_13-11-48-587_BA182VK-FRA.jpg,BA182VK,BA182VK,0.9998,1,1,BA182VK,BA182VK
2025-07-26_13-01-59-529_FY321EX-FRA.jpg,FY-321-EX.,FY-321-EX.,0.9942,1,1,FY321EX,FY321EX
2025-07-26_09-04-02-049_DK597RV-FRA.jpg,DK-597-RV,DK-597-RV,0.9993,1,1,DK597RV,DK597RV
2025-07-26_09-03-47-609_BB685RV-FRA.jpg,BB-685-RV,BB-685-RV,1.0000,1,1,BB685RV,BB685RV
2025-07-26_11-35-55-402_HB590DX-FRA.jpg,HB590DX,HB590DX,0.9995,1,1,HB590DX,HB590DX
2025-07-26_15-44-21-299_BD598TJ-FRA.jpg,BD-598-TJ,BD-598-TJ,0.9999,1,1,BD598TJ,BD598TJ
2025-07-26_15-09-33-807_EZ417WW-FRA.jpg,EZ-417-WW,EZ-417-WW,0.9997,1,1,EZ417WW,EZ417WW
2025-07-26_10-12-11-632_AB635TM-FRA.jpg,AB635TM,AB635TM,0.9999,1,1,AB635TM,AB635TM
2025-07-26_10-17-57-292_FV094VW-FRA.jpg,FV-094-VW,FV-094-VW,0.9932,1,1,FV094VW,FV094VW
2025-07-26_10-09-37-555_CM146ZX-FRA.jpg,CM-146-ZX.,CM-146-ZX.,0.9981,1,1,CM146ZX,CM146ZX
2025-07-26_11-08-11-126_FR855EL-FRA.jpg,FR-855-EL,FR-855-EL,1.0000,1,1,FR855EL,FR855EL
2025-07-26_10-37-45-794_GE668JN-FRA.jpg,GE668JN,GE668JN,0.9989,1,1,GE668JN,GE668JN
2025-07-26_11-09-47-539_DW573HF-FRA.jpg,DW-573-HF,DW-573-HF,1.0000,1,1,DW573HF,DW573HF
2025-07-26_14-30-48-511_EA213CN-FRA.jpg,EA-213-CN,EA-213-CN,1.0000,1,1,EA213CN,EA213CN
2025-07-26_16-10-43-892_EV712WD-FRA.jpg,EV712WD,EV712WD,1.0000,1,1,EV712WD,EV712WD
2025-07-26_11-23-40-140_CE489HG-FRA.jpg,CE-489-HG,CE-489-HG,0.9958,1,1,CE489HG,CE489HG
2025-07-26_09-23-28-068_DJ745GL-FRA.jpg,DJ-745-GL.,DJ-745-GL.,0.9970,1,1,DJ745GL,DJ745GL
2025-07-26_16-23-59-569_GJ497QQ-FRA.jpg,GJ-497-QQ,GJ-497-QQ,0.9974,1,1,GJ497QQ,GJ497QQ
2025-07-26_11-32-06-035_CM085HK-FRA.jpg,.CM-085-HK.,.CM-085-HK.,0.9999,1,1,CM085HK,CM085HK
2025-07-26_09-21-53-662_FG145PL-FRA.jpg,FG-145-PL,FG-145-PL,0.9349,1,1,FG145PL,FG145PL
2025-07-26_10-25-06-980_FT011EF-FRA.jpg,FT-011-EF.,FT-011-EF.,0.9984,1,1,FT011EF,FT011EF
2025-07-26_12-12-56-367_BG150BY-FRA.jpg,BG-150-BY,BG-150-BY,1.0000,1,1,BG150BY,BG150BY
2025-07-26_12-59-02-972_EV962WD-FRA.jpg,EV-962-WD,EV-962-WD,0.9926,1,1,EV962WD,EV962WD
2025-07-26_09-25-39-282_GP840GA-FRA.jpg,.GP-840-GA,.GP-840-GA,0.9999,1,1,GP840GA,GP840GA
2025-07-26_10-54-54-671_HB695AP-FRA.jpg,HB-695-AP,HB-695-AP,0.9710,1,1,HB695AP,HB695AP
2025-07-26_14-59-43-115_AC929ZF-FRA.jpg,AC-929-ZF,AC-929-ZF,0.9999,1,1,AC929ZF,AC929ZF
2025-07-26_16-50-30-089_EE239VK-FRA.jpg,EE-239-VK,EE-239-VK,0.9918,1,1,EE239VK,EE239VK
2025-07-26_14-40-49-846_6755XT85-FRA.jpg,6755XT85,6755XT85,0.9228,1,1,6755XT85,6755XT85
2025-07-26_16-29-55-665_GQ657VB-FRA.jpg,.GQ-657-VB,.GQ-657-VB,0.9809,1,1,GQ657VB,GQ657VB
2025-07-26_09-57-18-423_EY963SF-FRA.jpg,EY-963-SF,EY-963-SF,1.0000,1,1,EY963SF,EY963SF
2025-07-26_10-34-15-360_BY240VD-FRA.jpg,BY.240-VD,BY.240-VD,0.9999,1,1,BY240VD,BY240VD
2025-07-26_11-45-49-385_CT342GT-FRA.jpg,CT-342-GT,CT-342-GT,1.0000,1,1,CT342GT,CT342GT
2025-07-26_11-26-06-548_FT508ZY-FRA.jpg,FT-508-ZY.,FT-508-ZY.,0.9999,1,1,FT508ZY,FT508ZY
2025-07-26_11-11-46-019_DQ641YM-FRA.jpg,DQ-641-YM,DQ-641-YM,0.9878,1,1,DQ641YM,DQ641YM
2025-07-26_13-33-26-534_DF520TD-ITA.jpg,DF-520-TD,DF-520-TD,0.9587,1,1,DF520TD,DF520TD
2025-07-26_11-28-25-696_BL102PK-FRA.jpg,BL-102-PK,BL-102-PK,0.9995,1,1,BL102PK,BL102PK
2025-07-26_09-40-30-799_FG956XS-FRA.jpg,FG-956-XS,FG-956-XS,0.9831,1,1,FG956XS,FG956XS
2025-07-26_16-45-38-674_FP683KA-FRA.jpg,FP.683.KA,FP.683.KA,0.9999,1,1,FP683KA,FP683KA
2025-07-26_12-39-14-655_EP169HL-FRA.jpg,EP-169-HL,EP-169-HL,0.9958,1,1,EP169HL,EP169HL
2025-07-26_11-09-28-118_GS156GW-FRA.jpg,GS-156-GW,GS-156-GW,0.9825,1,1,GS156GW,GS156GW
2025-07-26_12-29-10-750_EJ399LP-FRA.jpg,EJ-399-LP,EJ-399-LP,0.9999,1,1,EJ399LP,EJ399LP
2025-07-26_16-48-05-958_FR105BT-FRA.jpg,FR105BT,FR105BT,0.9994,1,1,FR105BT,FR105BT
2025-07-26_09-09-35-642_CN486BK-FRA.jpg,CN-486-BK,CN-486-BK,0.9995,1,1,CN486BK,CN486BK
2025-07-26_12-58-31-211_BH383KQ-FRA.jpg,BH-383-KQ,BH-383-KQ,1.0000,1,1,BH383KQ,BH383KQ
2025-07-26_09-13-49-743_AC050PW-FRA.jpg,AC050PW,AC050PW,0.9998,1,1,AC050PW,AC050PW
2025-07-26_11-04-40-100_DN378JM-FRA.jpg,DN-378-JM,DN-378-JM,1.0000,1,1,DN378JM,DN378JM
2025-07-26_10-19-37-728_CB112KK-FRA.jpg,CB-112-KK,CB-112-KK,0.9995,1,1,CB112KK,CB112KK
2025-07-26_11-49-33-779_EK755SW-FRA.jpg,EK755.SW,EK755.SW,1.0000,1,1,EK755SW,EK755SW
2025-07-26_10-11-39-917_FD276LM-FRA.jpg,FD-276-LM.,FD-276-LM.,0.9592,1,1,FD276LM,FD276LM
2025-07-26_10-30-55-780_FV328VP-FRA.jpg,FV.328-VP,FV.328-VP,0.9964,1,1,FV328VP,FV328VP
2025-07-26_09-21-10-073_AD903CZ-FRA.jpg,AD-903-CZ.,AD-903-CZ.,0.9999,1,1,AD903CZ,AD903CZ
2025-07-26_13-28-37-952_ER473JW-FRA.jpg,ER-473-JW,ER-473-JW,0.9995,1,1,ER473JW,ER473JW
2025-07-26_10-28-31-202_GR295ZX-FRA.jpg,GR-295-ZX,GR-295-ZX,0.9954,1,1,GR295ZX,GR295ZX
2025-07-26_10-52-28-319_EX116ER-FRA.jpg,EX-116-ER,EX-116-ER,0.9985,1,1,EX116ER,EX116ER
2025-07-26_10-23-35-804_WW190SP-FRA.jpg,WW-190-SP,WW-190-SP,1.0000,1,1,WW190SP,WW190SP
2025-07-26_17-20-50-472_AL225LX-FRA.jpg,AL.225-LX,AL.225-LX,0.9997,1,1,AL225LX,AL225LX
2025-07-26_09-03-51-476_AB986LV-FRA.jpg,AB.986.LV,AB.986.LV,1.0000,1,1,AB986LV,AB986LV
2025-07-26_14-40-55-365_GQ305DV-FRA.jpg,GQ-305-DV,GQ-305-DV,0.9606,1,1,GQ305DV,GQ305DV
2025-07-26_12-16-05-948_HE258QT-FRA.jpg,HE-258-QT,HE-258-QT,1.0000,1,1,HE258QT,HE258QT
2025-07-26_14-33-33-331_FX281CV-FRA.jpg,FX-281-CV,FX-281-CV,0.9968,1,1,FX281CV,FX281CV
2025-07-26_10-29-57-228_FV603VC-FRA.jpg,FV-603-VC.,FV-603-VC.,0.9998,1,1,FV603VC,FV603VC
2025-07-26_15-27-41-573_GS046FW-FRA.jpg,GS-046-FW,GS-046-FW,1.0000,1,1,GS046FW,GS046FW
2025-07-26_13-10-07-353_GA364LB-FRA.jpg,GA-364-LB,GA-364-LB,0.9999,1,1,GA364LB,GA364LB
2025-07-26_14-36-54-601_BX561VD-FRA.jpg,BX-561-VD,BX-561-VD,1.0000,1,1,BX561VD,BX561VD
2025-07-26_13-34-07-946_GG847AQ-FRA.jpg,GG-847-AQ,GG-847-AQ,1.0000,1,1,GG847AQ,GG847AQ
2025-07-26_18-15-14-239_AB585RW-FRA.jpg,AB-585-RW,AB-585-RW,0.9700,1,1,AB585RW,AB585RW
2025-07-26_14-31-24-518_EC019ZC-FRA.jpg,EC-019-ZC,EC-019-ZC,0.9877,1,1,EC019ZC,EC019ZC
2025-07-26_12-40-37-378_DT303QT-FRA.jpg,DT-303-QT,DT-303-QT,1.0000,1,1,DT303QT,DT303QT
2025-07-26_13-47-48-171_GA443LM-FRA.jpg,GA-443-LM,GA-443-LM,0.9833,1,1,GA443LM,GA443LM
2025-07-26_09-57-10-066_BD982QW-FRA.jpg,BD-982.QW,BD-982.QW,0.9999,1,1,BD982QW,BD982QW
2025-07-26_12-11-29-998_AA132GA-FRA.jpg,AA-132-GA,AA-132-GA,0.9670,1,1,AA132GA,AA132GA
2025-07-26_12-06-42-324_AK419ZG-FRA.jpg,AK-419-ZG,AK-419-ZG,0.9999,1,1,AK419ZG,AK419ZG
2025-07-26_09-06-53-828_BG966VX-FRA.jpg,BG-966-VX,BG-966-VX,0.9718,1,1,BG966VX,BG966VX
2025-07-26_14-28-01-862_GZ859DN-FRA.jpg,GZ-859-DN,GZ-859-DN,0.9998,1,1,GZ859DN,GZ859DN
2025-07-26_10-11-58-487_GJ930AG-FRA.jpg,GJ-930-AG,GJ-930-AG,0.9987,1,1,GJ930AG,GJ930AG
2025-07-26_09-21-28-622_FA003AG-FRA.jpg,FA-003-AG,FA-003-AG,1.0000,1,1,FA003AG,FA003AG
2025-07-26_09-40-35-599_AA519LL-FRA.jpg,AA-519-LL.,AA-519-LL.,0.9966,1,1,AA519LL,AA519LL
2025-07-26_09-58-45-304_GK639ZD-FRA.jpg,GK-639-ZD,GK-639-ZD,0.9999,1,1,GK639ZD,GK639ZD
2025-07-26_11-12-29-364_DH269NS-FRA.jpg,DH-269-NS,DH-269-NS,0.9998,1,1,DH269NS,DH269NS
2025-07-26_11-47-59-722_GH091RH-FRA.jpg,GH-091-RH,GH-091-RH,0.9709,1,1,GH091RH,GH091RH
2025-07-26_14-32-19-376_GC259SV-FRA.jpg,GC-259-SV,GC-259-SV,0.9973,1,1,GC259SV,GC259SV
2025-07-26_11-32-31-169_DY343MM-FRA.jpg,DY-343-MM,DY-343-MM,0.9996,1,1,DY343MM,DY343MM
2025-07-26_14-14-31-086_EG325EY-FRA.jpg,EG-325-EY,EG-325-EY,1.0000,1,1,EG325EY,EG325EY
2025-07-26_18-02-34-348_DF139DQ-FRA.jpg,DF-139-DQ,DF-139-DQ,0.9699,1,1,DF139DQ,DF139DQ
2025-07-26_12-53-53-716_AF037FD-FRA.jpg,AF-037-FD,AF-037-FD,0.9692,1,1,AF037FD,AF037FD
2025-07-26_10-09-34-159_550CFT44-FRA.jpg,550CFT44,550CFT44,0.9853,1,1,550CFT44,550CFT44
2025-07-26_09-26-53-638_DW663DQ-FRA.jpg,DW-663-DQ,DW-663-DQ,0.9851,1,1,DW663DQ,DW663DQ
2025-07-26_13-33-24-734_DF520TD-FRA.jpg,DF-520-TD,DF-520-TD,1.0000,1,1,DF520TD,DF520TD
2025-07-26_13-13-04-500_AX277AQ-FRA.jpg,AX-277-AQ,AX-277-AQ,0.9831,1,1,AX277AQ,AX277AQ
2025-07-26_10-01-26-770_ED959WB-FRA.jpg,ED-959-WB,ED-959-WB,1.0000,1,1,ED959WB,ED959WB
2025-07-26_13-13-01-120_HC852BE-FRA.jpg,HC-852-BE,HC-852-BE,0.9998,1,1,HC852BE,HC852BE
2025-07-26_09-37-50-951_GT187HV-FRA.jpg,GT-187-HV,GT-187-HV,1.0000,1,1,GT187HV,GT187HV
2025-07-26_10-06-52-469_AB621ZT-ITA.jpg,AB-621-ZT,AB-621-ZT,1.0000,1,1,AB621ZT,AB621ZT
2025-07-26_11-22-06-292_FB196YP-FRA.jpg,FB-196-YP,FB-196-YP,0.9875,1,1,FB196YP,FB196YP
2025-07-26_12-45-36-176_AT567TL-FRA.jpg,AT-567-TL.,AT-567-TL.,1.0000,1,1,AT567TL,AT567TL
2025-07-26_12-30-41-921_EY538NR-FRA.jpg,EY-538-NR.,EY-538-NR.,0.9995,1,1,EY538NR,EY538NR
2025-07-26_12-26-33-212_AY112AC-FRA.jpg,AY-112-AC,AY-112-AC,0.9932,1,1,AY112AC,AY112AC
2025-07-26_12-26-11-373_AS752XE-FRA.jpg,AS-752-XE,AS-752-XE,1.0000,1,1,AS752XE,AS752XE
2025-07-26_11-13-30-666_FX062WP-FRA.jpg,FX-062-WP,FX-062-WP,0.9962,1,1,FX062WP,FX062WP
2025-07-26_12-06-50-376_EJ758WT-FRA.jpg,EJ-758-WT.,EJ-758-WT.,0.9420,1,1,EJ758WT,EJ758WT
2025-07-26_11-09-43-946_GV268YS-FRA.jpg,GV-268-YS,GV-268-YS,0.9583,1,1,GV268YS,GV268YS
2025-07-26_12-37-32-753_DB053VZ-FRA.jpg,DB-053-VZ,DB-053-VZ,0.9941,1,1,DB053VZ,DB053VZ
2025-07-26_17-35-07-210_DD014BW-FRA.jpg,DD-014-BW,DD-014-BW,0.9511,1,1,DD014BW,DD014BW
2025-07-26_18-04-24-123_GS245RV-FRA.jpg,GS-245-RV,GS-245-RV,0.9999,1,1,GS245RV,GS245RV
2025-07-26_14-52-19-413_EW468SH-FRA.jpg,EW-468-SH,EW-468-SH,0.9980,1,1,EW468SH,EW468SH
2025-07-26_15-06-25-306_CZ343DH-FRA.jpg,CZ-343-DH,CZ-343-DH,0.9677,1,1,CZ343DH,CZ343DH
2025-07-26_17-34-50-310_GY208BT-FRA.jpg,GY-208-BT,GY-208-BT,0.9999,1,1,GY208BT,GY208BT
2025-07-26_13-09-34-032_EP970ZB-FRA.jpg,EP-970-ZB,EP-970-ZB,0.9999,1,1,EP970ZB,EP970ZB
2025-07-26_11-05-35-057_DY326BE-FRA.jpg,DY-326-BE,DY-326-BE,0.9631,1,1,DY326BE,DY326BE
2025-07-26_11-10-19-254_CB879SF-FRA.jpg,CB-879SF,CB-879SF,0.9967,1,1,CB879SF,CB879SF
2025-07-26_12-34-05-191_FC733DE-FRA.jpg,FC-733-DE,FC-733-DE,0.9080,1,1,FC733DE,FC733DE
2025-07-26_09-28-50-443_CS511WB-FRA.jpg,.CS.511.WB,.CS.511.WB,0.9998,1,1,CS511WB,CS511WB
2025-07-26_11-09-44-765_GQ437LK-FRA.jpg,GQ-437-LK,GQ-437-LK,0.9494,1,1,GQ437LK,GQ437LK
2025-07-26_09-17-01-389_DH666ZQ-FRA.jpg,DH-666-ZQ.,DH-666-ZQ.,0.9979,1,1,DH666ZQ,DH666ZQ
2025-07-26_10-32-10-477_FN634EZ-FRA.jpg,FN-634-EZ,FN-634-EZ,0.9868,1,1,FN634EZ,FN634EZ
2025-07-26_11-08-22-298_BP398KS-FRA.jpg,BP-398-KS,BP-398-KS,1.0000,1,1,BP398KS,BP398KS
2025-07-26_12-05-45-065_EN725ZT-FRA.jpg,EN-725-ZT.,EN-725-ZT.,0.9960,1,1,EN725ZT,EN725ZT
2025-07-26_12-50-00-022_FK044YQ-FRA.jpg,FK-044-YQ,FK-044-YQ,0.9998,1,1,FK044YQ,FK044YQ
2025-07-26_16-32-41-764_FV446EP-FRA.jpg,FV-446-EP,FV-446-EP,0.9995,1,1,FV446EP,FV446EP
2025-07-26_09-56-57-842_DC453YS-FRA.jpg,DC-453-YS,DC-453-YS,0.9955,1,1,DC453YS,DC453YS
2025-07-26_16-15-47-746_FR500WW-FRA.jpg,FR-500-WW,FR-500-WW,1.0000,1,1,FR500WW,FR500WW
2025-07-26_10-15-13-625_GS124NH-FRA.jpg,GS-124-NH,GS-124-NH,0.9999,1,1,GS124NH,GS124NH
2025-07-26_12-04-50-243_FZ636KH-FRA.jpg,FZ-636-KH,FZ-636-KH,0.9988,1,1,FZ636KH,FZ636KH
2025-07-26_10-12-47-484_AL732JQ-FRA.jpg,AL-732-JQ,AL-732-JQ,0.9999,1,1,AL732JQ,AL732JQ
2025-07-26_11-49-22-206_BE984DR-FRA.jpg,.BE984.DR,.BE984.DR,0.9997,1,1,BE984DR,BE984DR
2025-07-26_09-14-05-174_BZ194CF-ITA.jpg,BZ-194-CF,BZ-194-CF,0.9503,1,1,BZ194CF,BZ194CF
2025-07-26_10-33-08-040_AC972LS-FRA.jpg,AC-972-LS,AC-972-LS,0.9952,1,1,AC972LS,AC972LS
2025-07-26_13-46-05-663_EN897RT-FRA.jpg,EN-897-RT,EN-897-RT,1.0000,1,1,EN897RT,EN897RT
2025-07-26_10-29-45-706_CV038RR-FRA.jpg,CV-038-RR,CV-038-RR,0.9621,1,1,CV038RR,CV038RR
2025-07-26_10-18-35-618_AL443SM-FRA.jpg,AL-443-SM,AL-443-SM,1.0000,1,1,AL443SM,AL443SM
2025-07-26_10-08-22-510_DF437AM-FRA.jpg,.DF-437.AM,.DF-437.AM,0.9998,1,1,DF437AM,DF437AM
2025-07-26_16-38-39-830_AB923EV-FRA.jpg,AB.923.EV,AB.923.EV,1.0000,1,1,AB923EV,AB923EV
2025-07-26_14-08-33-158_GL655TL-FRA.jpg,GL-655-TL,GL-655-TL,0.9781,1,1,GL655TL,GL655TL
2025-07-26_16-09-39-910_BH011SR-FRA.jpg,BH-011-SR,BH-011-SR,1.0000,1,1,BH011SR,BH011SR
2025-07-26_12-41-50-356_FG584CL-FRA.jpg,FG-584-CL,FG-584-CL,0.9976,1,1,FG584CL,FG584CL
2025-07-26_09-29-36-401_CW425CA-FRA.jpg,CW-425-CA,CW-425-CA,0.9667,1,1,CW425CA,CW425CA
2025-07-26_12-34-44-656_FT458KS-FRA.jpg,FT-458-KS,FT-458-KS,0.9998,1,1,FT458KS,FT458KS
2025-07-26_15-49-18-916_FT820AB-FRA.jpg,FT-820-AB,FT-820-AB,0.9997,1,1,FT820AB,FT820AB
2025-07-26_10-16-42-204_CK616JG-FRA.jpg,CK-616-JG,CK-616-JG,0.9994,1,1,CK616JG,CK616JG
2025-07-26_12-49-17-997_EV398RG-FRA.jpg,EV-398-RG,EV-398-RG,0.9998,1,1,EV398RG,EV398RG
2025-07-26_16-15-24-203_DM494PK-FRA.jpg,DM-494-PK,DM-494-PK,1.0000,1,1,DM494PK,DM494PK
2025-07-26_10-17-13-083_BK788JL-FRA.jpg,BK-788-JL.,BK-788-JL.,0.9377,1,1,BK788JL,BK788JL
2025-07-26_13-47-11-854_DV541JD-FRA.jpg,DV-541-JD,DV-541-JD,0.9977,1,1,DV541JD,DV541JD
2025-07-26_09-24-08-650_GR190JN-FRA.jpg,GR190JN,GR190JN,0.9648,1,1,GR190JN,GR190JN
2025-07-26_12-06-51-904_FD270ZE-FRA.jpg,FD-270-ZE,FD-270-ZE,0.9626,1,1,FD270ZE,FD270ZE
2025-07-26_10-28-57-155_AK392BZ-FRA.jpg,AK-392-BZ,AK-392-BZ,0.9861,1,1,AK392BZ,AK392BZ
2025-07-26_13-20-08-089_FW981PE-FRA.jpg,FW-981-PE,FW-981-PE,0.9641,1,1,FW981PE,FW981PE
2025-07-26_14-22-13-050_GX940JY-FRA.jpg,GX-940-JY,GX-940-JY,0.9799,1,1,GX940JY,GX940JY
2025-07-26_18-14-41-046_AN615LJ-FRA.jpg,AN-615-LJ,AN-615-LJ,1.0000,1,1,AN615LJ,AN615LJ
2025-07-26_12-33-49-402_EL218KC-FRA.jpg,EL-218-KC,EL-218-KC,0.9582,1,1,EL218KC,EL218KC
2025-07-26_12-48-44-751_DM124RY-FRA.jpg,DM-124-RY.,DM-124-RY.,0.9644,1,1,DM124RY,DM124RY
2025-07-26_15-12-07-387_GY307EF-FRA.jpg,GY-307-EF,GY-307-EF,0.9990,1,1,GY307EF,GY307EF
2025-07-26_17-00-22-779_CH611CT-FRA.jpg,CH-611-CT,CH-611-CT,0.9989,1,1,CH611CT,CH611CT
2025-07-26_10-46-59-634_HB717DP-FRA.jpg,HB-717-DP,HB-717-DP,0.9999,1,1,HB717DP,HB717DP
2025-07-26_16-01-30-177_FJ534DB-FRA.jpg,FJ-534-DB,FJ-534-DB,0.9978,1,1,FJ534DB,FJ534DB
2025-07-26_17-48-23-436_BW195JH-FRA.jpg,BW-195-JH,BW-195-JH,0.9880,1,1,BW195JH,BW195JH
2025-07-26_12-20-50-241_FL854KP-FRA.jpg,FL-854-KP,FL-854-KP,1.0000,1,1,FL854KP,FL854KP
2025-07-26_10-23-33-820_EC356BE-FRA.jpg,EC-356-BE,EC-356-BE,1.0000,1,1,EC356BE,EC356BE
2025-07-26_17-15-30-368_CN706QA-FRA.jpg,CN-706-QA,CN-706-QA,0.9978,1,1,CN706QA,CN706QA
2025-07-26_14-14-11-458_FG360JQ-FRA.jpg,FG-360-JQ,FG-360-JQ,0.9913,1,1,FG360JQ,FG360JQ
2025-07-26_13-09-27-814_BC389ZJ-FRA.jpg,BC-389-ZJ,BC-389-ZJ,1.0000,1,1,BC389ZJ,BC389ZJ
2025-07-26_11-03-57-868_DE672AW-FRA.jpg,DE-672-AW,DE-672-AW,0.9720,1,1,DE672AW,DE672AW
2025-07-26_09-27-00-151_BJ176AY-FRA.jpg,BJ-176-AY,BJ-176-AY,0.9979,1,1,BJ176AY,BJ176AY
2025-07-26_10-28-21-319_GP226TC-FRA.jpg,GP-226-TC,GP-226-TC,0.9994,1,1,GP226TC,GP226TC
2025-07-26_13-34-15-764_GS068NY-FRA.jpg,GS-068-NY.,GS-068-NY.,0.9998,1,1,GS068NY,GS068NY
2025-07-26_10-40-58-644_EG367BT-FRA.jpg,EG-367-BT.,EG-367-BT.,1.0000,1,1,EG367BT,EG367BT
2025-07-26_10-37-59-903_DS522YZ-FRA.jpg,DS-522-YZ,DS-522-YZ,1.0000,1,1,DS522YZ,DS522YZ
2025-07-26_10-32-40-755_AV334FL-FRA.jpg,AV-334-FL,AV-334-FL,1.0000,1,1,AV334FL,AV334FL
2025-07-26_11-16-33-510_HB553BV-FRA.jpg,HB-553-BV,HB-553-BV,0.9767,1,1,HB553BV,HB553BV
2025-07-26_09-59-59-067_AC996YJ-FRA.jpg,AC-996-YJ,AC-996-YJ,0.9797,1,1,AC996YJ,AC996YJ
2025-07-26_13-02-51-428_GX366XR-FRA.jpg,GX-366-XR,GX-366-XR,1.0000,1,1,GX366XR,GX366XR
2025-07-26_12-59-04-805_EV962WD-FRA.jpg,EV962-WD,EV962-WD,0.9748,1,1,EV962WD,EV962WD
2025-07-26_12-42-08-588_FR757XB-FRA.jpg,FR-757-XB,FR-757-XB,1.0000,1,1,FR757XB,FR757XB
2025-07-26_15-22-27-275_EF186LJ-FRA.jpg,EF-186-LJ,EF-186-LJ,0.9482,1,1,EF186LJ,EF186LJ
2025-07-26_10-41-18-151_FQ651TZ-FRA.jpg,FQ-651-TZ,FQ-651-TZ,0.9979,1,1,FQ651TZ,FQ651TZ
2025-07-26_15-56-54-031_WW562GR-FRA.jpg,WW-562-GR,WW-562-GR,0.9826,1,1,WW562GR,WW562GR
2025-07-26_10-07-31-666_CA601LF-FRA.jpg,CA-601-LF,CA-601-LF,1.0000,1,1,CA601LF,CA601LF
2025-07-26_10-16-47-955_BY245EG-FRA.jpg,BY245EG,BY245EG,1.0000,1,1,BY245EG,BY245EG
2025-07-26_13-28-13-611_FW209NG-FRA.jpg,FW-209-NG,FW-209-NG,0.9613,1,1,FW209NG,FW209NG
2025-07-26_16-19-19-586_BK296ZR-FRA.jpg,BK-296-ZR,BK-296-ZR,1.0000,1,1,BK296ZR,BK296ZR
2025-07-26_17-59-07-502_EX669RP-FRA.jpg,EX-669-RP,EX-669-RP,0.9990,1,1,EX669RP,EX669RP
2025-07-26_12-19-08-432_HA117VP-FRA.jpg,HA-117-VP,HA-117-VP,0.9983,1,1,HA117VP,HA117VP
2025-07-26_18-03-17-814_AK536ZX-FRA.jpg,AK-536-ZX,AK-536-ZX,0.9998,1,1,AK536ZX,AK536ZX
2025-07-26_10-10-14-674_EA701DX-FRA.jpg,EA-701-DX,EA-701-DX,0.9859,1,1,EA701DX,EA701DX
2025-07-26_13-06-25-512_BN244FJ-FRA.jpg,BN-244-FJ,BN-244-FJ,0.9986,1,1,BN244FJ,BN244FJ
2025-07-26_12-52-04-488_DG508AZ-FRA.jpg,DG-508-AZ,DG-508-AZ,0.9997,1,1,DG508AZ,DG508AZ
2025-07-26_10-34-24-438_DD950WL-FRA.jpg,DD-950-WL,DD-950-WL,1.0000,1,1,DD950WL,DD950WL
2025-07-26_11-21-52-693_CY180KG-FRA.jpg,CY-180-KG,CY-180-KG,0.9985,1,1,CY180KG,CY180KG
2025-07-26_17-51-27-824_GC074TB-FRA.jpg,GC-074-TB,GC-074-TB,1.0000,1,1,GC074TB,GC074TB
2025-07-26_10-13-56-926_AR170WT-FRA.jpg,AR-170-WT.,AR-170-WT.,0.9537,1,1,AR170WT,AR170WT
2025-07-26_13-04-04-170_HB681VW-FRA.jpg,.HB-681-VW.,.HB-681-VW.,0.9508,1,1,HB681VW,HB681VW
2025-07-26_10-15-16-908_GX913DL-FRA.jpg,GX-913-DL,GX-913-DL,1.0000,1,1,GX913DL,GX913DL
2025-07-26_12-37-28-233_BB453TY-FRA.jpg,BB-453-TY,BB-453-TY,0.9958,1,1,BB453TY,BB453TY
2025-07-26_11-45-36-001_FP428VL-FRA.jpg,FP-428-VL,FP-428-VL,0.9995,1,1,FP428VL,FP428VL
2025-07-26_17-44-39-040_GN982GG-FRA.jpg,GN-982.GG,GN-982.GG,0.9912,1,1,GN982GG,GN982GG
2025-07-26_11-38-16-411_FS528BJ-FRA.jpg,FS-528-BJ,FS-528-BJ,1.0000,1,1,FS528BJ,FS528BJ
2025-07-26_10-21-56-004_GA297ZV-FRA.jpg,GA-297-ZV,GA-297-ZV,0.9635,1,1,GA297ZV,GA297ZV
2025-07-26_12-05-06-201_EL588LA-FRA.jpg,EL588LA,EL588LA,0.9995,1,1,EL588LA,EL588LA
2025-07-26_14-28-12-170_DA288CE-FRA.jpg,DA-288-CE,DA-288-CE,0.9999,1,1,DA288CE,DA288CE
2025-07-26_09-53-48-802_BG255LY-FRA.jpg,BG255-LY,BG255-LY,0.9718,1,1,BG255LY,BG255LY
2025-07-26_17-22-17-990_FG795AA-FRA.jpg,FG-795-AA,FG-795-AA,0.9934,1,1,FG795AA,FG795AA
2025-07-26_10-07-53-533_EY635BZ-FRA.jpg,EY-635-BZ,EY-635-BZ,0.9997,1,1,EY635BZ,EY635BZ
2025-07-26_09-04-01-506_FV018BT-FRA.jpg,FV-018-BT,FV-018-BT,0.9972,1,1,FV018BT,FV018BT
2025-07-26_10-46-44-076_CS725HC-FRA.jpg,CS-725-HC,CS-725-HC,0.9387,1,1,CS725HC,CS725HC
2025-07-26_12-58-29-482_DL142QT-FRA.jpg,DL-142-QT,DL-142-QT,0.9928,1,1,DL142QT,DL142QT
2025-07-26_09-37-02-041_DP515HT-FRA.jpg,DP-515-HT,DP-515-HT,1.0000,1,1,DP515HT,DP515HT
2025-07-26_12-44-06-782_DJ151HL-FRA.jpg,DJ-151-HL,DJ-151-HL,1.0000,1,1,DJ151HL,DJ151HL
2025-07-26_12-54-26-130_GP166AK-FRA.jpg,GP-166-AK,GP-166-AK,0.9941,1,1,GP166AK,GP166AK
2025-07-26_13-12-51-460_GC392ER-FRA.jpg,GC-392-ER,GC-392-ER,0.9999,1,1,GC392ER,GC392ER
2025-07-26_12-12-03-867_BD291VN-FRA.jpg,BD-291-VN,BD-291-VN,0.9923,1,1,BD291VN,BD291VN
2025-07-26_13-23-29-084_FC671VH-FRA.jpg,FC-671-VH,FC-671-VH,0.9524,1,1,FC671VH,FC671VH
2025-07-26_12-36-10-075_DS043KP-FRA.jpg,DS-043-KP,DS-043-KP,1.0000,1,1,DS043KP,DS043KP
2025-07-26_15-28-53-338_EC801SM-FRA.jpg,EC-801-SM,EC-801-SM,0.9950,1,1,EC801SM,EC801SM
2025-07-26_09-26-49-357_GH555EK-FRA.jpg,GH-555-EK.,GH-555-EK.,0.9995,1,1,GH555EK,GH555EK
2025-07-26_18-03-11-444_EW191MX-FRA.jpg,EW-191-MX,EW-191-MX,0.9936,1,1,EW191MX,EW191MX
2025-07-26_13-00-51-797_GD393VE-FRA.jpg,GD-393-VE,GD-393-VE,1.0000,1,1,GD393VE,GD393VE
2025-07-26_13-15-44-642_WW578VX-FRA.jpg,WW-578-VX,WW-578-VX,0.9982,1,1,WW578VX,WW578VX
2025-07-26_10-33-19-114_BC285VR-FRA.jpg,BC-285-VR,BC-285-VR,0.9997,1,1,BC285VR,BC285VR
2025-07-26_11-39-05-955_FM319YV-FRA.jpg,FM-319-YV,FM-319-YV,1.0000,1,1,FM319YV,FM319YV
2025-07-26_11-43-31-571_DK555AL-FRA.jpg,DK-555-AL.,DK-555-AL.,0.9999,1,1,DK555AL,DK555AL
2025-07-26_12-49-30-761_DE348CK-FRA.jpg,DE-348-CK.,DE-348-CK.,0.9989,1,1,DE348CK,DE348CK
2025-07-26_11-56-57-159_FS808AA-FRA.jpg,FS-808-AA,FS-808-AA,0.9980,1,1,FS808AA,FS808AA
2025-07-26_13-05-20-679_BE406YB-FRA.jpg,BE-406-YB,BE-406-YB,0.9955,1,1,BE406YB,BE406YB
2025-07-26_11-08-17-825_AA331PT-FRA.jpg,AA-331-PT,AA-331-PT,1.0000,1,1,AA331PT,AA331PT
2025-07-26_11-14-02-822_EZ972CF-FRA.jpg,EZ-972-CF,EZ-972-CF,0.9999,1,1,EZ972CF,EZ972CF
2025-07-26_11-07-29-174_GG692MP-FRA.jpg,GG-692-MP,GG-692-MP,0.9650,1,1,GG692MP,GG692MP
2025-07-26_12-37-03-624_CL222DH-FRA.jpg,CL-222-DH,CL-222-DH,0.9999,1,1,CL222DH,CL222DH
2025-07-26_12-06-14-304_FG576VN-FRA.jpg,FG-576-VN,FG-576-VN,0.9999,1,1,FG576VN,FG576VN
2025-07-26_13-09-17-580_DC761YV-FRA.jpg,DC-761-YV,DC-761-YV,0.9997,1,1,DC761YV,DC761YV
2025-07-26_12-49-58-331_FK044YQ-FRA.jpg,FK-044-YQ,FK-044-YQ,0.9745,1,1,FK044YQ,FK044YQ
2025-07-26_09-32-19-601_GB852FL-FRA.jpg,GB852FL,GB852FL,1.0000,1,1,GB852FL,GB852FL
2025-07-26_11-57-24-113_EH592LK-FRA.jpg,EH-592-LK,EH-592-LK,0.9996,1,1,EH592LK,EH592LK
2025-07-26_16-47-18-704_AS709KG-FRA.jpg,AS-709-KG,AS-709-KG,1.0000,1,1,AS709KG,AS709KG
2025-07-26_10-20-07-154_DP428FN-FRA.jpg,DP-428-FN,DP-428-FN,0.9999,1,1,DP428FN,DP428FN
2025-07-26_17-17-44-235_GV426AA-FRA.jpg,GV-426-AA,GV-426-AA,0.9997,1,1,GV426AA,GV426AA
2025-07-26_15-37-32-164_FF362TD-FRA.jpg,FF-362-TD,FF-362-TD,1.0000,1,1,FF362TD,FF362TD
2025-07-26_12-55-57-307_CF645FZ-FRA.jpg,CF-645-FZ,CF-645-FZ,0.9945,1,1,CF645FZ,CF645FZ
2025-07-26_11-18-37-885_GE688AM-FRA.jpg,GE-688-AM,GE-688-AM,0.9998,1,1,GE688AM,GE688AM
2025-07-26_09-32-55-523_GY262VK-FRA.jpg,GY-262-VK,GY-262-VK,0.9998,1,1,GY262VK,GY262VK
2025-07-26_13-17-04-197_GT816XJ-FRA.jpg,GT-816-XJ,GT-816-XJ,1.0000,1,1,GT816XJ,GT816XJ
2025-07-26_11-13-41-901_GC566TD-FRA.jpg,.GC-566-TD,.GC-566-TD,0.9984,1,1,GC566TD,GC566TD
2025-07-26_12-18-14-099_GW504YM-FRA.jpg,GW-504-YM,GW-504-YM,0.9646,1,1,GW504YM,GW504YM
2025-07-26_15-25-12-408_GK018PC-FRA.jpg,GK-018-PC,GK-018-PC,0.9996,1,1,GK018PC,GK018PC
2025-07-26_12-42-05-543_EM378LQ-FRA.jpg,EM-378-LQ,EM-378-LQ,0.9998,1,1,EM378LQ,EM378LQ
2025-07-26_10-25-30-586_BC009QB-FRA.jpg,BC-009-QB,BC-009-QB,1.0000,1,1,BC009QB,BC009QB
2025-07-26_10-21-57-431_GZ962SH-FRA.jpg,GZ-962-SH,GZ-962-SH,1.0000,1,1,GZ962SH,GZ962SH
2025-07-26_13-08-57-849_EJ716AD-FRA.jpg,EJ-716-AD,EJ-716-AD,0.9990,1,1,EJ716AD,EJ716AD
2025-07-26_16-24-01-366_HB520SG-FRA.jpg,HB-520-SG,HB-520-SG,1.0000,1,1,HB520SG,HB520SG
2025-07-26_13-59-56-012_DD316LA-FRA.jpg,DD-316-LA,DD-316-LA,0.9536,1,1,DD316LA,DD316LA
2025-07-26_16-36-15-604_GC631VB-FRA.jpg,GC-631-VB,GC-631-VB,0.9967,1,1,GC631VB,GC631VB
2025-07-26_11-15-49-802_GQ284KT-FRA.jpg,GQ-284-KT,GQ-284-KT,0.9998,1,1,GQ284KT,GQ284KT
2025-07-26_12-45-51-374_CN685YD-FRA.jpg,CN-685-YD,CN-685-YD,1.0000,1,1,CN685YD,CN685YD
2025-07-26_10-11-10-874_DA607LA-FRA.jpg,DA-607-LA,DA-607-LA,0.9965,1,1,DA607LA,DA607LA
2025-07-26_09-53-44-094_GB914ZT-FRA.jpg,GB-914-ZT.,GB-914-ZT.,0.9999,1,1,GB914ZT,GB914ZT
2025-07-26_11-59-52-543_DN933ZV-FRA.jpg,DN-933-ZV,DN-933-ZV,1.0000,1,1,DN933ZV,DN933ZV
2025-07-26_14-16-43-451_EL370XB-FRA.jpg,EL-370-XB,EL-370-XB,1.0000,1,1,EL370XB,EL370XB
2025-07-26_15-59-36-546_DJ205GF-FRA.jpg,DJ-205-GF,DJ-205-GF,0.9328,1,1,DJ205GF,DJ205GF
2025-07-26_18-21-23-758_DQ423AY-FRA.jpg,DQ-423-AY,DQ-423-AY,1.0000,1,1,DQ423AY,DQ423AY
2025-07-26_09-22-43-668_EV044QY-FRA.jpg,EV-044-QY.,EV-044-QY.,0.9995,1,1,EV044QY,EV044QY
2025-07-26_09-29-16-665_BF666EE-FRA.jpg,.BF-666EE,.BF-666EE,0.9682,1,1,BF666EE,BF666EE
2025-07-26_15-15-43-462_EL232YW-FRA.jpg,EL-232-YW,EL-232-YW,0.9855,1,1,EL232YW,EL232YW
2025-07-26_13-02-16-837_GQ005ZH-FRA.jpg,GQ-005-ZH,GQ-005-ZH,1.0000,1,1,GQ005ZH,GQ005ZH
2025-07-26_10-10-07-774_GW564DP-FRA.jpg,GW-564-DP,GW-564-DP,0.9999,1,1,GW564DP,GW564DP
2025-07-26_13-19-40-167_BX108CW-FRA.jpg,BX-108-CW,BX-108-CW,0.9999,1,1,BX108CW,BX108CW
2025-07-26_12-07-07-669_AN101LJ-FRA.jpg,AN.101-LJ,AN.101-LJ,0.9973,1,1,AN101LJ,AN101LJ
2025-07-26_12-05-59-943_DZ098FE-FRA.jpg,DZ-098-FE,DZ-098-FE,0.9999,1,1,DZ098FE,DZ098FE
2025-07-26_17-00-24-679_AR910HK-FRA.jpg,AR-910-HK,AR-910-HK,0.9997,1,1,AR910HK,AR910HK
2025-07-26_09-23-14-267_GW739NM-FRA.jpg,GW739NM,GW739NM,0.9757,1,1,GW739NM,GW739NM
2025-07-26_10-09-39-491_GA327CL-FRA.jpg,GA-327-CL.,GA-327-CL.,0.9535,1,1,GA327CL,GA327CL
2025-07-26_12-42-34-215_FA113YY-FRA.jpg,FA-113-YY,FA-113-YY,1.0000,1,1,FA113YY,FA113YY
2025-07-26_09-29-05-220_GK760WC-FRA.jpg,GK-760-WC,GK-760-WC,0.9508,1,1,GK760WC,GK760WC
2025-07-26_10-05-50-816_EH919HY-FRA.jpg,EH-919-HY,EH-919-HY,0.9935,1,1,EH919HY,EH919HY
2025-07-26_16-27-42-240_EH650ZD-FRA.jpg,EH-650-ZD,EH-650-ZD,0.9769,1,1,EH650ZD,EH650ZD
2025-07-26_14-25-54-845_ED253NJ-FRA.jpg,ED-253-NJ,ED-253-NJ,0.9451,1,1,ED253NJ,ED253NJ
2025-07-26_14-40-52-648_AR590ZK-FRA.jpg,AR-590-ZK,AR-590-ZK,0.9999,1,1,AR590ZK,AR590ZK
2025-07-26_12-57-41-017_WW758DL-FRA.jpg,WW-758-DL,WW-758-DL,0.9999,1,1,WW758DL,WW758DL
2025-07-26_09-18-35-991_BY016TB-FRA.jpg,BY-016-TB,BY-016-TB,0.9999,1,1,BY016TB,BY016TB
2025-07-26_12-59-53-988_AZ256BA-FRA.jpg,AZ-256-BA,AZ-256-BA,0.9999,1,1,AZ256BA,AZ256BA
2025-07-26_11-00-04-502_CM914AJ-FRA.jpg,CM-914-AJ,CM-914-AJ,0.9948,1,1,CM914AJ,CM914AJ
2025-07-26_10-26-18-038_AE670GD-FRA.jpg,AE-670-GD,AE-670-GD,0.9999,1,1,AE670GD,AE670GD
2025-07-26_11-39-19-577_CD689PV-FRA.jpg,CD-689-PV.,CD-689-PV.,0.9971,1,1,CD689PV,CD689PV
2025-07-26_17-23-37-515_GN468HG-FRA.jpg,GN-468-HG,GN-468-HG,1.0000,1,1,GN468HG,GN468HG
2025-07-26_09-16-59-848_FM812FZ-FRA.jpg,.FM-812-FZ.,.FM-812-FZ.,0.9998,1,1,FM812FZ,FM812FZ
2025-07-26_12-32-14-740_BG826HH-FRA.jpg,BG-826-HH,BG-826-HH,0.9775,1,1,BG826HH,BG826HH
2025-07-26_09-25-49-991_BA076MA-FRA.jpg,BA-076-MA.,BA-076-MA.,0.9487,1,1,BA076MA,BA076MA
2025-07-26_10-58-55-621_GY654DE-FRA.jpg,GY-654-DE,GY-654-DE,0.9964,1,1,GY654DE,GY654DE
2025-07-26_14-42-45-380_BG103TH-FRA.jpg,BG-103-TH,BG-103-TH,0.9999,1,1,BG103TH,BG103TH
2025-07-26_13-32-16-851_CJ846QF-FRA.jpg,CJ-846.QF,CJ-846.QF,0.9493,1,1,CJ846QF,CJ846QF
2025-07-26_10-57-05-073_ET331LS-FRA.jpg,ET-331-LS,ET-331-LS,0.9996,1,1,ET331LS,ET331LS
2025-07-26_09-24-20-270_FM596MS-FRA.jpg,FM-596-MS,FM-596-MS,0.9999,1,1,FM596MS,FM596MS
2025-07-26_14-51-04-498_FR962KJ-FRA.jpg,FR-962-KJ,FR-962-KJ,1.0000,1,1,FR962KJ,FR962KJ
2025-07-26_18-22-01-219_CN137VF-FRA.jpg,CN-137-VF,CN-137-VF,0.9933,1,1,CN137VF,CN137VF
2025-07-26_14-36-56-541_BX561VD-FRA.jpg,BX-561-VD,BX-561-VD,1.0000,1,1,BX561VD,BX561VD
2025-07-26_10-19-05-597_BL037PQ-FRA.jpg,BL-037-PQ,BL-037-PQ,0.9998,1,1,BL037PQ,BL037PQ
2025-07-26_12-59-32-087_GR944ZK-FRA.jpg,GR-944-ZK,GR-944-ZK,1.0000,1,1,GR944ZK,GR944ZK
2025-07-26_09-39-52-797_CK018DL-FRA.jpg,CK-018-DL.,CK-018-DL.,0.9712,1,1,CK018DL,CK018DL
2025-07-26_16-53-25-673_FN102BR-FRA.jpg,FN-102-BR,FN-102-BR,0.9940,1,1,FN102BR,FN102BR
2025-07-26_10-56-16-128_CX978HQ-FRA.jpg,CX-978-HQ,CX-978-HQ,0.9722,1,1,CX978HQ,CX978HQ
2025-07-26_13-28-04-644_GK366TC-FRA.jpg,GK-366-TC,GK-366-TC,1.0000,1,1,GK366TC,GK366TC
2025-07-26_16-09-48-070_DJ581EN-FRA.jpg,DJ-581-EN,DJ-581-EN,1.0000,1,1,DJ581EN,DJ581EN
2025-07-26_15-36-46-534_CD783LA-FRA.jpg,CD-783-LA,CD-783-LA,0.9999,1,1,CD783LA,CD783LA
2025-07-26_09-45-23-651_AW698VV-FRA.jpg,AW-698-VV,AW-698-VV,0.9676,1,1,AW698VV,AW698VV
2025-07-26_10-29-23-912_CZ643ZP-FRA.jpg,CZ-643-ZP,CZ-643-ZP,0.9981,1,1,CZ643ZP,CZ643ZP
2025-07-26_09-52-05-666_FN527AD-ITA.jpg,FN-527-AD,FN-527-AD,1.0000,1,1,FN527AD,FN527AD
2025-07-26_17-53-15-820_GE009KV-FRA.jpg,GE.009KV,GE.009KV,0.9997,1,1,GE009KV,GE009KV
2025-07-26_10-11-10-971_GS241HX-FRA.jpg,GS-241-HX,GS-241-HX,0.9847,1,1,GS241HX,GS241HX
2025-07-26_10-06-11-246_AG488SX-FRA.jpg,AG-488-SX,AG-488-SX,0.9992,1,1,AG488SX,AG488SX
2025-07-26_11-39-04-179_HD261BM-FRA.jpg,HD-261-BM,HD-261-BM,0.9999,1,1,HD261BM,HD261BM
2025-07-26_16-04-11-116_GP136JR-FRA.jpg,GP-136-JR,GP-136-JR,1.0000,1,1,GP136JR,GP136JR
2025-07-26_12-43-30-088_EL574ND-FRA.jpg,EL-574-ND,EL-574-ND,0.9869,1,1,EL574ND,EL574ND
2025-07-26_11-44-19-206_GC359PX-FRA.jpg,GC-359-PX,GC-359-PX,0.9941,1,1,GC359PX,GC359PX
2025-07-26_11-23-42-750_CH981WL-FRA.jpg,CH-981-WL.,CH-981-WL.,0.9982,1,1,CH981WL,CH981WL
2025-07-26_11-38-30-772_EN049EY-FRA.jpg,EN-049-EY,EN-049-EY,1.0000,1,1,EN049EY,EN049EY
2025-07-26_10-34-49-058_HC683WJ-FRA.jpg,H6,H6,0.9996,1,1,H6,H6
2025-07-26_10-27-13-997_BX473PV-FRA.jpg,BX-473-PV,BX-473-PV,0.9841,1,1,BX473PV,BX473PV
2025-07-26_12-17-20-028_FX758NJ-FRA.jpg,FX-758-NJ,FX-758-NJ,0.9774,1,1,FX758NJ,FX758NJ
2025-07-26_18-03-53-970_GC720GR-FRA.jpg,GC-720-GR.,GC-720-GR.,1.0000,1,1,GC720GR,GC720GR
2025-07-26_09-55-10-863_ES825RD-FRA.jpg,ES-825-RD,ES-825-RD,0.9736,1,1,ES825RD,ES825RD
2025-07-26_12-26-00-227_AR908NR-FRA.jpg,AR-908-NR,AR-908-NR,0.9699,1,1,AR908NR,AR908NR
2025-07-26_14-23-19-609_BX553BC-FRA.jpg,BX-553-BC,BX-553-BC,0.9692,1,1,BX553BC,BX553BC
2025-07-26_13-08-56-929_FH568RV-FRA.jpg,FH-568-RV,FH-568-RV,0.9780,1,1,FH568RV,FH568RV
2025-07-26_10-59-05-033_CR296GV-FRA.jpg,CR-296-GV,CR-296-GV,0.9996,1,1,CR296GV,CR296GV
2025-07-26_11-10-14-573_EF621LL-FRA.jpg,EF-621-LL.,EF-621-LL.,0.9878,1,1,EF621LL,EF621LL
2025-07-26_10-30-08-362_CA138RD-FRA.jpg,CA-138-RD,CA-138-RD,1.0000,1,1,CA138RD,CA138RD
2025-07-26_13-09-31-730_EZ513TA-FRA.jpg,EZ-513-TA,EZ-513-TA,0.9999,1,1,EZ513TA,EZ513TA
2025-07-26_15-58-07-394_GB653JH-FRA.jpg,GB-653-JH,GB-653-JH,0.9997,1,1,GB653JH,GB653JH
2025-07-26_10-28-25-398_FN410VY-FRA.jpg,FN-410-VY,FN-410-VY,0.9685,1,1,FN410VY,FN410VY
2025-07-26_13-20-04-638_CL202KH-FRA.jpg,CL-202-KH,CL-202-KH,1.0000,1,1,CL202KH,CL202KH
2025-07-26_09-18-07-989_AG039GZ-FRA.jpg,AG-039-GZ,AG-039-GZ,0.9998,1,1,AG039GZ,AG039GZ
2025-07-26_11-32-29-118_CT912TS-FRA.jpg,CT-912-TS,CT-912-TS,0.9672,1,1,CT912TS,CT912TS
2025-07-26_11-35-53-206_FR468YY-FRA.jpg,FR-468-YY.,FR-468-YY.,0.9999,1,1,FR468YY,FR468YY
2025-07-26_10-21-43-111_CP329ZS-FRA.jpg,CP-329-ZS,CP-329-ZS,0.9996,1,1,CP329ZS,CP329ZS
2025-07-26_14-54-54-731_FX171JK-FRA.jpg,FX-171-JK.,FX-171-JK.,0.9984,1,1,FX171JK,FX171JK
2025-07-26_10-57-05-793_BS464HP-FRA.jpg,BS-464-HP,BS-464-HP,0.9991,1,1,BS464HP,BS464HP
2025-07-26_11-51-41-558_EQ454TD-FRA.jpg,EQ-454-TD,EQ-454-TD,0.9998,1,1,EQ454TD,EQ454TD
2025-07-26_17-21-20-777_DB074VD-FRA.jpg,DB-074-VD,DB-074-VD,0.9682,1,1,DB074VD,DB074VD
2025-07-26_09-17-15-137_FN309PM-FRA.jpg,FN-309-PM,FN-309-PM,1.0000,1,1,FN309PM,FN309PM
2025-07-26_11-26-04-533_FR924AE-FRA.jpg,FR-924-AE.,FR-924-AE.,0.9999,1,1,FR924AE,FR924AE
2025-07-26_10-55-36-955_DE022TG-FRA.jpg,DE-022-TG,DE-022-TG,0.9877,1,1,DE022TG,DE022TG
2025-07-26_11-26-49-545_EW201HB-FRA.jpg,EW-201-HB,EW-201-HB,0.9993,1,1,EW201HB,EW201HB
2025-07-26_14-22-10-435_GH028XT-FRA.jpg,GH-028-XT,GH-028-XT,0.9993,1,1,GH028XT,GH028XT
2025-07-26_16-00-57-458_DD520ND-FRA.jpg,DD-520-ND.,DD-520-ND.,0.9999,1,1,DD520ND,DD520ND
2025-07-26_11-02-29-296_CY604SB-FRA.jpg,CY-604-SB,CY-604-SB,0.9989,1,1,CY604SB,CY604SB
2025-07-26_13-56-28-054_FR664DQ-FRA.jpg,FR664DQ,FR664DQ,0.9790,1,1,FR664DQ,FR664DQ
2025-07-26_11-19-19-154_CP146HV-FRA.jpg,CP-146HV,CP-146HV,1.0000,1,1,CP146HV,CP146HV
2025-07-26_17-43-50-872_CX593ZA-FRA.jpg,CX-593-ZA,CX-593-ZA,0.9915,1,1,CX593ZA,CX593ZA
2025-07-26_17-09-54-271_DK656WG-FRA.jpg,DK-656-WG,DK-656-WG,0.9976,1,1,DK656WG,DK656WG
2025-07-26_10-19-08-891_GJ084CS-FRA.jpg,GJ-084-CS,GJ-084-CS,0.9935,1,1,GJ084CS,GJ084CS
2025-07-26_12-12-00-107_GJ290ND-FRA.jpg,GJ-290-ND,GJ-290-ND,1.0000,1,1,GJ290ND,GJ290ND
2025-07-26_09-21-18-043_AR082GZ-FRA.jpg,AR-082-GZ.,AR-082-GZ.,1.0000,1,1,AR082GZ,AR082GZ
2025-07-26_12-50-56-122_AT051TZ-FRA.jpg,AT-051-TZ,AT-051-TZ,0.9998,1,1,AT051TZ,AT051TZ
2025-07-26_10-51-09-565_DT269RS-FRA.jpg,DT-269-RS,DT-269-RS,0.9972,1,1,DT269RS,DT269RS
2025-07-26_12-21-07-730_DM464DR-FRA.jpg,DM-464-DR,DM-464-DR,0.9487,1,1,DM464DR,DM464DR
2025-07-26_16-12-18-452_BQ962ZM-FRA.jpg,BQ-962-ZM,BQ-962-ZM,0.9997,1,1,BQ962ZM,BQ962ZM
2025-07-26_12-55-56-506_DW516PA-FRA.jpg,DW-516-PA,DW-516-PA,1.0000,1,1,DW516PA,DW516PA
2025-07-26_12-06-56-626_HE088GS-FRA.jpg,HE-088-GS,HE-088-GS,0.9855,1,1,HE088GS,HE088GS
2025-07-26_10-04-53-227_AW788ML-FRA.jpg,AW-788-ML.,AW-788-ML.,0.9834,1,1,AW788ML,AW788ML
2025-07-26_12-37-16-999_AJ721AJ-FRA.jpg,AJ-721-AJ,AJ-721-AJ,0.9994,1,1,AJ721AJ,AJ721AJ
2025-07-26_12-17-47-147_HA536QC-FRA.jpg,HA-536-QC,HA-536-QC,1.0000,1,1,HA536QC,HA536QC
2025-07-26_10-30-52-552_EK958HS-FRA.jpg,EK-958-HS,EK-958-HS,0.9999,1,1,EK958HS,EK958HS
2025-07-26_18-13-38-024_BK885ZQ-FRA.jpg,BK-885-ZQ,BK-885-ZQ,0.9996,1,1,BK885ZQ,BK885ZQ
2025-07-26_12-49-13-172_DT945EP-FRA.jpg,DT-945-EP,DT-945-EP,0.9877,1,1,DT945EP,DT945EP
2025-07-26_10-29-43-977_EZ198CP-FRA.jpg,EZ.198.CP.,EZ.198.CP.,1.0000,1,1,EZ198CP,EZ198CP
2025-07-26_11-22-05-423_GG508PT-FRA.jpg,GG-508-PT,GG-508-PT,0.9553,1,1,GG508PT,GG508PT
2025-07-26_13-12-41-375_BW708KB-FRA.jpg,BW-708-KB,BW-708-KB,0.9999,1,1,BW708KB,BW708KB
2025-07-26_13-14-04-835_EX757BK-FRA.jpg,EX.757.BK,EX.757.BK,1.0000,1,1,EX757BK,EX757BK
2025-07-26_15-00-44-176_HB337ZP-FRA.jpg,HB-337-ZP,HB-337-ZP,1.0000,1,1,HB337ZP,HB337ZP
2025-07-26_09-55-44-135_CX540FH-FRA.jpg,CX-540-FH,CX-540-FH,1.0000,1,1,CX540FH,CX540FH
2025-07-26_11-39-13-147_CC699NG-FRA.jpg,CC-699-NG,CC-699-NG,0.9996,1,1,CC699NG,CC699NG
2025-07-26_10-49-51-823_DR089PL-FRA.jpg,DR-089PL,DR-089PL,0.9991,1,1,DR089PL,DR089PL
2025-07-26_14-05-51-821_CP192NM-FRA.jpg,CP-192-NM,CP-192-NM,0.9999,1,1,CP192NM,CP192NM
2025-07-26_10-23-48-321_DM374GR-ITA.jpg,DM-374-GR,DM-374-GR,1.0000,1,1,DM374GR,DM374GR
2025-07-26_09-21-24-602_CJ828PQ-FRA.jpg,CJ-828-PQ,CJ-828-PQ,0.9864,1,1,CJ828PQ,CJ828PQ
2025-07-26_13-04-16-118_CQ532SG-FRA.jpg,CQ-532-SG,CQ-532-SG,0.9999,1,1,CQ532SG,CQ532SG
2025-07-26_10-32-03-341_DC898MJ-FRA.jpg,DC-898-MJ,DC-898-MJ,1.0000,1,1,DC898MJ,DC898MJ
2025-07-26_12-12-26-053_FC746GN-FRA.jpg,FC-746-GN,FC-746-GN,0.9702,1,1,FC746GN,FC746GN
2025-07-26_10-24-39-584_EF156RJ-FRA.jpg,EF-156-RJ,EF-156-RJ,1.0000,1,1,EF156RJ,EF156RJ
2025-07-26_12-50-00-031_AT127VR-FRA.jpg,AT-127-VR,AT-127-VR,0.9999,1,1,AT127VR,AT127VR
2025-07-26_12-55-39-559_GE932ZB-FRA.jpg,GE-932-ZB.,GE-932-ZB.,0.9939,1,1,GE932ZB,GE932ZB
2025-07-26_12-43-32-648_CN492VQ-FRA.jpg,CN-492-VQ,CN-492-VQ,0.9302,1,1,CN492VQ,CN492VQ
2025-07-26_12-56-28-230_GJ443SJ-FRA.jpg,GJ-443-SJ,GJ-443-SJ,1.0000,1,1,GJ443SJ,GJ443SJ
2025-07-26_12-08-11-305_BH241LR-FRA.jpg,BH-241-LR,BH-241-LR,0.9485,1,1,BH241LR,BH241LR
2025-07-26_09-27-10-973_ER840FT-FRA.jpg,ER-840-FT,ER-840-FT,1.0000,1,1,ER840FT,ER840FT
2025-07-26_10-15-40-628_GJ461WX-FRA.jpg,GJ-461-WX.,GJ-461-WX.,1.0000,1,1,GJ461WX,GJ461WX
2025-07-26_12-31-32-740_FB530LW-FRA.jpg,FB-530-LW,FB-530-LW,0.9810,1,1,FB530LW,FB530LW
2025-07-26_10-31-36-779_CW284CM-FRA.jpg,CW-284-CM,CW-284-CM,1.0000,1,1,CW284CM,CW284CM
2025-07-26_12-46-58-424_EZ649KD-FRA.jpg,EZ-649-KD,EZ-649-KD,0.9949,1,1,EZ649KD,EZ649KD
2025-07-26_10-46-34-950_EF854GM-FRA.jpg,EF-854-GM,EF-854-GM,1.0000,1,1,EF854GM,EF854GM
2025-07-26_12-08-58-943_HA276XH-FRA.jpg,HA-276-XH,HA-276-XH,0.9804,1,1,HA276XH,HA276XH
2025-07-26_10-53-46-810_FJ772WE-FRA.jpg,FJ-772-WE,FJ-772-WE,0.9904,1,1,FJ772WE,FJ772WE
2025-07-26_16-11-06-715_BF674FX-FRA.jpg,BF-674-FX,BF-674-FX,0.9984,1,1,BF674FX,BF674FX
2025-07-26_10-32-44-532_DT020KY-FRA.jpg,DT-020-KY,DT-020-KY,0.9991,1,1,DT020KY,DT020KY
2025-07-26_09-59-26-009_CE346JN-FRA.jpg,CE-346-JN,CE-346-JN,0.9991,1,1,CE346JN,CE346JN
2025-07-26_14-24-33-678_FT060LA-FRA.jpg,FT-060-LA,FT-060-LA,1.0000,1,1,FT060LA,FT060LA
2025-07-26_11-16-29-623_AJ467DJ-FRA.jpg,AJ-467-DJ,AJ-467-DJ,1.0000,1,1,AJ467DJ,AJ467DJ
2025-07-26_14-47-16-331_GM125ML-FRA.jpg,GM-125-ML.,GM-125-ML.,1.0000,1,1,GM125ML,GM125ML
2025-07-26_12-54-00-323_GL611DD-FRA.jpg,GL.611.DD,GL.611.DD,0.9996,1,1,GL611DD,GL611DD
2025-07-26_12-37-19-704_EL295ZE-FRA.jpg,EL-295-ZE.,EL-295-ZE.,0.9995,1,1,EL295ZE,EL295ZE
2025-07-26_16-06-05-356_GW163YV-FRA.jpg,GW-163-YV,GW-163-YV,0.9999,1,1,GW163YV,GW163YV
2025-07-26_16-50-05-171_EW568JT-FRA.jpg,EW-568-JT.,EW-568-JT.,0.9879,1,1,EW568JT,EW568JT
2025-07-26_09-41-12-461_HB332NA-FRA.jpg,HB-332-NA,HB-332-NA,0.9985,1,1,HB332NA,HB332NA
2025-07-26_11-32-32-829_FG998GV-FRA.jpg,FG-998-GV,FG-998-GV,0.9869,1,1,FG998GV,FG998GV
2025-07-26_10-34-06-161_DB997HJ-FRA.jpg,DB-997-HJ,DB-997-HJ,1.0000,1,1,DB997HJ,DB997HJ
2025-07-26_17-28-39-660_GG751MP-FRA.jpg,GG-751-MP.,GG-751-MP.,0.9999,1,1,GG751MP,GG751MP
2025-07-26_09-05-37-533_BF681QJ-FRA.jpg,BF-681-QJ,BF-681-QJ,0.9941,1,1,BF681QJ,BF681QJ
2025-07-26_10-07-32-466_ER644LY-FRA.jpg,ER-644-LY,ER-644-LY,1.0000,1,1,ER644LY,ER644LY
2025-07-26_16-38-41-534_FB502CQ-FRA.jpg,FB.502.CQ,FB.502.CQ,0.9841,1,1,FB502CQ,FB502CQ
2025-07-26_12-08-55-304_FK948SA-FRA.jpg,FK-948-SA,FK-948-SA,0.9999,1,1,FK948SA,FK948SA
2025-07-26_10-17-08-370_FG452HW-FRA.jpg,FG-452-HW,FG-452-HW,0.9980,1,1,FG452HW,FG452HW
2025-07-26_10-52-45-217_GV393KE-FRA.jpg,GV-393-KE,GV-393-KE,0.9671,1,1,GV393KE,GV393KE
2025-07-26_09-41-26-317_CD604RM-FRA.jpg,CD-604-RM,CD-604-RM,0.9358,1,1,CD604RM,CD604RM
2025-07-26_12-41-07-486_ER961YV-FRA.jpg,ER-961-YV,ER-961-YV,0.9785,1,1,ER961YV,ER961YV
2025-07-26_12-59-21-327_BX671FY-FRA.jpg,BX-671-FY,BX-671-FY,1.0000,1,1,BX671FY,BX671FY
2025-07-26_10-40-50-377_FY503BV-FRA.jpg,FY-503-BV,FY-503-BV,1.0000,1,1,FY503BV,FY503BV
2025-07-26_12-40-52-234_DW677WA-FRA.jpg,DW677.WA.,DW677.WA.,0.9439,1,1,DW677WA,DW677WA
2025-07-26_12-56-34-997_AC015AB-FRA.jpg,AC-015-AB,AC-015-AB,1.0000,1,1,AC015AB,AC015AB
2025-07-26_10-57-53-993_CE351QB-FRA.jpg,CE-351-QB.,CE-351-QB.,0.9900,1,1,CE351QB,CE351QB
2025-07-26_13-08-38-779_FT722TA-FRA.jpg,FT-722-TA,FT-722-TA,0.9952,1,1,FT722TA,FT722TA
2025-07-26_11-14-52-536_GW089KX-FRA.jpg,GW-089-KX,GW-089-KX,1.0000,1,1,GW089KX,GW089KX
2025-07-26_10-17-45-873_GK410RL-FRA.jpg,GK-410-RL,GK-410-RL,0.9994,1,1,GK410RL,GK410RL
2025-07-26_12-10-04-214_BV277QV-FRA.jpg,BV-277-QV,BV-277-QV,1.0000,1,1,BV277QV,BV277QV
2025-07-26_12-40-24-832_FX955RV-FRA.jpg,FX-955-RV,FX-955-RV,0.9968,1,1,FX955RV,FX955RV
2025-07-26_13-58-26-307_AX393QP-FRA.jpg,AX-393-QP,AX-393-QP,1.0000,1,1,AX393QP,AX393QP
2025-07-26_11-16-01-988_DF953BN-FRA.jpg,DF-953-BN,DF-953-BN,0.9998,1,1,DF953BN,DF953BN
2025-07-26_16-31-28-244_FP114WP-FRA.jpg,FP-114-WP,FP-114-WP,0.9989,1,1,FP114WP,FP114WP
2025-07-26_16-04-21-015_HA019KB-FRA.jpg,HA-019-KB,HA-019-KB,0.9997,1,1,HA019KB,HA019KB
2025-07-26_15-24-26-507_HA976PZ-FRA.jpg,HA-976-PZ,HA-976-PZ,0.9502,1,1,HA976PZ,HA976PZ
2025-07-26_14-20-07-210_EH215CQ-FRA.jpg,EH-215-CQ,EH-215-CQ,0.9565,1,1,EH215CQ,EH215CQ
2025-07-26_10-52-39-067_GF533LS-FRA.jpg,GF-533-LS,GF-533-LS,0.9508,1,1,GF533LS,GF533LS
2025-07-26_12-04-37-652_BV827MS-FRA.jpg,BV-827-MS,BV-827-MS,0.9977,1,1,BV827MS,BV827MS
2025-07-26_11-10-50-226_GL823SK-FRA.jpg,GL-823-SK.,GL-823-SK.,1.0000,1,1,GL823SK,GL823SK
2025-07-26_09-37-05-733_FA074VR-FRA.jpg,FA-074-VR,FA-074-VR,1.0000,1,1,FA074VR,FA074VR
2025-07-26_14-12-36-833_EK533ZV-FRA.jpg,EK-533-ZV,EK-533-ZV,0.9999,1,1,EK533ZV,EK533ZV
2025-07-26_10-39-38-822_BB526BC-FRA.jpg,BB-526-BC,BB-526-BC,0.9997,1,1,BB526BC,BB526BC
2025-07-26_10-41-12-710_BV864GG-FRA.jpg,BV-864-GG,BV-864-GG,0.9907,1,1,BV864GG,BV864GG
2025-07-26_15-22-19-373_ED584KV-FRA.jpg,ED-584-KV,ED-584-KV,0.9855,1,1,ED584KV,ED584KV
2025-07-26_14-38-18-396_DQ599XS-FRA.jpg,DQ-599-XS,DQ-599-XS,0.9988,1,1,DQ599XS,DQ599XS
2025-07-26_10-55-39-548_GZ876KY-FRA.jpg,GZ-876-KY,GZ-876-KY,0.9501,1,1,GZ876KY,GZ876KY
2025-07-26_11-11-49-210_DM494BV-FRA.jpg,DM-494-BV,DM-494-BV,0.9810,1,1,DM494BV,DM494BV
2025-07-26_11-44-22-354_GB495EB-FRA.jpg,GB-495-EB,GB-495-EB,1.0000,1,1,GB495EB,GB495EB
2025-07-26_17-20-05-513_FQ186QH-FRA.jpg,FQ-186-QH,FQ-186-QH,0.9957,1,1,FQ186QH,FQ186QH
2025-07-26_13-07-49-710_FM760YL-FRA.jpg,FM-760-YL,FM-760-YL,0.9986,1,1,FM760YL,FM760YL
2025-07-26_12-26-11-008_AA135PN-FRA.jpg,AA-135-PN,AA-135-PN,0.9585,1,1,AA135PN,AA135PN
2025-07-26_15-20-38-787_CF874GZ-FRA.jpg,CF-874-GZ,CF-874-GZ,1.0000,1,1,CF874GZ,CF874GZ
2025-07-26_13-19-24-286_AB002BE-FRA.jpg,AB-002-BE,AB-002-BE,1.0000,1,1,AB002BE,AB002BE
2025-07-26_11-46-45-842_AD662BX-FRA.jpg,AD-662-BX,AD-662-BX,1.0000,1,1,AD662BX,AD662BX
2025-07-26_13-09-49-414_BW788YZ-FRA.jpg,BW-788-YZ,BW-788-YZ,0.9984,1,1,BW788YZ,BW788YZ
2025-07-26_12-10-21-016_DL112XR-FRA.jpg,DL-112-XR,DL-112-XR,0.9887,1,1,DL112XR,DL112XR
2025-07-26_12-11-27-357_GG170TT-FRA.jpg,GG-170-TT,GG-170-TT,0.9999,1,1,GG170TT,GG170TT
2025-07-26_10-29-46-380_DP301FF-FRA.jpg,DP-301-FF.,DP-301-FF.,0.9916,1,1,DP301FF,DP301FF
2025-07-26_14-08-38-481_EJ756GY-FRA.jpg,EJ-756-GY,EJ-756-GY,1.0000,1,1,EJ756GY,EJ756GY
2025-07-26_10-00-31-338_GY278RB-FRA.jpg,GY-278-RB,GY-278-RB,1.0000,1,1,GY278RB,GY278RB
2025-07-26_16-30-04-543_FT593QM-FRA.jpg,FT-593-QM,FT-593-QM,0.9998,1,1,FT593QM,FT593QM
2025-07-26_10-32-46-998_AP310SY-FRA.jpg,AP-310-SY,AP-310-SY,1.0000,1,1,AP310SY,AP310SY
2025-07-26_10-31-20-490_3738YQ62-FRA.jpg,3738YQ62,3738YQ62,0.9729,1,1,3738YQ62,3738YQ62
2025-07-26_10-59-06-332_GT886LQ-FRA.jpg,GT-886-LQ,GT-886-LQ,0.9778,1,1,GT886LQ,GT886LQ
2025-07-26_11-35-58-835_BW895DS-FRA.jpg,BW-895-DS,BW-895-DS,0.9788,1,1,BW895DS,BW895DS
2025-07-26_14-28-01-155_GW431ZL-FRA.jpg,GW-431-ZL,GW-431-ZL,0.9700,1,1,GW431ZL,GW431ZL
2025-07-26_10-55-54-475_28BVM06-FRA.jpg,28BVM-06,28BVM-06,0.9995,1,1,28BVM06,28BVM06
2025-07-26_13-32-57-470_BC034EQ-FRA.jpg,BC-034-EQ,BC-034-EQ,0.9598,1,1,BC034EQ,BC034EQ
2025-07-26_13-38-16-153_FB394PL-FRA.jpg,FB-394-PL.,FB-394-PL.,0.9026,1,1,FB394PL,FB394PL
2025-07-26_10-15-35-739_DF108DC-FRA.jpg,DF108-DC,DF108-DC,1.0000,1,1,DF108DC,DF108DC
2025-07-26_09-13-47-579_CE021JV-FRA.jpg,CE021.JV,CE021.JV,0.9996,1,1,CE021JV,CE021JV
2025-07-26_16-06-26-073_GD800KQ-FRA.jpg,GD.800-KQ,GD.800-KQ,0.9993,1,1,GD800KQ,GD800KQ
2025-07-26_10-29-19-572_EY291EM-FRA.jpg,EY-291-EM,EY-291-EM,1.0000,1,1,EY291EM,EY291EM
2025-07-26_11-43-09-554_HB506JR-FRA.jpg,.HB-506-JR,.HB-506-JR,0.9985,1,1,HB506JR,HB506JR
2025-07-26_12-32-32-217_DM003JH-FRA.jpg,DM-003-JH,DM-003-JH,1.0000,1,1,DM003JH,DM003JH
2025-07-26_15-58-16-354_DJ019HS-FRA.jpg,DJ-019-HS,DJ-019-HS,0.9996,1,1,DJ019HS,DJ019HS
2025-07-26_14-24-28-363_GE647WQ-FRA.jpg,GE-647-WQ,GE-647-WQ,0.9999,1,1,GE647WQ,GE647WQ
2025-07-26_12-49-12-884_FA077VH-FRA.jpg,FA-077-VH,FA-077-VH,1.0000,1,1,FA077VH,FA077VH
2025-07-26_17-23-17-792_CJ074AF-FRA.jpg,CJ-074-AF,CJ-074-AF,0.9939,1,1,CJ074AF,CJ074AF
2025-07-26_15-49-35-404_GL870YP-FRA.jpg,GL-870-YP,GL-870-YP,1.0000,1,1,GL870YP,GL870YP
2025-07-26_10-21-53-195_EJ042MV-FRA.jpg,EJ-042-MV,EJ-042-MV,0.9484,1,1,EJ042MV,EJ042MV
2025-07-26_11-13-37-102_GJ201LA-FRA.jpg,GJ-201-LA,GJ-201-LA,0.9722,1,1,GJ201LA,GJ201LA
2025-07-26_11-42-52-279_AN130NV-FRA.jpg,AN-130-NV,AN-130-NV,0.9979,1,1,AN130NV,AN130NV
2025-07-26_10-20-31-534_HB879JY-FRA.jpg,HB-879-JY.,HB-879-JY.,0.9999,1,1,HB879JY,HB879JY
2025-07-26_15-49-24-135_BQ119TG-FRA.jpg,BQ.119.TG,BQ.119.TG,0.9410,1,1,BQ119TG,BQ119TG
2025-07-26_12-25-07-035_EW128CV-FRA.jpg,EW-128-CV,EW-128-CV,0.9855,1,1,EW128CV,EW128CV
2025-07-26_16-36-01-119_BM845SL-FRA.jpg,BM-845-SL.,BM-845-SL.,0.9999,1,1,BM845SL,BM845SL
2025-07-26_12-54-19-009_CV554QJ-FRA.jpg,CV-554-QJ,CV-554-QJ,0.9748,1,1,CV554QJ,CV554QJ
2025-07-26_09-41-27-277_BL183SW-FRA.jpg,BL-183-SW,BL-183-SW,0.9988,1,1,BL183SW,BL183SW
2025-07-26_10-43-19-296_FC876NA-FRA.jpg,FC-876-NA,FC-876-NA,0.9874,1,1,FC876NA,FC876NA
2025-07-26_11-28-32-016_CP547PG-FRA.jpg,CP-547-PG,CP-547-PG,1.0000,1,1,CP547PG,CP547PG
2025-07-26_16-39-49-174_FV088BB-FRA.jpg,FV-088-BB,FV-088-BB,0.9815,1,1,FV088BB,FV088BB
2025-07-26_16-13-27-052_AR237DH-FRA.jpg,AR-237.DH,AR-237.DH,1.0000,1,1,AR237DH,AR237DH
2025-07-26_12-39-47-832_CP994JV-FRA.jpg,CP-994-JV,CP-994-JV,0.9996,1,1,CP994JV,CP994JV
2025-07-26_16-39-09-473_CJ951ZR-FRA.jpg,CJ-951-ZR,CJ-951-ZR,0.9981,1,1,CJ951ZR,CJ951ZR
2025-07-26_12-39-29-466_DC689HC-FRA.jpg,DC-689-HC,DC-689-HC,1.0000,1,1,DC689HC,DC689HC
2025-07-26_09-41-10-053_HB332NA-FRA.jpg,HB-332-NA,HB-332-NA,0.9996,1,1,HB332NA,HB332NA
2025-07-26_09-04-24-589_HD767GM-FRA.jpg,HD-767-GM,HD-767-GM,0.9911,1,1,HD767GM,HD767GM
2025-07-26_11-36-11-840_DA388FT-FRA.jpg,DA-388-FT,DA-388-FT,0.9981,1,1,DA388FT,DA388FT
2025-07-26_16-03-10-562_AN796KJ-FRA.jpg,AN-796-KJ,AN-796-KJ,0.9702,1,1,AN796KJ,AN796KJ
2025-07-26_10-27-48-033_EC153AW-FRA.jpg,EC-153-AW,EC-153-AW,0.9552,1,1,EC153AW,EC153AW
2025-07-26_09-06-42-017_EC689EZ-FRA.jpg,EC.689EZ,EC.689EZ,0.9967,1,1,EC689EZ,EC689EZ
2025-07-26_09-21-26-193_BZ229AW-FRA.jpg,BZ-229-AW,BZ-229-AW,0.9960,1,1,BZ229AW,BZ229AW
2025-07-26_16-39-22-592_FC241KE-FRA.jpg,FC-241-KE.,FC-241-KE.,0.9999,1,1,FC241KE,FC241KE
2025-07-26_16-38-25-458_FV957FD-FRA.jpg,FV-957-FD,FV-957-FD,1.0000,1,1,FV957FD,FV957FD
2025-07-26_13-58-17-166_EA389JY-FRA.jpg,EA-389-JY.,EA-389-JY.,0.9778,1,1,EA389JY,EA389JY
2025-07-26_10-21-29-822_CB259CL-FRA.jpg,CB-259-CL,CB-259-CL,0.9909,1,1,CB259CL,CB259CL
2025-07-26_14-59-16-338_CN467EQ-FRA.jpg,CN-467-EQ,CN-467-EQ,0.9654,1,1,CN467EQ,CN467EQ
2025-07-26_11-47-12-553_GG145TN-FRA.jpg,GG-145-TN,GG-145-TN,0.9988,1,1,GG145TN,GG145TN
2025-07-26_15-20-43-866_EL905FE-FRA.jpg,EL-905-FE,EL-905-FE,0.9703,1,1,EL905FE,EL905FE
2025-07-26_16-47-27-031_CZ766FE-FRA.jpg,CZ-766-FE,CZ-766-FE,1.0000,1,1,CZ766FE,CZ766FE
2025-07-26_16-04-44-250_EJ852AS-FRA.jpg,EJ-852-AS,EJ-852-AS,0.9999,1,1,EJ852AS,EJ852AS
2025-07-26_11-30-07-983_GX117CC-FRA.jpg,GX-117-CC,GX-117-CC,0.9567,1,1,GX117CC,GX117CC
2025-07-26_09-25-38-963_EV023LY-FRA.jpg,EV023LY,EV023LY,0.9804,1,1,EV023LY,EV023LY
2025-07-26_14-46-50-535_GS665CT-FRA.jpg,GS-665-CT.,GS-665-CT.,0.9968,1,1,GS665CT,GS665CT
2025-07-26_11-11-42-419_DV755FM-FRA.jpg,DV755FM,DV755FM,0.9609,1,1,DV755FM,DV755FM
2025-07-26_12-37-48-739_FH994FC-FRA.jpg,FH-994-FC,FH-994-FC,0.9753,1,1,FH994FC,FH994FC
2025-07-26_13-05-20-637_GR942XW-FRA.jpg,GR-942-XW,GR-942-XW,1.0000,1,1,GR942XW,GR942XW
2025-07-26_13-53-38-170_GW768VY-FRA.jpg,GW-768-VY.,GW-768-VY.,0.9999,1,1,GW768VY,GW768VY
2025-07-26_12-48-29-412_EW360AN-FRA.jpg,EW-360-AN,EW-360-AN,1.0000,1,1,EW360AN,EW360AN
2025-07-26_11-26-05-851_BD304BG-FRA.jpg,BD-304-BG,BD-304-BG,0.9993,1,1,BD304BG,BD304BG
2025-07-26_09-45-37-721_FW193ZG-FRA.jpg,FW-193-ZG,FW-193-ZG,1.0000,1,1,FW193ZG,FW193ZG
2025-07-26_16-23-24-208_DM089CY-FRA.jpg,DM-089-CY,DM-089-CY,0.9495,1,1,DM089CY,DM089CY
2025-07-26_10-52-17-111_DP428FN-FRA.jpg,DP-428-FN,DP-428-FN,1.0000,1,1,DP428FN,DP428FN
2025-07-26_16-13-33-052_BK192PM-FRA.jpg,BK-192-PM,BK-192-PM,0.9714,1,1,BK192PM,BK192PM
2025-07-26_10-13-49-907_FY880YB-FRA.jpg,FY-880-YB,FY-880-YB,0.9978,1,1,FY880YB,FY880YB
2025-07-26_12-59-44-162_BT317WQ-FRA.jpg,BT.317.WQ,BT.317.WQ,0.9999,1,1,BT317WQ,BT317WQ
2025-07-26_14-13-08-423_EB345GY-FRA.jpg,EB-345-GY,EB-345-GY,0.9960,1,1,EB345GY,EB345GY
2025-07-26_14-02-38-615_FZ580XZ-FRA.jpg,FZ-580-XZ,FZ-580-XZ,1.0000,1,1,FZ580XZ,FZ580XZ
2025-07-26_16-18-44-214_EQ928CC-FRA.jpg,EQ-928-CC,EQ-928-CC,0.9945,1,1,EQ928CC,EQ928CC
2025-07-26_10-55-47-759_CZ948TC-FRA.jpg,CZ-948-TC,CZ-948-TC,0.9470,1,1,CZ948TC,CZ948TC
2025-07-26_11-17-36-661_CW941TE-FRA.jpg,CW-941-TE,CW-941-TE,0.9999,1,1,CW941TE,CW941TE
2025-07-26_13-21-08-575_AS237XS-FRA.jpg,AS-237-XS,AS-237-XS,0.9930,1,1,AS237XS,AS237XS
2025-07-26_16-40-25-870_HB801AR-FRA.jpg,HB-801AR,HB-801AR,1.0000,1,1,HB801AR,HB801AR
2025-07-26_12-05-17-483_EY327SQ-FRA.jpg,EY-327-SQ,EY-327-SQ,0.9974,1,1,EY327SQ,EY327SQ
2025-07-26_09-57-55-823_EL768QN-FRA.jpg,EL.768.QN,EL.768.QN,0.9988,1,1,EL768QN,EL768QN
2025-07-26_11-18-33-469_CD996YG-FRA.jpg,CD-996-YG,CD-996-YG,0.9998,1,1,CD996YG,CD996YG
2025-07-26_12-06-50-484_AV139NZ-FRA.jpg,AV-139-NZ,AV-139-NZ,0.9806,1,1,AV139NZ,AV139NZ
2025-07-26_12-37-06-465_EF456WV-FRA.jpg,EF-456-WV,EF-456-WV,0.9667,1,1,EF456WV,EF456WV
2025-07-26_16-42-19-958_FM210RJ-FRA.jpg,FM-210-RJ,FM-210-RJ,1.0000,1,1,FM210RJ,FM210RJ
2025-07-26_12-17-24-213_GK058AF-FRA.jpg,GK-058-AF,GK-058-AF,0.9335,1,1,GK058AF,GK058AF
2025-07-26_12-08-48-540_GG371JX-FRA.jpg,GG-371-JX,GG-371-JX,0.9658,1,1,GG371JX,GG371JX
2025-07-26_12-40-20-493_FF494XR-FRA.jpg,FF-494-XR,FF-494-XR,0.9865,1,1,FF494XR,FF494XR
2025-07-26_12-04-33-006_BQ838MV-FRA.jpg,BQ-838-MV,BQ-838-MV,0.9933,1,1,BQ838MV,BQ838MV
2025-07-26_12-16-37-734_GA581VN-FRA.jpg,GA-581.VN,GA-581.VN,0.9991,1,1,GA581VN,GA581VN
2025-07-26_15-47-35-166_CE754AK-FRA.jpg,CE-754-AK,CE-754-AK,0.9947,1,1,CE754AK,CE754AK
2025-07-26_13-43-59-043_ES872SF-FRA.jpg,ES-872-SF,ES-872-SF,0.9770,1,1,ES872SF,ES872SF
2025-07-26_16-06-12-119_GW029VX-FRA.jpg,GW-029-VX,GW-029-VX,1.0000,1,1,GW029VX,GW029VX
2025-07-26_09-04-57-596_BR438PY-FRA.jpg,BR-438-PY,BR-438-PY,0.9974,1,1,BR438PY,BR438PY
2025-07-26_12-33-58-743_GZ616BY-FRA.jpg,GZ-616-BY,GZ-616-BY,1.0000,1,1,GZ616BY,GZ616BY
2025-07-26_11-48-05-582_GY219AF-FRA.jpg,GY-219-AF,GY-219-AF,0.9999,1,1,GY219AF,GY219AF
2025-07-26_12-40-18-605_FF494XR-FRA.jpg,FF-494-XR,FF-494-XR,1.0000,1,1,FF494XR,FF494XR
2025-07-26_14-52-16-438_GP107TF-FRA.jpg,.GP-107-TF.,.GP-107-TF.,0.9905,1,1,GP107TF,GP107TF
2025-07-26_15-36-47-065_BP581BE-FRA.jpg,BP-581-BE,BP-581-BE,1.0000,1,1,BP581BE,BP581BE
2025-07-26_09-58-56-502_DZ684KG-FRA.jpg,DZ-684-KG,DZ-684-KG,0.9936,1,1,DZ684KG,DZ684KG
2025-07-26_16-08-54-231_EK127BP-FRA.jpg,EK-127-BP,EK-127-BP,0.9927,1,1,EK127BP,EK127BP
2025-07-26_12-34-46-381_DS204XK-FRA.jpg,DS-204-XK,DS-204-XK,0.9988,1,1,DS204XK,DS204XK
2025-07-26_09-21-07-115_BB600ZB-FRA.jpg,BB-600-ZB,BB-600-ZB,0.9850,1,1,BB600ZB,BB600ZB
2025-07-26_11-24-11-607_CC809EQ-FRA.jpg,CC-809-EQ,CC-809-EQ,1.0000,1,1,CC809EQ,CC809EQ
2025-07-26_12-39-07-160_DX007RB-FRA.jpg,DX-007-RB,DX-007-RB,0.9999,1,1,DX007RB,DX007RB
2025-07-26_09-10-13-717_DE703QA-FRA.jpg,.DE.703.QA,.DE.703.QA,0.9860,1,1,DE703QA,DE703QA
2025-07-26_10-27-43-903_DL677RF-FRA.jpg,DL-677-RF.,DL-677-RF.,0.9999,1,1,DL677RF,DL677RF
2025-07-26_16-15-44-277_AJ229WR-FRA.jpg,AJ-229-WR,AJ-229-WR,0.9997,1,1,AJ229WR,AJ229WR
2025-07-26_11-15-48-811_AE767VY-FRA.jpg,AE-767-VY.,AE-767-VY.,0.9994,1,1,AE767VY,AE767VY
2025-07-26_10-27-57-180_EY717CJ-FRA.jpg,EY-717-CJ,EY-717-CJ,0.9629,1,1,EY717CJ,EY717CJ
2025-07-26_11-15-56-886_FA350LW-FRA.jpg,FA350-LW.,FA350-LW.,0.9985,1,1,FA350LW,FA350LW
2025-07-26_10-58-19-075_DZ610KY-FRA.jpg,DZ-610-KY,DZ-610-KY,0.9872,1,1,DZ610KY,DZ610KY
2025-07-26_18-02-59-194_GF346LL-FRA.jpg,GF-346-LL.,GF-346-LL.,0.9508,1,1,GF346LL,GF346LL
2025-07-26_11-58-40-807_EK241JA-FRA.jpg,EK-241-JA,EK-241-JA,0.9853,1,1,EK241JA,EK241JA
2025-07-26_10-04-49-186_GK135BD-FRA.jpg,GK-135-BD,GK-135-BD,0.9554,1,1,GK135BD,GK135BD
2025-07-26_14-23-11-271_EG214FF-FRA.jpg,EG-214-FF,EG-214-FF,0.9979,1,1,EG214FF,EG214FF
2025-07-26_14-45-45-846_GK362TC-FRA.jpg,GK-362-TC,GK-362-TC,1.0000,1,1,GK362TC,GK362TC
2025-07-26_11-33-29-773_FM668BP-FRA.jpg,FM.668.BP,FM.668.BP,0.9999,1,1,FM668BP,FM668BP
2025-07-26_14-11-33-904_CP984GK-FRA.jpg,CP-984-GK,CP-984-GK,0.9915,1,1,CP984GK,CP984GK
2025-07-26_10-45-09-873_FZ766NN-FRA.jpg,FZ.766.NN,FZ.766.NN,0.9999,1,1,FZ766NN,FZ766NN
2025-07-26_18-03-04-024_EQ287FK-FRA.jpg,EQ-287-FK,EQ-287-FK,1.0000,1,1,EQ287FK,EQ287FK
2025-07-26_11-45-33-680_FP428VL-FRA.jpg,FP-428-VL.,FP-428-VL.,0.9994,1,1,FP428VL,FP428VL
2025-07-26_16-39-09-549_EC971JK-FRA.jpg,EC-971-JK,EC-971-JK,0.9999,1,1,EC971JK,EC971JK
2025-07-26_12-29-06-190_FH886HK-FRA.jpg,FH-886-HK,FH-886-HK,0.9999,1,1,FH886HK,FH886HK
2025-07-26_10-30-28-260_BT168KH-FRA.jpg,BT-1-68-KH,BT-1-68-KH,0.9998,1,1,BT168KH,BT168KH
2025-07-26_15-57-15-474_AX863QX-FRA.jpg,AX-863-QX,AX-863-QX,0.9999,1,1,AX863QX,AX863QX
2025-07-26_11-45-32-004_FZ132HJ-FRA.jpg,FZ-132-HJ.,FZ-132-HJ.,0.9670,1,1,FZ132HJ,FZ132HJ
2025-07-26_09-14-00-568_FY527DM-FRA.jpg,FY-527-DM.,FY-527-DM.,0.9894,1,1,FY527DM,FY527DM
2025-07-26_10-17-43-975_DK381FE-FRA.jpg,DK-381-FE.,DK-381-FE.,0.9999,1,1,DK381FE,DK381FE
2025-07-26_11-08-03-222_BM167RV-FRA.jpg,BM-167-RV,BM-167-RV,0.9989,1,1,BM167RV,BM167RV
2025-07-26_13-09-21-979_FN720ES-FRA.jpg,.FN-720-ES,.FN-720-ES,0.9920,1,1,FN720ES,FN720ES
2025-07-26_12-59-50-252_BZ168ZA-FRA.jpg,BZ-168-ZA,BZ-168-ZA,1.0000,1,1,BZ168ZA,BZ168ZA
2025-07-26_10-08-15-108_ER902KG-FRA.jpg,ER-902-KG,ER-902-KG,1.0000,1,1,ER902KG,ER902KG
2025-07-26_10-19-04-455_AW429YA-FRA.jpg,AW-429-YA,AW-429-YA,0.9796,1,1,AW429YA,AW429YA
2025-07-26_12-27-01-492_BR925TR-FRA.jpg,BR-925-TR,BR-925-TR,1.0000,1,1,BR925TR,BR925TR
2025-07-26_16-36-48-821_FK923RG-FRA.jpg,.FK-923-RG,.FK-923-RG,0.9593,1,1,FK923RG,FK923RG
2025-07-26_10-33-42-587_BZ333GL-FRA.jpg,.BZ-333-GL.,.BZ-333-GL.,0.9998,1,1,BZ333GL,BZ333GL
2025-07-26_09-06-32-550_DG232QJ-FRA.jpg,DG-232-QJ,DG-232-QJ,0.9584,1,1,DG232QJ,DG232QJ
2025-07-26_11-59-50-641_EY714VA-FRA.jpg,EY-714-VA,EY-714-VA,0.9576,1,1,EY714VA,EY714VA
2025-07-26_11-29-30-474_AV533NX-FRA.jpg,AV-533-NX,AV-533-NX,1.0000,1,1,AV533NX,AV533NX
2025-07-26_18-03-24-105_EV804AL-FRA.jpg,EV-804-AL.,EV-804-AL.,0.9983,1,1,EV804AL,EV804AL
2025-07-26_09-22-19-155_DA133DB-FRA.jpg,DA-133-DB,DA-133-DB,0.9998,1,1,DA133DB,DA133DB
2025-07-26_12-12-07-626_BQ419JM-FRA.jpg,BQ-419-JM,BQ-419-JM,0.9969,1,1,BQ419JM,BQ419JM
2025-07-26_17-16-34-096_GG353TG-FRA.jpg,GG.353TG,GG.353TG,1.0000,1,1,GG353TG,GG353TG
2025-07-26_11-26-50-225_BW099ST-FRA.jpg,BW-099-ST,BW-099-ST,0.9999,1,1,BW099ST,BW099ST
2025-07-26_14-10-29-214_AC556JK-FRA.jpg,AC-556-JK,AC-556-JK,0.9998,1,1,AC556JK,AC556JK
2025-07-26_15-18-42-864_BQ971AN-FRA.jpg,BQ.971.AN,BQ.971.AN,0.9996,1,1,BQ971AN,BQ971AN
2025-07-26_14-38-41-531_DD002JK-FRA.jpg,DD-002-JK,DD-002-JK,1.0000,1,1,DD002JK,DD002JK
2025-07-26_10-41-55-745_EE855FV-FRA.jpg,.EE-855-FV,.EE-855-FV,0.9948,1,1,EE855FV,EE855FV
2025-07-26_16-08-07-472_BV518QK-FRA.jpg,BV-518-QK,BV-518-QK,1.0000,1,1,BV518QK,BV518QK
2025-07-26_10-32-30-490_BS877GX-FRA.jpg,BS-877-GX,BS-877-GX,0.9992,1,1,BS877GX,BS877GX
2025-07-26_09-56-02-656_AN169LP-FRA.jpg,AN-169-LP,AN-169-LP,0.9502,1,1,AN169LP,AN169LP
2025-07-26_13-44-48-166_FG990PG-FRA.jpg,FG-990-PG,FG-990-PG,0.9487,1,1,FG990PG,FG990PG
2025-07-26_10-09-56-747_EH397FE-FRA.jpg,EH-397-FE.,EH-397-FE.,0.9931,1,1,EH397FE,EH397FE
2025-07-26_10-41-00-867_WW679AK-FRA.jpg,WW-679-AK,WW-679-AK,1.0000,1,1,WW679AK,WW679AK
2025-07-26_15-23-08-459_GC377AE-FRA.jpg,GC-377-AE,GC-377-AE,0.9974,1,1,GC377AE,GC377AE
2025-07-26_13-15-46-096_WW578VX-FRA.jpg,WW-578-VX,WW-578-VX,0.9999,1,1,WW578VX,WW578VX
2025-07-26_10-12-05-032_AX178HW-FRA.jpg,AX-178-HW,AX-178-HW,1.0000,1,1,AX178HW,AX178HW
2025-07-26_10-06-02-188_GC773RY-FRA.jpg,GC-773-RY,GC-773-RY,0.9993,1,1,GC773RY,GC773RY
2025-07-26_13-24-18-270_HE984RS-FRA.jpg,HE-984-RS,HE-984-RS,0.9971,1,1,HE984RS,HE984RS
2025-07-26_10-55-40-797_BD727HP-FRA.jpg,BD-727-HP,BD-727-HP,1.0000,1,1,BD727HP,BD727HP
2025-07-26_13-23-23-763_CR990AK-FRA.jpg,CR-990-AK.,CR-990-AK.,1.0000,1,1,CR990AK,CR990AK
2025-07-26_12-54-51-466_CD046XR-FRA.jpg,CD-046-XR,CD-046-XR,1.0000,1,1,CD046XR,CD046XR
2025-07-26_14-46-51-275_AZ408VZ-FRA.jpg,AZ-408-VZ,AZ-408-VZ,0.9721,1,1,AZ408VZ,AZ408VZ
2025-07-26_10-26-07-671_AD578JT-FRA.jpg,AD-578-JT.,AD-578-JT.,1.0000,1,1,AD578JT,AD578JT
2025-07-26_09-57-24-203_AS475FJ-FRA.jpg,AS-475-FJ,AS-475-FJ,0.9997,1,1,AS475FJ,AS475FJ
2025-07-26_10-09-58-871_EH397FE-FRA.jpg,EH-397-FE,EH-397-FE,0.9994,1,1,EH397FE,EH397FE
2025-07-26_13-33-39-383_AP269DR-FRA.jpg,AP-269-DR,AP-269-DR,0.9890,1,1,AP269DR,AP269DR
2025-07-26_18-05-59-376_HA189KH-FRA.jpg,HA189.KH,HA189.KH,0.9999,1,1,HA189KH,HA189KH
2025-07-26_12-33-14-695_CK384FM-FRA.jpg,CK-384-FM,CK-384-FM,0.9999,1,1,CK384FM,CK384FM
2025-07-26_10-13-43-687_FX635CF-FRA.jpg,FX-635-CF,FX-635-CF,0.9978,1,1,FX635CF,FX635CF
2025-07-26_11-44-33-634_FS996HY-FRA.jpg,FS-996-HY,FS-996-HY,1.0000,1,1,FS996HY,FS996HY
2025-07-26_17-50-20-931_FS698GZ-FRA.jpg,FS-698-GZ,FS-698-GZ,0.9997,1,1,FS698GZ,FS698GZ
2025-07-26_09-41-59-496_HE587AZ-FRA.jpg,HE587-AZ,HE587-AZ,0.9999,1,1,HE587AZ,HE587AZ
2025-07-26_18-08-53-595_EV402EN-FRA.jpg,EV-402-EN,EV-402-EN,0.9998,1,1,EV402EN,EV402EN
2025-07-26_09-17-02-937_DH666ZQ-FRA.jpg,DH-666-ZQ,DH-666-ZQ,0.9997,1,1,DH666ZQ,DH666ZQ
2025-07-26_10-11-14-319_DA607LA-FRA.jpg,DA-607-LA,DA-607-LA,1.0000,1,1,DA607LA,DA607LA
2025-07-26_09-33-25-897_AB373SA-FRA.jpg,AB.373.SA,AB.373.SA,0.9913,1,1,AB373SA,AB373SA
2025-07-26_10-47-55-566_DC909MT-FRA.jpg,DC-909-MT.,DC-909-MT.,0.9988,1,1,DC909MT,DC909MT
2025-07-26_09-29-38-659_EH838DG-FRA.jpg,EH-838-DG,EH-838-DG,0.9999,1,1,EH838DG,EH838DG
2025-07-26_11-10-47-587_BH694FP-FRA.jpg,BH-694-FP,BH-694-FP,0.9539,1,1,BH694FP,BH694FP
2025-07-26_14-49-12-233_FW560GH-FRA.jpg,FW-560-GH,FW-560-GH,0.9869,1,1,FW560GH,FW560GH
2025-07-26_16-27-29-202_GB631PS-FRA.jpg,GB-631-PS,GB-631-PS,0.9775,1,1,GB631PS,GB631PS
2025-07-26_16-56-23-863_FW850DP-FRA.jpg,FW-850-DP,FW-850-DP,0.9991,1,1,FW850DP,FW850DP
2025-07-26_16-00-51-417_GM977MH-FRA.jpg,GM-977-MH,GM-977-MH,0.9813,1,1,GM977MH,GM977MH
2025-07-26_09-07-29-855_HC351DP-FRA.jpg,HC-351-DP,HC-351-DP,1.0000,1,1,HC351DP,HC351DP
2025-07-26_09-52-46-492_DZ452CJ-FRA.jpg,DZ-452-CJ,DZ-452-CJ,1.0000,1,1,DZ452CJ,DZ452CJ
2025-07-26_12-56-09-476_FD385DE-FRA.jpg,FD.385.DE,FD.385.DE,1.0000,1,1,FD385DE,FD385DE
2025-07-26_12-07-21-564_CC862VL-FRA.jpg,CC-862-VL.,CC-862-VL.,0.9994,1,1,CC862VL,CC862VL
2025-07-26_13-23-41-927_AZ582KX-FRA.jpg,AZ-582-KX,AZ-582-KX,0.9992,1,1,AZ582KX,AZ582KX
2025-07-26_16-06-59-752_GD635HL-FRA.jpg,GD-635-HL,GD-635-HL,0.9956,1,1,GD635HL,GD635HL
2025-07-26_11-22-52-726_ER897TP-FRA.jpg,ER-897-TP,ER-897-TP,1.0000,1,1,ER897TP,ER897TP
2025-07-26_10-52-37-149_BB845GG-FRA.jpg,BB-845-GG,BB-845-GG,0.9911,1,1,BB845GG,BB845GG
2025-07-26_14-26-44-125_CR718ZS-FRA.jpg,CR-718-ZS,CR-718-ZS,0.9969,1,1,CR718ZS,CR718ZS
2025-07-26_17-04-53-885_HA255VP-FRA.jpg,HA-255-VP,HA-255-VP,0.9987,1,1,HA255VP,HA255VP
2025-07-26_16-09-16-209_FE278HK-FRA.jpg,FE-278-HK,FE-278-HK,1.0000,1,1,FE278HK,FE278HK
2025-07-26_13-40-22-791_CY240EJ-FRA.jpg,CY-240-EJ,CY-240-EJ,1.0000,1,1,CY240EJ,CY240EJ
2025-07-26_12-57-18-077_HB680CC-FRA.jpg,HB-680-CC,HB-680-CC,0.9996,1,1,HB680CC,HB680CC
2025-07-26_11-16-16-571_FZ887BT-FRA.jpg,FZ-887-BT,FZ-887-BT,0.9966,1,1,FZ887BT,FZ887BT
2025-07-26_12-27-04-596_DE432HH-FRA.jpg,DE-432-HH,DE-432-HH,0.9551,1,1,DE432HH,DE432HH
2025-07-26_11-36-57-601_GB521GA-FRA.jpg,GB-521-GA,GB-521-GA,0.9933,1,1,GB521GA,GB521GA
2025-07-26_09-22-48-948_FN217XD-FRA.jpg,FN217XD,FN217XD,0.9987,1,1,FN217XD,FN217XD
2025-07-26_09-03-43-386_GB811ZX-FRA.jpg,GB-811-ZX,GB-811-ZX,0.9584,1,1,GB811ZX,GB811ZX
2025-07-26_15-16-42-291_FR165KE-FRA.jpg,FR-165-KE,FR-165-KE,0.9996,1,1,FR165KE,FR165KE
2025-07-26_13-20-26-315_FQ413DS-FRA.jpg,FQ-413-DS,FQ-413-DS,1.0000,1,1,FQ413DS,FQ413DS
2025-07-26_10-25-12-973_GF767EJ-FRA.jpg,GF-767-EJ,GF-767-EJ,1.0000,1,1,GF767EJ,GF767EJ
2025-07-26_10-35-26-738_BC682GD-FRA.jpg,BC-682-GD,BC-682-GD,0.9990,1,1,BC682GD,BC682GD
2025-07-26_10-34-34-982_CF604AF-FRA.jpg,CF-604-AF,CF-604-AF,0.9997,1,1,CF604AF,CF604AF
2025-07-26_13-12-19-231_CH137WM-FRA.jpg,CH-137-WM,CH-137-WM,0.9991,1,1,CH137WM,CH137WM
2025-07-26_14-46-02-646_GP038TN-FRA.jpg,GP-038-TN,GP-038-TN,0.9995,1,1,GP038TN,GP038TN
2025-07-26_09-17-13-689_GH824AZ-FRA.jpg,GH-824-AZ,GH-824-AZ,0.9862,1,1,GH824AZ,GH824AZ
2025-07-26_18-01-34-147_HE935SR-FRA.jpg,HE935.SR,HE935.SR,0.9999,1,1,HE935SR,HE935SR
2025-07-26_11-46-36-741_AF194SX-FRA.jpg,AF-194-SX.,AF-194-SX.,1.0000,1,1,AF194SX,AF194SX
2025-07-26_12-38-53-745_DS354BS-FRA.jpg,DS-354-BS,DS-354-BS,1.0000,1,1,DS354BS,DS354BS
2025-07-26_09-26-47-436_WW992GD-FRA.jpg,WW992-GD,WW992-GD,0.9999,1,1,WW992GD,WW992GD
2025-07-26_10-05-00-651_BT361LG-FRA.jpg,BT-361-LG,BT-361-LG,0.9710,1,1,BT361LG,BT361LG
2025-07-26_09-38-39-492_CM783ZT-FRA.jpg,CM-783-ZT,CM-783-ZT,0.9999,1,1,CM783ZT,CM783ZT
2025-07-26_09-36-05-234_AA005WV-FRA.jpg,AA-005-WV,AA-005-WV,0.9994,1,1,AA005WV,AA005WV
2025-07-26_16-41-20-914_EX753CQ-FRA.jpg,EX-753-CQ,EX-753-CQ,0.9999,1,1,EX753CQ,EX753CQ
2025-07-26_11-45-50-440_EA575PK-FRA.jpg,EA-575-PK,EA-575-PK,0.9382,1,1,EA575PK,EA575PK
2025-07-26_12-36-58-118_449RC33-FRA.jpg,449RC-33,449RC-33,0.9910,1,1,449RC33,449RC33
2025-07-26_10-22-17-068_EE786KJ-FRA.jpg,EE.786.KJ,EE.786.KJ,0.9938,1,1,EE786KJ,EE786KJ
2025-07-26_17-29-54-811_AG040HY-FRA.jpg,AG-040-HY,AG-040-HY,0.9815,1,1,AG040HY,AG040HY
2025-07-26_12-41-57-402_CN373KB-FRA.jpg,CN-373-KB,CN-373-KB,0.9995,1,1,CN373KB,CN373KB
2025-07-26_14-27-38-520_FV163GR-FRA.jpg,FV-163-GR,FV-163-GR,1.0000,1,1,FV163GR,FV163GR
2025-07-26_12-19-49-127_FH187DG-FRA.jpg,FH-187-DG,FH-187-DG,1.0000,1,1,FH187DG,FH187DG
2025-07-26_10-26-31-598_AW863NP-FRA.jpg,AW-863-NP,AW-863-NP,0.9641,1,1,AW863NP,AW863NP
2025-07-26_10-36-45-944_FY487HA-FRA.jpg,FY-487-HA,FY-487-HA,1.0000,1,1,FY487HA,FY487HA
2025-07-26_10-52-12-010_CS635YW-FRA.jpg,CS-635-YW,CS-635-YW,1.0000,1,1,CS635YW,CS635YW
2025-07-26_16-10-30-533_DT827TA-FRA.jpg,.DT.827TA,.DT.827TA,0.9993,1,1,DT827TA,DT827TA
2025-07-26_14-04-55-695_GE499KN-FRA.jpg,GE-499-KN,GE-499-KN,0.9456,1,1,GE499KN,GE499KN
2025-07-26_15-14-09-459_HD384XA-FRA.jpg,HD-384-XA,HD-384-XA,0.9769,1,1,HD384XA,HD384XA
2025-07-26_12-56-26-077_AD385CT-FRA.jpg,AD-385-CT.,AD-385-CT.,1.0000,1,1,AD385CT,AD385CT
2025-07-26_10-42-29-285_DQ604JE-FRA.jpg,DQ-604-JE,DQ-604-JE,0.9835,1,1,DQ604JE,DQ604JE
2025-07-26_17-16-49-396_EW218LS-FRA.jpg,EW-218-LS,EW-218-LS,0.9999,1,1,EW218LS,EW218LS
2025-07-26_11-39-14-080_CN466RE-FRA.jpg,CN-466-RE,CN-466-RE,0.9995,1,1,CN466RE,CN466RE
2025-07-26_13-08-52-104_CL806FA-FRA.jpg,CL-806-FA,CL-806-FA,0.9994,1,1,CL806FA,CL806FA
2025-07-26_12-37-41-825_EY394QT-FRA.jpg,EY-394-QT,EY-394-QT,1.0000,1,1,EY394QT,EY394QT
2025-07-26_10-08-51-386_HE980JT-FRA.jpg,HE-980-JT,HE-980-JT,1.0000,1,1,HE980JT,HE980JT
2025-07-26_10-12-52-848_GD931LN-FRA.jpg,GD-931-LN,GD-931-LN,0.9998,1,1,GD931LN,GD931LN
2025-07-26_12-08-41-524_EZ264QF-FRA.jpg,EZ-264-QF,EZ-264-QF,0.9992,1,1,EZ264QF,EZ264QF
2025-07-26_10-59-04-627_DG507GF-FRA.jpg,DG-507-GF,DG-507-GF,0.9854,1,1,DG507GF,DG507GF
2025-07-26_17-35-03-351_DD014BW-FRA.jpg,DD-014-BW,DD-014-BW,0.9706,1,1,DD014BW,DD014BW
2025-07-26_09-56-56-876_GR905LY-FRA.jpg,GR-905-LY.,GR-905-LY.,0.9996,1,1,GR905LY,GR905LY
2025-07-26_11-58-56-160_AT659GB-FRA.jpg,AT-659-GB,AT-659-GB,1.0000,1,1,AT659GB,AT659GB
2025-07-26_09-27-15-472_CK902BM-FRA.jpg,CK-902-BM,CK-902-BM,1.0000,1,1,CK902BM,CK902BM
2025-07-26_17-16-54-419_FL544XE-FRA.jpg,FL-544-XE,FL-544-XE,0.9930,1,1,FL544XE,FL544XE
2025-07-26_09-19-20-210_FB630XB-FRA.jpg,FB-630-XB,FB-630-XB,1.0000,1,1,FB630XB,FB630XB
2025-07-26_15-59-09-482_HE109NV-FRA.jpg,HE-109-NV,HE-109-NV,0.9993,1,1,HE109NV,HE109NV
2025-07-26_16-13-30-842_GP583YH-FRA.jpg,GP-583-YH,GP-583-YH,1.0000,1,1,GP583YH,GP583YH
2025-07-26_17-59-18-986_EN709HX-FRA.jpg,EN-709-HX,EN-709-HX,0.9743,1,1,EN709HX,EN709HX
2025-07-26_16-39-04-489_GZ809MN-FRA.jpg,GZ-809-MN,GZ-809-MN,0.9349,1,1,GZ809MN,GZ809MN
2025-07-26_10-57-57-714_ED234LZ-FRA.jpg,ED234LZ,ED234LZ,0.9810,1,1,ED234LZ,ED234LZ
2025-07-26_11-39-22-624_EN643QP-FRA.jpg,EN-643-QP,EN-643-QP,1.0000,1,1,EN643QP,EN643QP
2025-07-26_10-29-20-920_BB205GY-FRA.jpg,BB-205-GY,BB-205-GY,0.9999,1,1,BB205GY,BB205GY
2025-07-26_09-34-26-710_DC101EN-FRA.jpg,DC-101-EN,DC-101-EN,1.0000,1,1,DC101EN,DC101EN
2025-07-26_15-20-39-906_BT944JK-FRA.jpg,BT-944-JK,BT-944-JK,0.9757,1,1,BT944JK,BT944JK
2025-07-26_09-26-34-330_GV219FB-FRA.jpg,GV-219-FB,GV-219-FB,0.9906,1,1,GV219FB,GV219FB
2025-07-26_12-20-46-101_GZ027YT-FRA.jpg,GZ-027-YT.,GZ-027-YT.,1.0000,1,1,GZ027YT,GZ027YT
2025-07-26_18-21-08-196_DQ148AM-FRA.jpg,DQ-148-AM,DQ-148-AM,0.9553,1,1,DQ148AM,DQ148AM
2025-07-26_10-07-48-065_FG504PX-FRA.jpg,FG504PX,FG504PX,0.9957,1,1,FG504PX,FG504PX
2025-07-26_15-43-46-632_CZ338JN-FRA.jpg,CZ-338-JN,CZ-338-JN,0.9869,1,1,CZ338JN,CZ338JN
2025-07-26_12-53-58-873_GL611DD-FRA.jpg,GL.-611-DD,GL.-611-DD,0.9634,1,1,GL611DD,GL611DD
2025-07-26_10-33-14-162_BJ831VL-FRA.jpg,BJ-831-VL,BJ-831-VL,0.9955,1,1,BJ831VL,BJ831VL
2025-07-26_12-50-24-241_GD438AT-FRA.jpg,GD-438-AT,GD-438-AT,1.0000,1,1,GD438AT,GD438AT
2025-07-26_10-27-41-188_GE131XX-FRA.jpg,GE-131-XX.,GE-131-XX.,0.9731,1,1,GE131XX,GE131XX
2025-07-26_09-21-34-875_DA806FV-FRA.jpg,DA-806-FV.,DA-806-FV.,0.9998,1,1,DA806FV,DA806FV
2025-07-26_17-32-32-604_AS688FD-FRA.jpg,AS.688.FD,AS.688.FD,0.9949,1,1,AS688FD,AS688FD
2025-07-26_11-49-11-261_DT307LY-FRA.jpg,DT-307-LY,DT-307-LY,1.0000,1,1,DT307LY,DT307LY
2025-07-26_10-27-15-211_HA672ZD-FRA.jpg,HA-672-ZD,HA-672-ZD,1.0000,1,1,HA672ZD,HA672ZD
2025-07-26_12-02-22-048_GP319ZP-FRA.jpg,GP-319-ZP.,GP-319-ZP.,0.9999,1,1,GP319ZP,GP319ZP
2025-07-26_16-18-13-542_BW621LY-FRA.jpg,BW-621-LY,BW-621-LY,0.9999,1,1,BW621LY,BW621LY
2025-07-26_14-07-59-049_CY374HB-FRA.jpg,CY-374-HB,CY-374-HB,0.9581,1,1,CY374HB,CY374HB
2025-07-26_16-23-20-643_GF349PF-FRA.jpg,GF-349-PF,GF-349-PF,1.0000,1,1,GF349PF,GF349PF
2025-07-26_11-44-04-759_ER471KN-FRA.jpg,ER-471-KN,ER-471-KN,1.0000,1,1,ER471KN,ER471KN
2025-07-26_14-34-21-622_DV525BQ-FRA.jpg,DV-525-BQ,DV-525-BQ,0.9966,1,1,DV525BQ,DV525BQ
2025-07-26_10-29-39-800_DC615JJ-FRA.jpg,DC-615-JJ,DC-615-JJ,0.9999,1,1,DC615JJ,DC615JJ
2025-07-26_09-54-57-144_FM041PH-FRA.jpg,FM-041-PH,FM-041-PH,0.9818,1,1,FM041PH,FM041PH
2025-07-26_16-53-55-213_FK298JS-FRA.jpg,FK-298-JS,FK-298-JS,0.9807,1,1,FK298JS,FK298JS
2025-07-26_10-52-08-687_CS635YW-FRA.jpg,CS-635-YW,CS-635-YW,0.9475,1,1,CS635YW,CS635YW
2025-07-26_10-02-56-532_FD748PQ-FRA.jpg,FD-748-PQ,FD-748-PQ,1.0000,1,1,FD748PQ,FD748PQ
2025-07-26_09-26-59-671_GB437TJ-FRA.jpg,GB-437-TJ,GB-437-TJ,0.9974,1,1,GB437TJ,GB437TJ
2025-07-26_09-36-33-263_CG473FC-ITA.jpg,CG-473-FC,CG-473-FC,1.0000,1,1,CG473FC,CG473FC
2025-07-26_11-16-34-847_FM720AK-FRA.jpg,FM-720-AK,FM-720-AK,1.0000,1,1,FM720AK,FM720AK
2025-07-26_13-17-03-099_ES691GW-FRA.jpg,ES-691-GW,ES-691-GW,0.9999,1,1,ES691GW,ES691GW
2025-07-26_16-04-23-701_BA406KD-FRA.jpg,BA-406-KD,BA-406-KD,0.9999,1,1,BA406KD,BA406KD
2025-07-26_11-30-16-744_BC591TN-FRA.jpg,BC-591-TN,BC-591-TN,0.9979,1,1,BC591TN,BC591TN
2025-07-26_12-55-39-788_GD262VT-FRA.jpg,GD-262-VT.,GD-262-VT.,1.0000,1,1,GD262VT,GD262VT
2025-07-26_11-55-34-210_AC039ZJ-FRA.jpg,AC-039-ZJ,AC-039-ZJ,0.9870,1,1,AC039ZJ,AC039ZJ
2025-07-26_17-28-56-375_GF840TX-FRA.jpg,GF-840-TX.,GF-840-TX.,1.0000,1,1,GF840TX,GF840TX
2025-07-26_15-20-25-127_FC925DS-FRA.jpg,FC-925-DS,FC-925-DS,0.9999,1,1,FC925DS,FC925DS
2025-07-26_16-29-27-113_GP599RV-FRA.jpg,GP-599-RV,GP-599-RV,0.9999,1,1,GP599RV,GP599RV
2025-07-26_18-21-16-396_GC578YK-FRA.jpg,GC-578-YK,GC-578-YK,0.9817,1,1,GC578YK,GC578YK
2025-07-26_16-41-18-324_EX753CQ-FRA.jpg,EX-753-CQ,EX-753-CQ,0.9999,1,1,EX753CQ,EX753CQ
2025-07-26_16-32-50-590_BP887RE-FRA.jpg,BP887.RE.,BP887.RE.,0.9945,1,1,BP887RE,BP887RE
2025-07-26_13-09-13-810_DB623SH-ITA.jpg,DB-623-SH,DB-623-SH,1.0000,1,1,DB623SH,DB623SH
2025-07-26_16-40-03-675_GN277WS-FRA.jpg,GN-277-WS.,GN-277-WS.,0.9978,1,1,GN277WS,GN277WS
2025-07-26_12-50-23-047_FY910JH-FRA.jpg,FY-910-JH,FY-910-JH,0.9758,1,1,FY910JH,FY910JH
2025-07-26_12-28-59-150_GJ251RT-FRA.jpg,GJ-251-RT,GJ-251-RT,0.9983,1,1,GJ251RT,GJ251RT
2025-07-26_09-34-07-762_FA062XT-FRA.jpg,FA.062.XT,FA.062.XT,0.9591,1,1,FA062XT,FA062XT
2025-07-26_10-46-04-997_GT991SE-FRA.jpg,GT-991-SE.,GT-991-SE.,0.9892,1,1,GT991SE,GT991SE
2025-07-26_12-30-45-240_CF024CK-FRA.jpg,CF.024-CK,CF.024-CK,0.9759,1,1,CF024CK,CF024CK
2025-07-26_09-53-49-208_FG929CQ-FRA.jpg,FG-929-CQ,FG-929-CQ,1.0000,1,1,FG929CQ,FG929CQ
2025-07-26_12-37-51-607_GV901JK-FRA.jpg,GV-901-JK.,GV-901-JK.,1.0000,1,1,GV901JK,GV901JK
2025-07-26_14-30-04-573_FJ968HR-FRA.jpg,FJ968-HR,FJ968-HR,0.9996,1,1,FJ968HR,FJ968HR
2025-07-26_09-05-34-595_BN569QC-FRA.jpg,BN-569-QC,BN-569-QC,1.0000,1,1,BN569QC,BN569QC
2025-07-26_12-09-54-932_AB409DN-FRA.jpg,AB-409DN,AB-409DN,0.9969,1,1,AB409DN,AB409DN
2025-07-26_09-06-35-874_FX150RR-FRA.jpg,FX-150-RR,FX-150-RR,1.0000,1,1,FX150RR,FX150RR
2025-07-26_14-34-36-000_FG962MW-FRA.jpg,FG-962-MW,FG-962-MW,1.0000,1,1,FG962MW,FG962MW
2025-07-26_10-33-56-965_EB165QG-FRA.jpg,EB-165-QG,EB-165-QG,0.9892,1,1,EB165QG,EB165QG
2025-07-26_11-42-54-051_DN784WW-FRA.jpg,DN-784-WW,DN-784-WW,0.9895,1,1,DN784WW,DN784WW
2025-07-26_11-51-48-897_DV796HA-FRA.jpg,DV-796-HA,DV-796-HA,0.9995,1,1,DV796HA,DV796HA
2025-07-26_15-40-15-667_FZ496KF-FRA.jpg,FZ-496-KF,FZ-496-KF,0.9950,1,1,FZ496KF,FZ496KF
2025-07-26_09-19-20-914_FA825GG-FRA.jpg,FA-825-GG,FA-825-GG,0.9966,1,1,FA825GG,FA825GG
2025-07-26_10-30-49-540_HD527MT-FRA.jpg,HD-527-MT.,HD-527-MT.,0.9990,1,1,HD527MT,HD527MT
2025-07-26_11-44-22-587_FN324LS-FRA.jpg,FN-324-LS.,FN-324-LS.,0.9863,1,1,FN324LS,FN324LS
2025-07-26_18-28-30-756_GH204FB-FRA.jpg,.GH-204-FB,.GH-204-FB,0.9997,1,1,GH204FB,GH204FB
2025-07-26_10-33-58-697_DP484BS-FRA.jpg,DP-484-BS,DP-484-BS,0.9879,1,1,DP484BS,DP484BS
2025-07-26_09-24-12-600_GA634QH-FRA.jpg,GA-634-QH,GA-634-QH,0.9997,1,1,GA634QH,GA634QH
2025-07-26_15-41-16-087_EE448HD-FRA.jpg,EE.448.HD,EE.448.HD,0.9890,1,1,EE448HD,EE448HD
2025-07-26_12-59-48-894_GA036LE-FRA.jpg,GA-036-LE,GA-036-LE,1.0000,1,1,GA036LE,GA036LE
2025-07-26_16-55-12-072_GZ129DC-FRA.jpg,GZ-129-DC,GZ-129-DC,0.9896,1,1,GZ129DC,GZ129DC
2025-07-26_12-16-04-328_EE453WP-FRA.jpg,EE-453-WP,EE-453-WP,1.0000,1,1,EE453WP,EE453WP
2025-07-26_14-46-51-837_BJ102PQ-FRA.jpg,B-J-102-PQ,B-J-102-PQ,0.9997,1,1,BJ102PQ,BJ102PQ
2025-07-26_11-53-06-498_EJ898MT-FRA.jpg,EJ-898-MT.,EJ-898-MT.,0.9997,1,1,EJ898MT,EJ898MT
2025-07-26_16-05-22-760_GT671EP-FRA.jpg,GT-671-EP.,GT-671-EP.,0.9615,1,1,GT671EP,GT671EP
2025-07-26_10-18-40-447_DD458KB-FRA.jpg,DD-458-KB,DD-458-KB,1.0000,1,1,DD458KB,DD458KB
2025-07-26_12-27-38-532_EB004FB-FRA.jpg,EB-004-FB,EB-004-FB,0.9991,1,1,EB004FB,EB004FB
2025-07-26_11-24-07-702_GQ651RD-FRA.jpg,GQ-651-RD,GQ-651-RD,0.9921,1,1,GQ651RD,GQ651RD
2025-07-26_10-45-58-212_EE227FJ-FRA.jpg,EE-227-FJ,EE-227-FJ,0.9975,1,1,EE227FJ,EE227FJ
2025-07-26_12-26-14-181_BZ367SA-FRA.jpg,BZ-367-SA,BZ-367-SA,1.0000,1,1,BZ367SA,BZ367SA
2025-07-26_11-49-12-575_BL112JG-FRA.jpg,BL-112-JG,BL-112-JG,1.0000,1,1,BL112JG,BL112JG
2025-07-26_09-04-30-569_DG874WN-FRA.jpg,DG-874-WN,DG-874-WN,0.9993,1,1,DG874WN,DG874WN
2025-07-26_10-02-23-075_ER683MT-FRA.jpg,ER-683-MT,ER-683-MT,0.9998,1,1,ER683MT,ER683MT
2025-07-26_09-04-04-837_AQ714TB-FRA.jpg,AQ714TB,AQ714TB,0.9581,1,1,AQ714TB,AQ714TB
2025-07-26_09-57-14-975_BT479XP-FRA.jpg,BT-479-XP,BT-479-XP,0.9581,1,1,BT479XP,BT479XP
2025-07-26_09-06-28-589_GV542XV-FRA.jpg,GV-542-XV,GV-542-XV,1.0000,1,1,GV542XV,GV542XV
2025-07-26_11-12-31-471_BA444SR-FRA.jpg,BA-444-SR,BA-444-SR,0.9981,1,1,BA444SR,BA444SR
2025-07-26_09-46-54-819_EJ807EB-FRA.jpg,EJ807.EB,EJ807.EB,0.9446,1,1,EJ807EB,EJ807EB
2025-07-26_10-51-09-604_CN465MH-FRA.jpg,CN.465.MH,CN.465.MH,0.9999,1,1,CN465MH,CN465MH
2025-07-26_12-35-47-597_DY109JT-FRA.jpg,DY-109-JT,DY-109-JT,0.9999,1,1,DY109JT,DY109JT
2025-07-26_10-41-06-799_FC337KE-FRA.jpg,FC-337-KE,FC-337-KE,1.0000,1,1,FC337KE,FC337KE
2025-07-26_18-26-50-373_BP340DT-FRA.jpg,BP-340-DT,BP-340-DT,0.9928,1,1,BP340DT,BP340DT
2025-07-26_13-09-22-249_GR198MM-FRA.jpg,GR-198-MM,GR-198-MM,0.9999,1,1,GR198MM,GR198MM
2025-07-26_10-12-10-789_CP743AY-FRA.jpg,CP-743-AY,CP-743-AY,0.9689,1,1,CP743AY,CP743AY
2025-07-26_14-37-51-090_EE791XJ-FRA.jpg,EE-791-XJ,EE-791-XJ,1.0000,1,1,EE791XJ,EE791XJ
2025-07-26_12-56-52-417_FP348CT-FRA.jpg,FP-348-CT,FP-348-CT,0.9909,1,1,FP348CT,FP348CT
2025-07-26_10-41-10-509_BV864GG-FRA.jpg,BV-864-GG,BV-864-GG,0.9871,1,1,BV864GG,BV864GG
2025-07-26_12-37-20-073_CQ316FG-FRA.jpg,CQ-316-FG,CQ-316-FG,1.0000,1,1,CQ316FG,CQ316FG
2025-07-26_09-18-11-177_BE397FE-FRA.jpg,BE-397-FE,BE-397-FE,1.0000,1,1,BE397FE,BE397FE
2025-07-26_10-07-29-469_BX888TS-FRA.jpg,BX-888-TS,BX-888-TS,0.9990,1,1,BX888TS,BX888TS
2025-07-26_09-03-58-492_AA274HX-FRA.jpg,AA-274-HX,AA-274-HX,0.9980,1,1,AA274HX,AA274HX
2025-07-26_11-08-23-077_HB783WM-FRA.jpg,HB-783-WM,HB-783-WM,1.0000,1,1,HB783WM,HB783WM
2025-07-26_09-38-38-207_DM688MN-FRA.jpg,DM688MN,DM688MN,0.9998,1,1,DM688MN,DM688MN
2025-07-26_09-25-10-257_AZ741WW-FRA.jpg,AZ-741-WW,AZ-741-WW,0.9959,1,1,AZ741WW,AZ741WW
2025-07-26_10-39-29-269_GJ949VK-FRA.jpg,GJ-949-VK,GJ-949-VK,1.0000,1,1,GJ949VK,GJ949VK
2025-07-26_10-19-09-489_CZ491VQ-FRA.jpg,CZ-491-VQ,CZ-491-VQ,0.9992,1,1,CZ491VQ,CZ491VQ
2025-07-26_14-12-39-558_GY109JV-FRA.jpg,GY-109-JV,GY-109-JV,1.0000,1,1,GY109JV,GY109JV
2025-07-26_09-27-16-556_ET521YS-FRA.jpg,ET-521-YS,ET-521-YS,0.9996,1,1,ET521YS,ET521YS
2025-07-26_16-42-48-304_AC140RS-FRA.jpg,AC-140-RS,AC-140-RS,0.9963,1,1,AC140RS,AC140RS
2025-07-26_16-46-05-691_CH173MG-FRA.jpg,CH-173-MG,CH-173-MG,0.9978,1,1,CH173MG,CH173MG
2025-07-26_11-10-15-330_CQ794RZ-FRA.jpg,CQ-794-RZ,CQ-794-RZ,0.9999,1,1,CQ794RZ,CQ794RZ
2025-07-26_12-30-29-416_FR222TX-FRA.jpg,FR-222-TX,FR-222-TX,0.9818,1,1,FR222TX,FR222TX
2025-07-26_14-44-26-149_AG638LE-FRA.jpg,AG-638-LE,AG-638-LE,0.9997,1,1,AG638LE,AG638LE
2025-07-26_11-56-23-156_HD684XZ-FRA.jpg,HD-684-XZ,HD-684-XZ,1.0000,1,1,HD684XZ,HD684XZ
2025-07-26_10-58-32-596_FN245QY-FRA.jpg,FN245QY,FN245QY,0.9983,1,1,FN245QY,FN245QY
2025-07-26_10-12-55-359_EG991KJ-FRA.jpg,EG.991.KJ,EG.991.KJ,0.9996,1,1,EG991KJ,EG991KJ
2025-07-26_16-27-53-967_GK861FN-FRA.jpg,GK-861-FN.,GK-861-FN.,0.9983,1,1,GK861FN,GK861FN
2025-07-26_14-22-15-689_CW092DA-FRA.jpg,CW-092-DA,CW-092-DA,0.9999,1,1,CW092DA,CW092DA
2025-07-26_09-04-23-087_FL318AH-FRA.jpg,FL-318-AH,FL-318-AH,0.9705,1,1,FL318AH,FL318AH
2025-07-26_14-42-58-256_GG957MQ-FRA.jpg,GG-957-MQ,GG-957-MQ,0.9993,1,1,GG957MQ,GG957MQ
2025-07-26_12-06-56-744_GN272MB-FRA.jpg,GN-272-MB.,GN-272-MB.,1.0000,1,1,GN272MB,GN272MB
2025-07-26_14-37-57-202_GJ863CQ-FRA.jpg,GJ-863-CQ,GJ-863-CQ,0.9548,1,1,GJ863CQ,GJ863CQ
2025-07-26_09-22-18-789_DH965QN-FRA.jpg,DH-965.QN,DH-965.QN,0.9620,1,1,DH965QN,DH965QN
2025-07-26_09-21-14-130_DT188EK-FRA.jpg,DT.188-EK.,DT.188-EK.,0.9997,1,1,DT188EK,DT188EK
2025-07-26_10-28-59-212_AK392BZ-FRA.jpg,AK-392-BZ,AK-392-BZ,0.9985,1,1,AK392BZ,AK392BZ
2025-07-26_11-09-45-859_GV268YS-FRA.jpg,GV-268-YS,GV-268-YS,0.9985,1,1,GV268YS,GV268YS
2025-07-26_12-56-17-190_CV644EG-FRA.jpg,CV-644-EG,CV-644-EG,1.0000,1,1,CV644EG,CV644EG
2025-07-26_16-00-56-618_GR523CF-FRA.jpg,GR-523-CF,GR-523-CF,0.9999,1,1,GR523CF,GR523CF
2025-07-26_16-41-54-234_ET526DV-FRA.jpg,ET-526.DV,ET-526.DV,1.0000,1,1,ET526DV,ET526DV
2025-07-26_09-12-54-852_HA949KC-FRA.jpg,HA-949-KC,HA-949-KC,0.9687,1,1,HA949KC,HA949KC
2025-07-26_17-59-28-910_BT169VQ-FRA.jpg,BT-169-VQ,BT-169-VQ,0.9401,1,1,BT169VQ,BT169VQ
2025-07-26_10-54-48-010_CZ913KA-FRA.jpg,CZ-913-KA,CZ-913-KA,0.9973,1,1,CZ913KA,CZ913KA
2025-07-26_09-19-15-193_AK150YJ-FRA.jpg,AK-150-YJ,AK-150-YJ,0.9867,1,1,AK150YJ,AK150YJ
2025-07-26_13-01-44-250_FD192QL-FRA.jpg,FD-192-QL.,FD-192-QL.,1.0000,1,1,FD192QL,FD192QL
2025-07-26_12-58-27-171_DL142QT-FRA.jpg,DL-142-QT,DL-142-QT,0.9828,1,1,DL142QT,DL142QT
2025-07-26_11-17-34-343_EX986TY-FRA.jpg,EX-986-TY,EX-986-TY,0.9899,1,1,EX986TY,EX986TY
2025-07-26_13-05-19-033_FL206AS-FRA.jpg,FL-206-AS,FL-206-AS,1.0000,1,1,FL206AS,FL206AS
2025-07-26_10-59-46-073_DJ955ZD-FRA.jpg,DJ-955-ZD,DJ-955-ZD,0.9925,1,1,DJ955ZD,DJ955ZD
2025-07-26_10-55-38-393_DE022TG-FRA.jpg,DE-022-TG,DE-022-TG,1.0000,1,1,DE022TG,DE022TG
2025-07-26_16-18-13-858_BA849YS-FRA.jpg,BA-849-YS,BA-849-YS,0.9999,1,1,BA849YS,BA849YS
2025-07-26_16-11-02-458_DD548CJ-FRA.jpg,DD-548-CJ,DD-548-CJ,0.9998,1,1,DD548CJ,DD548CJ
2025-07-26_10-07-37-693_BN011MS-FRA.jpg,BN-011-MS,BN-011-MS,0.9911,1,1,BN011MS,BN011MS
2025-07-26_16-09-13-292_FE278HK-FRA.jpg,FE-278-HK,FE-278-HK,0.9973,1,1,FE278HK,FE278HK
2025-07-26_10-58-28-025_ED990XR-FRA.jpg,ED-990-XR,ED-990-XR,0.9952,1,1,ED990XR,ED990XR
2025-07-26_10-17-49-354_CP317AC-FRA.jpg,CP.317AC,CP.317AC,0.9995,1,1,CP317AC,CP317AC
2025-07-26_11-59-45-174_AG230XE-FRA.jpg,AG-230-XE,AG-230-XE,0.9952,1,1,AG230XE,AG230XE
2025-07-26_09-37-50-311_AG874RF-FRA.jpg,AG-874-RF,AG-874-RF,1.0000,1,1,AG874RF,AG874RF
2025-07-26_11-09-51-746_DX030VX-FRA.jpg,DX-030-VX,DX-030-VX,0.9310,1,1,DX030VX,DX030VX
2025-07-26_14-41-37-597_EC219LS-FRA.jpg,EC-219-LS,EC-219-LS,0.9983,1,1,EC219LS,EC219LS
2025-07-26_15-40-25-227_GZ322XV-FRA.jpg,GZ-322-XV,GZ-322-XV,0.9980,1,1,GZ322XV,GZ322XV
2025-07-26_14-36-51-866_GJ701QS-FRA.jpg,GJ-701-QS,GJ-701-QS,0.9877,1,1,GJ701QS,GJ701QS
2025-07-26_14-20-15-316_HD140TH-FRA.jpg,HD-140-TH,HD-140-TH,0.9875,1,1,HD140TH,HD140TH
2025-07-26_09-34-29-303_ER407TZ-FRA.jpg,ER-407-TZ.,ER-407-TZ.,0.9509,1,1,ER407TZ,ER407TZ
2025-07-26_13-24-29-076_DN627EH-FRA.jpg,DN-627-EH,DN-627-EH,0.9990,1,1,DN627EH,DN627EH
2025-07-26_11-04-57-305_BH725NN-FRA.jpg,BH-725-NN,BH-725-NN,0.9854,1,1,BH725NN,BH725NN
2025-07-26_13-07-49-337_CW064JM-FRA.jpg,CW-064-JM,CW-064-JM,0.9998,1,1,CW064JM,CW064JM
2025-07-26_11-38-29-321_AR729BT-FRA.jpg,AR-729-BT,AR-729-BT,0.9999,1,1,AR729BT,AR729BT
2025-07-26_17-59-07-816_FW415HD-FRA.jpg,FW-415-HD,FW-415-HD,0.9992,1,1,FW415HD,FW415HD
2025-07-26_14-39-39-150_BQ490WK-FRA.jpg,BQ-490-WK,BQ-490-WK,0.9999,1,1,BQ490WK,BQ490WK
2025-07-26_16-12-36-660_DW409ST-FRA.jpg,DW-409-ST.,DW-409-ST.,0.9720,1,1,DW409ST,DW409ST
2025-07-26_15-11-18-408_FS831LH-FRA.jpg,FS-831-L.H,FS-831-L.H,0.9573,1,1,FS831LH,FS831LH
2025-07-26_12-50-06-727_AG291SQ-FRA.jpg,AG-291-SQ,AG-291-SQ,1.0000,1,1,AG291SQ,AG291SQ
2025-07-26_11-13-08-970_BD796NN-FRA.jpg,BD-796-NN,BD-796-NN,0.9999,1,1,BD796NN,BD796NN
2025-07-26_13-13-41-914_AV037HB-FRA.jpg,AV.037-HB,AV.037-HB,0.9488,1,1,AV037HB,AV037HB
2025-07-26_12-41-48-047_FG584CL-FRA.jpg,FG-584-CL,FG-584-CL,0.9896,1,1,FG584CL,FG584CL
2025-07-26_09-30-48-857_CK372LB-FRA.jpg,CK-372-LB,CK-372-LB,1.0000,1,1,CK372LB,CK372LB
2025-07-26_10-21-53-809_DY186NV-FRA.jpg,DY-186-NV,DY-186-NV,0.9753,1,1,DY186NV,DY186NV
2025-07-26_14-10-56-361_CP168FG-FRA.jpg,CP-168-FG,CP-168-FG,0.9567,1,1,CP168FG,CP168FG
2025-07-26_13-10-18-090_GT502PW-FRA.jpg,GT-502-PW,GT-502-PW,0.9999,1,1,GT502PW,GT502PW
2025-07-26_18-13-25-286_FZ766NN-FRA.jpg,FZ-766-NN.,FZ-766-NN.,0.9940,1,1,FZ766NN,FZ766NN
2025-07-26_11-22-23-121_FR822HY-FRA.jpg,FR-822-HY,FR-822-HY,1.0000,1,1,FR822HY,FR822HY
2025-07-26_14-50-48-454_GY848TS-FRA.jpg,GY-848-TS,GY-848-TS,1.0000,1,1,GY848TS,GY848TS
2025-07-26_11-03-56-157_BJ758FD-FRA.jpg,BJ-758-FD,BJ-758-FD,0.9998,1,1,BJ758FD,BJ758FD
2025-07-26_17-20-06-717_AR278BC-FRA.jpg,AR-278-BC,AR-278-BC,0.9999,1,1,AR278BC,AR278BC
2025-07-26_15-33-21-492_GM526LN-FRA.jpg,GM526.LN,GM526.LN,0.9568,1,1,GM526LN,GM526LN
2025-07-26_16-11-41-301_DP278TQ-FRA.jpg,DP-278-TQ,DP-278-TQ,1.0000,1,1,DP278TQ,DP278TQ
2025-07-26_12-20-48-043_GZ027YT-FRA.jpg,GZ-027-YT,GZ-027-YT,1.0000,1,1,GZ027YT,GZ027YT
2025-07-26_13-09-43-740_HE443JP-FRA.jpg,HE443JP,HE443JP,1.0000,1,1,HE443JP,HE443JP
2025-07-26_10-33-40-420_DB493NF-FRA.jpg,DB-493-NF,DB-493-NF,0.9867,1,1,DB493NF,DB493NF
2025-07-26_10-33-13-799_AK239ZV-FRA.jpg,AK-239-ZV,AK-239-ZV,0.9897,1,1,AK239ZV,AK239ZV
2025-07-26_09-41-27-678_DG957DQ-FRA.jpg,DG-957-DQ,DG-957-DQ,0.9997,1,1,DG957DQ,DG957DQ
2025-07-26_17-23-41-130_AM375HE-FRA.jpg,AM-375-HE,AM-375-HE,0.9932,1,1,AM375HE,AM375HE
2025-07-26_11-58-14-075_GC799PE-FRA.jpg,GC-799-PE,GC-799-PE,0.9901,1,1,GC799PE,GC799PE
2025-07-26_09-23-36-979_FJ903ZH-FRA.jpg,FJ-903-ZH,FJ-903-ZH,0.9581,1,1,FJ903ZH,FJ903ZH
2025-07-26_11-39-15-977_GY211XS-FRA.jpg,GY-211-XS,GY-211-XS,0.9999,1,1,GY211XS,GY211XS
2025-07-26_10-02-49-658_EM473QQ-FRA.jpg,EM-473-QQ,EM-473-QQ,0.9997,1,1,EM473QQ,EM473QQ
2025-07-26_16-23-26-160_640CEP06-FRA.jpg,640CEP06,640CEP06,0.9989,1,1,640CEP06,640CEP06
2025-07-26_16-57-26-643_GM849XN-FRA.jpg,GM849XN,GM849XN,0.9864,1,1,GM849XN,GM849XN
2025-07-26_15-34-04-791_EZ691AL-FRA.jpg,EZ-691-AL.,EZ-691-AL.,0.9986,1,1,EZ691AL,EZ691AL
2025-07-26_13-40-23-165_FP850TW-FRA.jpg,FP-850-TW,FP-850-TW,0.9623,1,1,FP850TW,FP850TW
2025-07-26_11-47-37-394_HE566SA-FRA.jpg,HE-566-SA,HE-566-SA,0.9893,1,1,HE566SA,HE566SA
2025-07-26_10-03-52-237_DS740GR-FRA.jpg,DS-740-GR,DS-740-GR,1.0000,1,1,DS740GR,DS740GR
2025-07-26_15-33-04-320_AK933ND-FRA.jpg,AK-933-ND,AK-933-ND,0.9978,1,1,AK933ND,AK933ND
2025-07-26_11-00-38-687_GH152JP-FRA.jpg,GH-152-JP,GH-152-JP,1.0000,1,1,GH152JP,GH152JP
2025-07-26_13-12-05-695_EJ131KJ-FRA.jpg,EJ-131-KJ,EJ-131-KJ,0.9997,1,1,EJ131KJ,EJ131KJ
2025-07-26_16-56-25-616_FW850DP-FRA.jpg,FW-850-DP.,FW-850-DP.,0.9819,1,1,FW850DP,FW850DP
2025-07-26_14-33-59-240_GV595TF-FRA.jpg,GV-595-TF,GV-595-TF,0.9679,1,1,GV595TF,GV595TF
2025-07-26_11-14-59-041_HC143GN-FRA.jpg,HC-143-GN,HC-143-GN,1.0000,1,1,HC143GN,HC143GN
2025-07-26_13-33-20-209_GW699TR-FRA.jpg,GW-699-TR,GW-699-TR,0.9911,1,1,GW699TR,GW699TR
2025-07-26_11-39-13-755_CZ664MS-FRA.jpg,CZ-664-MS,CZ-664-MS,1.0000,1,1,CZ664MS,CZ664MS
2025-07-26_09-26-57-475_CD587KD-FRA.jpg,CD-587-KD,CD-587-KD,1.0000,1,1,CD587KD,CD587KD
2025-07-26_17-49-05-196_EA417BV-FRA.jpg,EA-417-BV,EA-417-BV,0.9997,1,1,EA417BV,EA417BV
2025-07-26_13-36-25-513_BE280KN-FRA.jpg,BE-280-KN,BE-280-KN,0.9998,1,1,BE280KN,BE280KN
2025-07-26_10-54-57-871_FT617DX-FRA.jpg,FT-617-DX,FT-617-DX,1.0000,1,1,FT617DX,FT617DX
2025-07-26_16-36-08-432_FS640TC-FRA.jpg,FS-640-TC,FS-640-TC,0.9998,1,1,FS640TC,FS640TC
2025-07-26_18-23-30-902_FA371SD-FRA.jpg,FA-371-SD,FA-371-SD,0.9999,1,1,FA371SD,FA371SD
2025-07-26_09-23-40-413_GD115PE-FRA.jpg,GD-115-PE,GD-115-PE,0.9978,1,1,GD115PE,GD115PE
2025-07-26_09-23-20-349_DT738FW-FRA.jpg,DT.738.FW,DT.738.FW,0.9998,1,1,DT738FW,DT738FW
2025-07-26_16-24-16-325_GB374DS-FRA.jpg,GB-374-DS,GB-374-DS,1.0000,1,1,GB374DS,GB374DS
2025-07-26_12-11-23-893_CS040GE-FRA.jpg,CS-040-GE,CS-040-GE,0.9938,1,1,CS040GE,CS040GE
2025-07-26_15-41-46-687_CH055FX-FRA.jpg,CH-055-FX,CH-055-FX,0.9999,1,1,CH055FX,CH055FX
2025-07-26_10-12-46-520_GR162LG-FRA.jpg,GR-162-LG,GR-162-LG,0.9584,1,1,GR162LG,GR162LG
2025-07-26_09-08-01-914_EX203GY-FRA.jpg,EX-203-GY,EX-203-GY,0.9929,1,1,EX203GY,EX203GY
2025-07-26_12-55-50-739_EK012JG-FRA.jpg,EK-012-JG,EK-012-JG,0.9981,1,1,EK012JG,EK012JG
2025-07-26_10-17-48-153_AS453TZ-FRA.jpg,AS-453-TZ,AS-453-TZ,1.0000,1,1,AS453TZ,AS453TZ
2025-07-26_16-50-03-309_EW568JT-FRA.jpg,EW-568-JT.,EW-568-JT.,0.9996,1,1,EW568JT,EW568JT
2025-07-26_10-14-19-527_AC447FL-FRA.jpg,AC-447-FL,AC-447-FL,0.9997,1,1,AC447FL,AC447FL
2025-07-26_11-05-36-417_BW770SY-FRA.jpg,BW-770-SY,BW-770-SY,0.9908,1,1,BW770SY,BW770SY
2025-07-26_18-03-04-997_CY117VW-FRA.jpg,CY.117-VW,CY.117-VW,0.9960,1,1,CY117VW,CY117VW
2025-07-26_10-07-36-812_EX511NQ-FRA.jpg,EX-511-NQ,EX-511-NQ,0.9808,1,1,EX511NQ,EX511NQ
2025-07-26_13-04-15-178_635ARQ93-FRA.jpg,635ARQ93,635ARQ93,0.9701,1,1,635ARQ93,635ARQ93
2025-07-26_12-48-42-569_DA994RW-FRA.jpg,DA-994-RW,DA-994-RW,0.9927,1,1,DA994RW,DA994RW
2025-07-26_09-06-55-133_CZ296PY-FRA.jpg,CZ-296-PY.,CZ-296-PY.,0.9997,1,1,CZ296PY,CZ296PY
2025-07-26_10-10-58-374_HB469TC-FRA.jpg,HB-469-TC,HB-469-TC,0.9993,1,1,HB469TC,HB469TC
2025-07-26_14-02-36-987_FZ580XZ-FRA.jpg,FZ-580-XZ,FZ-580-XZ,0.9865,1,1,FZ580XZ,FZ580XZ
2025-07-26_09-17-47-568_EB942BM-FRA.jpg,EB-942-BM.,EB-942-BM.,0.9988,1,1,EB942BM,EB942BM
2025-07-26_11-18-38-683_DA517SN-FRA.jpg,DA517SN,DA517SN,1.0000,1,1,DA517SN,DA517SN
2025-07-26_13-09-13-230_HA021ZQ-FRA.jpg,HA-021-ZQ,HA-021-ZQ,1.0000,1,1,HA021ZQ,HA021ZQ
2025-07-26_09-42-08-489_AS532KX-FRA.jpg,AS-532-KX,AS-532-KX,1.0000,1,1,AS532KX,AS532KX
2025-07-26_11-00-41-268_AK345VH-FRA.jpg,AK-345-VH,AK-345-VH,1.0000,1,1,AK345VH,AK345VH
2025-07-26_14-15-12-176_CY675TS-FRA.jpg,CY-675-TS,CY-675-TS,0.9997,1,1,CY675TS,CY675TS
2025-07-26_16-30-02-428_DF771DA-FRA.jpg,DF-771-DA,DF-771-DA,0.9660,1,1,DF771DA,DF771DA
2025-07-26_10-09-51-190_HD353YN-FRA.jpg,HD-353-YN,HD-353-YN,0.9994,1,1,HD353YN,HD353YN
2025-07-26_11-39-39-008_CZ859BW-FRA.jpg,CZ-859-BW,CZ-859-BW,0.9998,1,1,CZ859BW,CZ859BW
2025-07-26_17-51-26-677_BG314VH-FRA.jpg,BG-314-VH,BG-314-VH,0.9980,1,1,BG314VH,BG314VH
2025-07-26_09-14-10-134_EW323BD-FRA.jpg,EW-323-BD,EW-323-BD,1.0000,1,1,EW323BD,EW323BD
2025-07-26_12-07-18-364_DT092GS-FRA.jpg,DT-092-GS,DT-092-GS,1.0000,1,1,DT092GS,DT092GS
2025-07-26_18-03-37-378_GF730NB-FRA.jpg,GF-730-NB,GF-730-NB,0.9769,1,1,GF730NB,GF730NB
2025-07-26_10-41-23-673_GW605VE-FRA.jpg,GW-605-VE,GW-605-VE,0.9997,1,1,GW605VE,GW605VE
2025-07-26_13-57-40-461_EL676MD-FRA.jpg,EL-676-MD,EL-676-MD,1.0000,1,1,EL676MD,EL676MD
2025-07-26_14-10-33-081_ER209MB-FRA.jpg,ER-209-MB.,ER-209-MB.,0.9618,1,1,ER209MB,ER209MB
2025-07-26_13-23-30-404_5216WD93-FRA.jpg,5216WD-93,5216WD-93,0.9978,1,1,5216WD93,5216WD93
2025-07-26_11-58-25-720_DE089PR-FRA.jpg,DE-089-PR,DE-089-PR,1.0000,1,1,DE089PR,DE089PR
2025-07-26_14-11-13-613_AZ092PW-FRA.jpg,AZ-092-PW,AZ-092-PW,0.9995,1,1,AZ092PW,AZ092PW
2025-07-26_09-40-41-698_AT327KP-FRA.jpg,AT-327-KP,AT-327-KP,1.0000,1,1,AT327KP,AT327KP
2025-07-26_11-13-35-442_GL632AN-FRA.jpg,GL-632-AN,GL-632-AN,0.9965,1,1,GL632AN,GL632AN
2025-07-26_10-04-52-444_AS264ZQ-FRA.jpg,AS-264-ZQ,AS-264-ZQ,0.9999,1,1,AS264ZQ,AS264ZQ
2025-07-26_12-47-39-799_BF233RZ-FRA.jpg,BF-233-RZ,BF-233-RZ,1.0000,1,1,BF233RZ,BF233RZ
2025-07-26_09-04-37-817_AE238YN-FRA.jpg,AE238-YN,AE238-YN,0.9999,1,1,AE238YN,AE238YN
2025-07-26_09-26-57-855_GR969DD-FRA.jpg,GR-969-DD,GR-969-DD,0.9990,1,1,GR969DD,GR969DD
2025-07-26_10-04-13-448_FE301FV-FRA.jpg,FE-301-FV,FE-301-FV,0.9950,1,1,FE301FV,FE301FV
2025-07-26_12-35-07-460_GH197EK-FRA.jpg,GH-197-EK,GH-197-EK,0.9993,1,1,GH197EK,GH197EK
2025-07-26_11-40-51-243_AQ282VC-FRA.jpg,AQ282VC,AQ282VC,1.0000,1,1,AQ282VC,AQ282VC
2025-07-26_10-16-39-217_BE499DG-FRA.jpg,BE.499DG,BE.499DG,0.9997,1,1,BE499DG,BE499DG
2025-07-26_11-12-28-562_DH269NS-FRA.jpg,DH-269-NS,DH-269-NS,0.9642,1,1,DH269NS,DH269NS
2025-07-26_10-50-51-245_ER724EG-FRA.jpg,ER-724-EG,ER-724-EG,1.0000,1,1,ER724EG,ER724EG
2025-07-26_13-24-33-796_EM423BE-FRA.jpg,EM-423-BE,EM-423-BE,0.9998,1,1,EM423BE,EM423BE
2025-07-26_18-24-50-777_GW119EK-FRA.jpg,GW-119-EK,GW-119-EK,0.9999,1,1,GW119EK,GW119EK
2025-07-26_17-15-22-688_EY965HH-FRA.jpg,EY-965-HH,EY-965-HH,0.9430,1,1,EY965HH,EY965HH
2025-07-26_12-16-26-519_GF885RC-FRA.jpg,GF-885-RC.,GF-885-RC.,0.9998,1,1,GF885RC,GF885RC
2025-07-26_15-48-04-095_AL206TF-FRA.jpg,AL-206-TF,AL-206-TF,0.9937,1,1,AL206TF,AL206TF
2025-07-26_18-05-02-689_CT514MA-FRA.jpg,CT-514-MA.,CT-514-MA.,0.9999,1,1,CT514MA,CT514MA
2025-07-26_11-35-49-848_DS455HD-FRA.jpg,DS-455-HD,DS-455-HD,0.9913,1,1,DS455HD,DS455HD
2025-07-26_09-46-50-621_EM331YE-FRA.jpg,EM-331-YE,EM-331-YE,1.0000,1,1,EM331YE,EM331YE
2025-07-26_16-48-03-502_FR105BT-FRA.jpg,FR105BT,FR105BT,0.9926,1,1,FR105BT,FR105BT
2025-07-26_09-16-44-668_CZ832NV-FRA.jpg,CZ-832-NV.,CZ-832-NV.,0.9938,1,1,CZ832NV,CZ832NV
2025-07-26_14-16-31-160_GJ361KT-FRA.jpg,GJ-361-KT,GJ-361-KT,1.0000,1,1,GJ361KT,GJ361KT
2025-07-26_11-20-17-431_GW772ZE-FRA.jpg,GW-772-ZE.,GW-772-ZE.,0.9506,1,1,GW772ZE,GW772ZE
2025-07-26_11-46-56-722_WW045DT-FRA.jpg,WW-045-DT,WW-045-DT,0.9922,1,1,WW045DT,WW045DT
2025-07-26_14-21-38-711_AC692YG-FRA.jpg,AC-692-YG,AC-692-YG,0.9997,1,1,AC692YG,AC692YG
2025-07-26_11-06-18-173_DR615WZ-FRA.jpg,DR-615-WZ,DR-615-WZ,0.9838,1,1,DR615WZ,DR615WZ
2025-07-26_10-47-50-969_CH162SD-FRA.jpg,CH-162-SD,CH-162-SD,0.9587,1,1,CH162SD,CH162SD
2025-07-26_11-28-34-534_CV187XD-FRA.jpg,CV-187-XD,CV-187-XD,1.0000,1,1,CV187XD,CV187XD
2025-07-26_12-04-58-780_EZ391ZS-FRA.jpg,EZ-391-ZS,EZ-391-ZS,0.9853,1,1,EZ391ZS,EZ391ZS
2025-07-26_16-10-31-022_BJ039SM-FRA.jpg,BJ-039-SM,BJ-039-SM,0.9540,1,1,BJ039SM,BJ039SM
2025-07-26_18-01-02-447_CE278WQ-FRA.jpg,CE-278-WQ,CE-278-WQ,1.0000,1,1,CE278WQ,CE278WQ
2025-07-26_11-27-25-692_GN057AK-FRA.jpg,GN-057-AK.,GN-057-AK.,1.0000,1,1,GN057AK,GN057AK
2025-07-26_14-14-24-743_FH244LD-FRA.jpg,FH-244-LD,FH-244-LD,0.9961,1,1,FH244LD,FH244LD
2025-07-26_12-41-57-267_HA551NB-FRA.jpg,HA-551-NB,HA-551-NB,0.9991,1,1,HA551NB,HA551NB
2025-07-26_18-03-26-230_FG554VG-FRA.jpg,FG-554-VG,FG-554-VG,0.9999,1,1,FG554VG,FG554VG
2025-07-26_12-24-09-272_AB563PH-FRA.jpg,AB-563.PH,AB-563.PH,0.9998,1,1,AB563PH,AB563PH
2025-07-26_14-34-24-221_FV176JW-FRA.jpg,FV-176-JW,FV-176-JW,0.9998,1,1,FV176JW,FV176JW
2025-07-26_10-58-33-277_BX433MB-FRA.jpg,BX-433-MB,BX-433-MB,0.9962,1,1,BX433MB,BX433MB
2025-07-26_10-54-51-286_FC243VH-FRA.jpg,FC-243-VH,FC-243-VH,1.0000,1,1,FC243VH,FC243VH
2025-07-26_18-02-27-600_HC240ZG-FRA.jpg,HC-240-ZG,HC-240-ZG,1.0000,1,1,HC240ZG,HC240ZG
2025-07-26_12-09-53-515_BS451PN-FRA.jpg,BS-451-PN,BS-451-PN,0.9958,1,1,BS451PN,BS451PN
2025-07-26_11-44-04-754_DG273FL-FRA.jpg,DG-273-FL,DG-273-FL,1.0000,1,1,DG273FL,DG273FL
2025-07-26_17-34-21-900_CJ920PS-FRA.jpg,CJ-920-PS,CJ-920-PS,1.0000,1,1,CJ920PS,CJ920PS
2025-07-26_09-14-46-832_DV617CG-FRA.jpg,DV-617-CG,DV-617-CG,0.9996,1,1,DV617CG,DV617CG
2025-07-26_15-23-42-031_ED449VY-FRA.jpg,ED-449-VY,ED-449-VY,1.0000,1,1,ED449VY,ED449VY
2025-07-26_11-14-27-480_GT893XX-FRA.jpg,GT-893-XX,GT-893-XX,0.9678,1,1,GT893XX,GT893XX
2025-07-26_10-52-32-410_DB103JC-FRA.jpg,DB-103-JC,DB-103-JC,1.0000,1,1,DB103JC,DB103JC
2025-07-26_12-25-59-405_FN398DJ-FRA.jpg,FN-398-DJ,FN-398-DJ,0.9999,1,1,FN398DJ,FN398DJ
2025-07-26_10-45-00-310_GA348KV-FRA.jpg,GA.348-KV,GA.348-KV,0.9990,1,1,GA348KV,GA348KV
2025-07-26_11-43-36-665_FV916DG-FRA.jpg,FV-916-DG,FV-916-DG,0.9477,1,1,FV916DG,FV916DG
2025-07-26_14-46-56-955_BB979FA-FRA.jpg,BB-979-FA,BB-979-FA,1.0000,1,1,BB979FA,BB979FA
2025-07-26_09-17-52-696_DM218KW-FRA.jpg,DM-218-KW,DM-218-KW,1.0000,1,1,DM218KW,DM218KW
2025-07-26_15-23-43-152_FD418NA-FRA.jpg,FD-418-NA,FD-418-NA,0.9998,1,1,FD418NA,FD418NA
2025-07-26_18-16-48-694_BS535NT-FRA.jpg,BS-535-NT.,BS-535-NT.,0.9999,1,1,BS535NT,BS535NT
2025-07-26_14-27-03-402_CH460SK-FRA.jpg,CH-460-SK,CH-460-SK,0.9993,1,1,CH460SK,CH460SK
2025-07-26_10-46-44-993_HE039RG-FRA.jpg,HE-039-RG,HE-039-RG,1.0000,1,1,HE039RG,HE039RG
2025-07-26_13-35-54-706_ED547CN-FRA.jpg,ED-547-CN.,ED-547-CN.,1.0000,1,1,ED547CN,ED547CN
2025-07-26_10-05-15-020_GG280FY-FRA.jpg,GG-280-FY.,GG-280-FY.,0.9907,1,1,GG280FY,GG280FY
2025-07-26_09-22-50-015_CT291RP-FRA.jpg,.CT-291-RP,.CT-291-RP,0.9999,1,1,CT291RP,CT291RP
2025-07-26_15-37-50-092_HE421HF-FRA.jpg,HE-421-HF,HE-421-HF,0.9999,1,1,HE421HF,HE421HF
2025-07-26_14-18-21-276_FV704TP-FRA.jpg,FV-704-TP,FV-704-TP,0.9974,1,1,FV704TP,FV704TP
2025-07-26_10-28-25-551_HA788DN-FRA.jpg,HA-788-DN,HA-788-DN,1.0000,1,1,HA788DN,HA788DN
2025-07-26_17-35-59-410_GJ643LD-FRA.jpg,GJ-643-LD,GJ-643-LD,0.9999,1,1,GJ643LD,GJ643LD
2025-07-26_14-31-02-096_GW286LD-FRA.jpg,GW-286-LD,GW-286-LD,0.9999,1,1,GW286LD,GW286LD
2025-07-26_15-42-25-301_HA799SJ-FRA.jpg,HA-799-SJ,HA-799-SJ,0.9683,1,1,HA799SJ,HA799SJ
2025-07-26_14-36-39-595_GF458HC-FRA.jpg,GF-458-HC,GF-458-HC,0.9999,1,1,GF458HC,GF458HC
2025-07-26_10-02-19-695_HB167FX-FRA.jpg,HB-167-FX,HB-167-FX,0.9995,1,1,HB167FX,HB167FX
2025-07-26_09-19-12-779_CL001BY-FRA.jpg,CL-001-BY.,CL-001-BY.,0.9999,1,1,CL001BY,CL001BY
2025-07-26_12-11-39-946_DL606GP-FRA.jpg,DL-606-GP,DL-606-GP,1.0000,1,1,DL606GP,DL606GP
2025-07-26_09-22-47-518_GA669HJ-FRA.jpg,GA-669-HJ,GA-669-HJ,1.0000,1,1,GA669HJ,GA669HJ
2025-07-26_11-43-41-395_EE149LE-FRA.jpg,EE-149-LE,EE-149-LE,0.9906,1,1,EE149LE,EE149LE
2025-07-26_10-29-44-492_DP301FF-FRA.jpg,DP-301-FF,DP-301-FF,0.9741,1,1,DP301FF,DP301FF
2025-07-26_14-26-29-550_BN580XD-FRA.jpg,BN-580-XD,BN-580-XD,1.0000,1,1,BN580XD,BN580XD
2025-07-26_10-28-33-786_GR295ZX-FRA.jpg,GR-295-ZX,GR-295-ZX,1.0000,1,1,GR295ZX,GR295ZX
2025-07-26_09-38-00-029_AB392BM-FRA.jpg,AB-392-BM,AB-392-BM,1.0000,1,1,AB392BM,AB392BM
2025-07-26_10-08-28-376_DM144SR-FRA.jpg,DM-144-SR,DM-144-SR,1.0000,1,1,DM144SR,DM144SR
2025-07-26_09-31-54-127_FT439ZL-FRA.jpg,FT-439-ZL,FT-439-ZL,0.9923,1,1,FT439ZL,FT439ZL
2025-07-26_10-04-04-598_EB660AW-FRA.jpg,EB-660-AW,EB-660-AW,0.9467,1,1,EB660AW,EB660AW
2025-07-26_10-40-40-656_CZ683EB-FRA.jpg,CZ-683-EB,CZ-683-EB,0.9947,1,1,CZ683EB,CZ683EB
2025-07-26_11-41-57-021_FF191WY-FRA.jpg,FF-191-WY,FF-191-WY,1.0000,1,1,FF191WY,FF191WY
2025-07-26_12-16-15-927_GF942GD-FRA.jpg,GF-942-GD,GF-942-GD,1.0000,1,1,GF942GD,GF942GD
2025-07-26_12-53-46-838_FG325QV-FRA.jpg,FG325QV,FG325QV,0.9998,1,1,FG325QV,FG325QV
2025-07-26_11-21-35-756_GN171TN-FRA.jpg,GN-171-TN,GN-171-TN,1.0000,1,1,GN171TN,GN171TN
2025-07-26_17-43-01-022_AH652BA-FRA.jpg,AH-652-BA,AH-652-BA,0.9999,1,1,AH652BA,AH652BA
2025-07-26_13-07-50-196_EV540TG-FRA.jpg,EV-540-TG,EV-540-TG,0.9882,1,1,EV540TG,EV540TG
2025-07-26_16-48-51-217_FA702LY-FRA.jpg,FA-702-LY,FA-702-LY,0.9612,1,1,FA702LY,FA702LY
2025-07-26_11-09-05-346_EH501RV-FRA.jpg,EH-501-RV,EH-501-RV,0.9998,1,1,EH501RV,EH501RV
2025-07-26_10-57-49-975_FP813ZB-FRA.jpg,FP-813-ZB,FP-813-ZB,1.0000,1,1,FP813ZB,FP813ZB
2025-07-26_11-36-15-873_FB673TX-FRA.jpg,FB-673-TX,FB-673-TX,1.0000,1,1,FB673TX,FB673TX
2025-07-26_09-21-12-904_GC995LL-FRA.jpg,GC-995-LL,GC-995-LL,0.9990,1,1,GC995LL,GC995LL
2025-07-26_13-06-24-499_DW944AD-FRA.jpg,DW-944-AD,DW-944-AD,0.9987,1,1,DW944AD,DW944AD
2025-07-26_14-01-51-194_GM037HC-FRA.jpg,GM-037-HC.,GM-037-HC.,0.9999,1,1,GM037HC,GM037HC
2025-07-26_16-19-46-230_ES928EY-FRA.jpg,ES-928-EY,ES-928-EY,1.0000,1,1,ES928EY,ES928EY
2025-07-26_14-50-17-216_FZ448RA-FRA.jpg,FZ-448-RA,FZ-448-RA,0.9999,1,1,FZ448RA,FZ448RA
2025-07-26_10-28-35-800_ER012JQ-FRA.jpg,ER-012-JQ,ER-012-JQ,0.9999,1,1,ER012JQ,ER012JQ
2025-07-26_14-41-05-730_DF789DR-FRA.jpg,DF-789-DR,DF-789-DR,0.9737,1,1,DF789DR,DF789DR
2025-07-26_14-46-55-090_HD280WF-ITA.jpg,HD-280-WF,HD-280-WF,0.9943,1,1,HD280WF,HD280WF
2025-07-26_11-08-09-346_GL614ST-FRA.jpg,GL-614-ST,GL-614-ST,0.9784,1,1,GL614ST,GL614ST
2025-07-26_17-23-38-235_GT569XG-FRA.jpg,GT-569-XG,GT-569-XG,1.0000,1,1,GT569XG,GT569XG
2025-07-26_13-17-01-477_CB554ZK-FRA.jpg,CB-554-ZK,CB-554-ZK,0.9995,1,1,CB554ZK,CB554ZK
2025-07-26_15-36-23-992_GZ675TB-FRA.jpg,GZ-675-TB,GZ-675-TB,0.9887,1,1,GZ675TB,GZ675TB
2025-07-26_14-26-58-792_FZ498EQ-FRA.jpg,FZ-498-EQ,FZ-498-EQ,0.9682,1,1,FZ498EQ,FZ498EQ
2025-07-26_10-06-13-228_AG488SX-FRA.jpg,AG-488-SX,AG-488-SX,0.9997,1,1,AG488SX,AG488SX
2025-07-26_11-06-48-333_DV461KX-FRA.jpg,DV-461-KX,DV-461-KX,0.9997,1,1,DV461KX,DV461KX
2025-07-26_11-07-52-774_EW324NZ-FRA.jpg,EW-324-NZ,EW-324-NZ,0.9992,1,1,EW324NZ,EW324NZ
2025-07-26_12-30-24-756_DK926NV-FRA.jpg,DK-926-NV,DK-926-NV,1.0000,1,1,DK926NV,DK926NV
2025-07-26_10-50-50-569_AK907KW-FRA.jpg,AK-907-KW,AK-907-KW,0.9397,1,1,AK907KW,AK907KW
2025-07-26_13-25-40-469_DH681AM-FRA.jpg,DH-681-AM.,DH-681-AM.,0.9445,1,1,DH681AM,DH681AM
2025-07-26_14-31-11-196_GX353NY-FRA.jpg,GX-353-NY,GX-353-NY,1.0000,1,1,GX353NY,GX353NY
2025-07-26_12-26-13-252_EE278HC-FRA.jpg,EE-278-HC,EE-278-HC,0.9994,1,1,EE278HC,EE278HC
2025-07-26_11-06-46-926_EB258QE-FRA.jpg,EB-258-QE,EB-258-QE,0.9966,1,1,EB258QE,EB258QE
2025-07-26_11-02-34-988_DR956YJ-FRA.jpg,DR-956-YJ,DR-956-YJ,1.0000,1,1,DR956YJ,DR956YJ
2025-07-26_15-46-59-033_GZ862XX-FRA.jpg,GZ-862-XX.,GZ-862-XX.,0.9706,1,1,GZ862XX,GZ862XX
2025-07-26_14-11-53-827_FD218LZ-FRA.jpg,FD-218-LZ,FD-218-LZ,1.0000,1,1,FD218LZ,FD218LZ
2025-07-26_18-09-54-108_GR491WZ-FRA.jpg,.GR491-WZ.,.GR491-WZ.,0.9999,1,1,GR491WZ,GR491WZ
2025-07-26_17-04-29-805_GA360LN-FRA.jpg,GA-360-LN,GA-360-LN,0.9373,1,1,GA360LN,GA360LN
2025-07-26_12-10-00-075_AL102SA-FRA.jpg,AL-102-SA,AL-102-SA,0.9991,1,1,AL102SA,AL102SA
2025-07-26_10-52-04-670_EN857DT-FRA.jpg,EN-857-DT.,EN-857-DT.,0.9697,1,1,EN857DT,EN857DT
2025-07-26_17-04-51-543_HA255VP-FRA.jpg,HA-255-VP,HA-255-VP,0.9999,1,1,HA255VP,HA255VP
2025-07-26_10-06-15-876_DA913EJ-FRA.jpg,DA913EJ,DA913EJ,0.9999,1,1,DA913EJ,DA913EJ
2025-07-26_11-56-11-530_GS124NH-FRA.jpg,GS-124-NH,GS-124-NH,0.9926,1,1,GS124NH,GS124NH
2025-07-26_10-08-00-791_GW298PE-FRA.jpg,GW-298-PE,GW-298-PE,0.9916,1,1,GW298PE,GW298PE
2025-07-26_12-47-36-530_GC594NC-FRA.jpg,GC-594-NC.,GC-594-NC.,0.9956,1,1,GC594NC,GC594NC
2025-07-26_14-51-58-038_FX446RC-FRA.jpg,FX-446-RC,FX-446-RC,1.0000,1,1,FX446RC,FX446RC
2025-07-26_10-10-24-679_FM801RP-FRA.jpg,FM-801-RP,FM-801-RP,0.9998,1,1,FM801RP,FM801RP
2025-07-26_11-24-49-445_DD262EW-FRA.jpg,DD-262-EW,DD-262-EW,0.9996,1,1,DD262EW,DD262EW
2025-07-26_13-05-21-976_GN394SB-FRA.jpg,GN-394-SB,GN-394-SB,0.9982,1,1,GN394SB,GN394SB
2025-07-26_09-19-13-219_DC560GD-FRA.jpg,DC-560-GD,DC-560-GD,1.0000,1,1,DC560GD,DC560GD
2025-07-26_09-04-14-185_GX715KK-FRA.jpg,GX-715-KK,GX-715-KK,0.9999,1,1,GX715KK,GX715KK
2025-07-26_12-34-01-903_AM680LT-FRA.jpg,AM-680-LT.,AM-680-LT.,1.0000,1,1,AM680LT,AM680LT
2025-07-26_18-03-01-517_DV733YY-FRA.jpg,DV-733-YY,DV-733-YY,0.9998,1,1,DV733YY,DV733YY
2025-07-26_12-04-03-734_BJ138FT-FRA.jpg,BJ-138-FT,BJ-138-FT,0.9999,1,1,BJ138FT,BJ138FT
2025-07-26_10-21-59-717_GZ962SH-FRA.jpg,GZ-962-SH,GZ-962-SH,1.0000,1,1,GZ962SH,GZ962SH
2025-07-26_11-39-57-037_EK143RZ-FRA.jpg,EK-143-RZ,EK-143-RZ,1.0000,1,1,EK143RZ,EK143RZ
2025-07-26_17-51-25-463_BG314VH-FRA.jpg,BG.314VH,BG.314VH,0.9999,1,1,BG314VH,BG314VH
2025-07-26_14-56-54-236_HD512CA-FRA.jpg,HD-512-CA,HD-512-CA,0.9351,1,1,HD512CA,HD512CA
2025-07-26_10-58-57-393_FG305TQ-FRA.jpg,FG305TQ,FG305TQ,0.9999,1,1,FG305TQ,FG305TQ
2025-07-26_10-19-34-808_DL677RF-FRA.jpg,DL-677-RF,DL-677-RF,0.9999,1,1,DL677RF,DL677RF
2025-07-26_11-20-15-868_GW772ZE-FRA.jpg,GW-772-ZE.,GW-772-ZE.,1.0000,1,1,GW772ZE,GW772ZE
2025-07-26_17-25-57-727_GX419QM-FRA.jpg,GX-419-QM,GX-419-QM,0.9658,1,1,GX419QM,GX419QM
2025-07-26_10-06-51-950_FH729KE-FRA.jpg,FH-729-KE,FH-729-KE,0.9994,1,1,FH729KE,FH729KE
2025-07-26_12-32-36-278_BY674SF-FRA.jpg,BY-674-SF,BY-674-SF,1.0000,1,1,BY674SF,BY674SF
2025-07-26_12-31-13-459_FW399DY-FRA.jpg,FW-399-DY,FW-399-DY,0.9355,1,1,FW399DY,FW399DY
2025-07-26_10-15-43-237_FG901KD-FRA.jpg,FG901KD,FG901KD,1.0000,1,1,FG901KD,FG901KD
2025-07-26_09-36-30-744_BQ271KL-FRA.jpg,BQ-271-KL,BQ-271-KL,1.0000,1,1,BQ271KL,BQ271KL
2025-07-26_14-26-13-471_GM964XP-FRA.jpg,GM-964-XP,GM-964-XP,0.9998,1,1,GM964XP,GM964XP
2025-07-26_12-10-03-394_AY076XD-FRA.jpg,AY.076XD,AY.076XD,0.9960,1,1,AY076XD,AY076XD
2025-07-26_12-49-35-242_EA226PH-FRA.jpg,EA-226-PH,EA-226-PH,1.0000,1,1,EA226PH,EA226PH
2025-07-26_10-17-27-874_AP212HG-FRA.jpg,AP-212-HG,AP-212-HG,0.9999,1,1,AP212HG,AP212HG
2025-07-26_09-26-46-296_DZ428GH-FRA.jpg,.DZ-428-GH,.DZ-428-GH,0.9999,1,1,DZ428GH,DZ428GH
2025-07-26_14-41-53-757_BV110RL-FRA.jpg,BV.110RL,BV.110RL,0.9951,1,1,BV110RL,BV110RL
2025-07-26_17-16-07-640_BE636WK-FRA.jpg,BE-636-WK.,BE-636-WK.,0.9996,1,1,BE636WK,BE636WK
2025-07-26_11-14-55-781_GD016WW-FRA.jpg,GD-016.WW.,GD-016.WW.,0.9536,1,1,GD016WW,GD016WW
2025-07-26_12-48-26-531_711ASM93-FRA.jpg,711ASM93,711ASM93,0.9975,1,1,711ASM93,711ASM93
2025-07-26_11-15-43-412_HA318LP-FRA.jpg,HA-318-LP,HA-318-LP,0.9933,1,1,HA318LP,HA318LP
2025-07-26_16-03-13-698_DB516HV-FRA.jpg,DB-516-HV,DB-516-HV,0.9999,1,1,DB516HV,DB516HV
2025-07-26_16-38-26-308_FH883SY-FRA.jpg,FH-883-SY,FH-883-SY,1.0000,1,1,FH883SY,FH883SY
2025-07-26_10-06-50-845_AB621ZT-FRA.jpg,AB-621-ZT,AB-621-ZT,0.9985,1,1,AB621ZT,AB621ZT
2025-07-26_09-24-02-400_ER766XR-FRA.jpg,ER-766-XR,ER-766-XR,1.0000,1,1,ER766XR,ER766XR
2025-07-26_11-35-58-640_DQ581YZ-FRA.jpg,DQ-581-YZ,DQ-581-YZ,1.0000,1,1,DQ581YZ,DQ581YZ
2025-07-26_12-53-34-916_AA198JQ-FRA.jpg,AA.198.JQ,AA.198.JQ,0.9999,1,1,AA198JQ,AA198JQ
2025-07-26_09-21-04-949_FM142AA-FRA.jpg,FM-142-AA,FM-142-AA,0.9999,1,1,FM142AA,FM142AA
2025-07-26_11-35-13-906_HE561QA-FRA.jpg,HE-561-QA,HE-561-QA,0.9748,1,1,HE561QA,HE561QA
2025-07-26_10-15-21-867_AX687AC-FRA.jpg,AX-687-AC,AX-687-AC,1.0000,1,1,AX687AC,AX687AC
2025-07-26_10-50-48-133_GA552YW-FRA.jpg,GA-552-YW,GA-552-YW,0.9970,1,1,GA552YW,GA552YW
2025-07-26_14-41-04-784_DS756CE-FRA.jpg,DS-756-CE,DS-756-CE,0.9985,1,1,DS756CE,DS756CE
2025-07-26_16-24-01-856_GJ833BY-FRA.jpg,GJ-833-BY,GJ-833-BY,0.9798,1,1,GJ833BY,GJ833BY
2025-07-26_09-22-17-360_DA133DB-FRA.jpg,DA-133-DB,DA-133-DB,0.9998,1,1,DA133DB,DA133DB
2025-07-26_12-10-17-672_GY649PG-FRA.jpg,GY-649-PG,GY-649-PG,1.0000,1,1,GY649PG,GY649PG
2025-07-26_11-09-54-379_GW503GS-FRA.jpg,GW-503-GS,GW-503-GS,1.0000,1,1,GW503GS,GW503GS
2025-07-26_09-46-56-960_EJ807EB-FRA.jpg,EJ807-EB,EJ807-EB,1.0000,1,1,EJ807EB,EJ807EB
2025-07-26_09-24-01-319_HC868YF-FRA.jpg,HC-868-YF,HC-868-YF,1.0000,1,1,HC868YF,HC868YF
2025-07-26_18-15-39-545_FB663WD-FRA.jpg,.FB-663-WD,.FB-663-WD,0.9999,1,1,FB663WD,FB663WD
2025-07-26_11-16-32-951_ER061DT-FRA.jpg,ER-061-DT.,ER-061-DT.,1.0000,1,1,ER061DT,ER061DT
2025-07-26_17-01-32-043_EK618GX-FRA.jpg,EK-618-GX,EK-618-GX,1.0000,1,1,EK618GX,EK618GX
2025-07-26_14-32-57-257_FB626QN-FRA.jpg,FB-626-QN,FB-626-QN,0.9997,1,1,FB626QN,FB626QN
2025-07-26_17-26-43-234_EG739PK-FRA.jpg,.EG-739-PK,.EG-739-PK,0.9996,1,1,EG739PK,EG739PK
2025-07-26_13-32-41-315_EG784BP-FRA.jpg,EG-784-BP,EG-784-BP,0.9999,1,1,EG784BP,EG784BP
2025-07-26_13-25-35-948_BA888BF-FRA.jpg,BA-888-BF,BA-888-BF,0.9997,1,1,BA888BF,BA888BF
2025-07-26_16-19-47-050_HD756CA-FRA.jpg,HD-756-CA,HD-756-CA,1.0000,1,1,HD756CA,HD756CA
2025-07-26_09-20-30-115_AQ982RJ-FRA.jpg,AQ-982-RJ,AQ-982-RJ,0.9931,1,1,AQ982RJ,AQ982RJ
2025-07-26_13-10-18-781_DH332LR-FRA.jpg,DH-332-LR,DH-332-LR,0.9950,1,1,DH332LR,DH332LR
2025-07-26_17-14-56-437_DW471VL-FRA.jpg,DW-471-VL,DW-471-VL,0.9987,1,1,DW471VL,DW471VL
2025-07-26_10-50-26-550_CZ068KJ-FRA.jpg,CZ-068-KJ,CZ-068-KJ,0.9944,1,1,CZ068KJ,CZ068KJ
2025-07-26_13-53-09-464_BL177NA-FRA.jpg,BL177.NA,BL177.NA,0.9825,1,1,BL177NA,BL177NA
2025-07-26_09-25-43-268_BT142VD-FRA.jpg,BT.142VD,BT.142VD,0.9510,1,1,BT142VD,BT142VD
2025-07-26_11-17-27-436_GP716VE-FRA.jpg,GP-716-VE,GP-716-VE,0.9987,1,1,GP716VE,GP716VE
2025-07-26_10-25-55-865_EE493YJ-FRA.jpg,EE-493-YJ.,EE-493-YJ.,0.9989,1,1,EE493YJ,EE493YJ
2025-07-26_09-18-15-968_AA204QM-FRA.jpg,AA-204-QM.,AA-204-QM.,0.9976,1,1,AA204QM,AA204QM
2025-07-26_14-25-01-487_GH512DT-FRA.jpg,GH-512-DT.,GH-512-DT.,0.9573,1,1,GH512DT,GH512DT
2025-07-26_12-25-57-745_GJ657WD-FRA.jpg,GJ-657-WD,GJ-657-WD,0.9999,1,1,GJ657WD,GJ657WD
2025-07-26_09-36-25-750_FK453VR-FRA.jpg,FK-453-VR,FK-453-VR,0.9793,1,1,FK453VR,FK453VR
2025-07-26_16-32-39-451_FV446EP-FRA.jpg,FV446EP,FV446EP,0.9845,1,1,FV446EP,FV446EP
2025-07-26_09-41-42-762_GL238DL-FRA.jpg,GL-238-DL,GL-238-DL,0.9603,1,1,GL238DL,GL238DL
2025-07-26_14-39-57-355_GQ916HA-FRA.jpg,GQ.916.HA,GQ.916.HA,1.0000,1,1,GQ916HA,GQ916HA
2025-07-26_13-09-58-633_BG090DL-FRA.jpg,BG-090-DL,BG-090-DL,1.0000,1,1,BG090DL,BG090DL
2025-07-26_13-17-00-974_ES691GW-FRA.jpg,ES-691-GW,ES-691-GW,0.9998,1,1,ES691GW,ES691GW
2025-07-26_13-24-02-526_FZ774WL-FRA.jpg,FZ-774-WL.,FZ-774-WL.,0.9851,1,1,FZ774WL,FZ774WL
2025-07-26_11-15-39-482_CT701RQ-FRA.jpg,CT-701-RQ,CT-701-RQ,1.0000,1,1,CT701RQ,CT701RQ
2025-07-26_12-11-29-096_BE747QX-FRA.jpg,BE-747-QX,BE-747-QX,0.9999,1,1,BE747QX,BE747QX
2025-07-26_12-57-39-749_CG447CA-FRA.jpg,CG-447-CA,CG-447-CA,1.0000,1,1,CG447CA,CG447CA
2025-07-26_12-34-46-782_BC413AT-FRA.jpg,BC-413-AT,BC-413-AT,0.9977,1,1,BC413AT,BC413AT
2025-07-26_15-06-30-974_CA828SH-FRA.jpg,CA-828-SH,CA-828-SH,0.9908,1,1,CA828SH,CA828SH
2025-07-26_10-07-30-581_BM257JA-FRA.jpg,BM-257-JA,BM-257-JA,0.9838,1,1,BM257JA,BM257JA
2025-07-26_10-21-56-652_EF718JX-FRA.jpg,EF-718-JX,EF-718-JX,1.0000,1,1,EF718JX,EF718JX
2025-07-26_10-26-50-904_GL252PV-FRA.jpg,GL-252-PV,GL-252-PV,1.0000,1,1,GL252PV,GL252PV
2025-07-26_10-40-23-904_AH687VW-FRA.jpg,AH-687-VW,AH-687-VW,1.0000,1,1,AH687VW,AH687VW
2025-07-26_13-04-48-511_BH555CE-FRA.jpg,BH-555-CE,BH-555-CE,0.9993,1,1,BH555CE,BH555CE
2025-07-26_15-40-41-047_DK029MJ-FRA.jpg,DK.029.MJ,DK.029.MJ,0.9970,1,1,DK029MJ,DK029MJ
2025-07-26_15-33-05-597_CE449KK-FRA.jpg,CE-449-KK,CE-449-KK,0.9998,1,1,CE449KK,CE449KK
2025-07-26_09-56-55-616_FE153QG-FRA.jpg,FE-153-QG,FE-153-QG,0.9998,1,1,FE153QG,FE153QG
2025-07-26_16-40-39-275_DX481HB-FRA.jpg,DX-481-HB,DX-481-HB,0.9800,1,1,DX481HB,DX481HB
2025-07-26_09-39-42-296_CT932DP-FRA.jpg,CT-932-DP,CT-932-DP,1.0000,1,1,CT932DP,CT932DP
2025-07-26_15-40-09-667_GT456BD-FRA.jpg,GT-456-BD,GT-456-BD,1.0000,1,1,GT456BD,GT456BD
2025-07-26_13-23-26-036_DA384DY-FRA.jpg,DA384DY,DA384DY,0.9999,1,1,DA384DY,DA384DY
2025-07-26_10-09-06-790_HE385JW-FRA.jpg,HE-385-JW,HE-385-JW,0.9755,1,1,HE385JW,HE385JW
2025-07-26_13-10-19-247_BF493EN-FRA.jpg,BF-493-EN,BF-493-EN,1.0000,1,1,BF493EN,BF493EN
2025-07-26_09-04-32-510_FC348FQ-FRA.jpg,FC-348-FQ,FC-348-FQ,0.9976,1,1,FC348FQ,FC348FQ
2025-07-26_13-25-16-813_EY356XW-FRA.jpg,EY-356-XW,EY-356-XW,0.9999,1,1,EY356XW,EY356XW
2025-07-26_10-55-39-711_AA239FJ-FRA.jpg,AA.239FJ,AA.239FJ,0.9974,1,1,AA239FJ,AA239FJ
2025-07-26_16-28-26-612_FA276LW-FRA.jpg,FA.276LW,FA.276LW,0.9999,1,1,FA276LW,FA276LW
2025-07-26_18-13-54-838_DK038YV-FRA.jpg,DK-038-YV,DK-038-YV,0.9995,1,1,DK038YV,DK038YV
2025-07-26_10-15-54-398_WW415HV-FRA.jpg,WW415HV,WW415HV,1.0000,1,1,WW415HV,WW415HV
2025-07-26_12-15-35-207_GJ911SJ-FRA.jpg,G9,G9,0.9998,1,1,G9,G9
2025-07-26_12-11-53-526_BS114QS-FRA.jpg,BS-114-QS,BS-114-QS,0.9968,1,1,BS114QS,BS114QS
2025-07-26_13-17-52-914_BH841YC-FRA.jpg,BH-841-YC,BH-841-YC,0.9270,1,1,BH841YC,BH841YC
2025-07-26_09-57-55-113_AA982ZJ-FRA.jpg,AA-982-ZJ,AA-982-ZJ,0.9992,1,1,AA982ZJ,AA982ZJ
2025-07-26_12-37-46-645_DF945DY-FRA.jpg,DF-945-DY,DF-945-DY,0.9521,1,1,DF945DY,DF945DY
2025-07-26_11-23-40-642_HB417NT-FRA.jpg,HB-417-NT,HB-417-NT,1.0000,1,1,HB417NT,HB417NT
2025-07-26_11-42-41-122_DG626QL-FRA.jpg,DG-626-QL.,DG-626-QL.,0.9996,1,1,DG626QL,DG626QL
2025-07-26_10-12-14-327_GY742TV-FRA.jpg,GY.742.TV,GY.742.TV,0.9917,1,1,GY742TV,GY742TV
2025-07-26_12-05-22-969_DW291DB-FRA.jpg,DW-291-DB,DW-291-DB,0.9999,1,1,DW291DB,DW291DB
2025-07-26_10-07-09-835_DG823RL-FRA.jpg,DG-823-RL.,DG-823-RL.,0.9944,1,1,DG823RL,DG823RL
2025-07-26_10-48-53-569_HA559SE-FRA.jpg,HA.559.SE,HA.559.SE,0.9987,1,1,HA559SE,HA559SE
2025-07-26_14-12-35-773_DZ418HM-FRA.jpg,DZ-418-HM,DZ-418-HM,0.9999,1,1,DZ418HM,DZ418HM
2025-07-26_10-15-39-288_EN997NW-FRA.jpg,EN-997-NW,EN-997-NW,0.9898,1,1,EN997NW,EN997NW
2025-07-26_11-35-50-077_WW515DJ-FRA.jpg,WW-515-DJ,WW-515-DJ,1.0000,1,1,WW515DJ,WW515DJ
2025-07-26_14-21-32-122_DN710RX-FRA.jpg,DN-710-RX,DN-710-RX,1.0000,1,1,DN710RX,DN710RX
2025-07-26_11-53-44-918_GW067RZ-FRA.jpg,GW-067-RZ.,GW-067-RZ.,1.0000,1,1,GW067RZ,GW067RZ
2025-07-26_11-58-49-358_AC050GQ-FRA.jpg,AC-050-GQ,AC-050-GQ,0.9992,1,1,AC050GQ,AC050GQ
2025-07-26_09-22-38-018_HC155JF-FRA.jpg,HC-155-JF,HC-155-JF,0.9999,1,1,HC155JF,HC155JF
2025-07-26_14-46-00-921_GP038TN-FRA.jpg,GP038TN,GP038TN,0.9411,1,1,GP038TN,GP038TN
2025-07-26_11-03-13-217_CB711ET-FRA.jpg,CB-711-ET,CB-711-ET,0.9440,1,1,CB711ET,CB711ET
2025-07-26_13-19-19-246_EJ633EE-FRA.jpg,EJ-633-EE.,EJ-633-EE.,0.9997,1,1,EJ633EE,EJ633EE
2025-07-26_13-04-12-635_BF408XQ-FRA.jpg,BF-408-XQ,BF-408-XQ,0.9631,1,1,BF408XQ,BF408XQ
2025-07-26_13-04-47-039_BH555CE-FRA.jpg,BH-555-CE,BH-555-CE,0.9998,1,1,BH555CE,BH555CE
2025-07-26_11-10-38-780_EM753ZS-FRA.jpg,EM-753-ZS,EM-753-ZS,1.0000,1,1,EM753ZS,EM753ZS
2025-07-26_10-54-55-671_GD487JJ-FRA.jpg,GD-487-JJ,GD-487-JJJ,0.9455,0,0,GD487JJ,GD487JJJ
2025-07-26_09-25-44-179_EK869GT-FRA.jpg,EK-869-GT,EK-869-GT,0.9992,1,1,EK869GT,EK869GT
2025-07-26_10-07-35-237_EG797DE-FRA.jpg,EG-797-DE,EG-797-DE,0.9999,1,1,EG797DE,EG797DE
2025-07-26_10-34-15-701_HA346FC-FRA.jpg,.HA346FC.,.HA346FC.,1.0000,1,1,HA346FC,HA346FC
2025-07-26_14-46-58-930_CM771AZ-FRA.jpg,CM-771-AZ.,CM-771-AZ.,0.9999,1,1,CM771AZ,CM771AZ
2025-07-26_17-35-08-885_BN693XB-FRA.jpg,BN-693-XB,BN-693-XB,1.0000,1,1,BN693XB,BN693XB
2025-07-26_12-33-08-402_FX110QS-FRA.jpg,FX-110-QS,FX-110-QS,1.0000,1,1,FX110QS,FX110QS
2025-07-26_10-20-38-466_GQ335MP-FRA.jpg,GQ335MP,GQ335MP,1.0000,1,1,GQ335MP,GQ335MP
2025-07-26_17-08-25-478_GQ102PE-FRA.jpg,GQ-102-PE,GQ-102-PE,0.9999,1,1,GQ102PE,GQ102PE
2025-07-26_09-37-33-418_FQ239QD-FRA.jpg,FQ-239-QD,FQ-239-QD,0.9807,1,1,FQ239QD,FQ239QD
2025-07-26_13-32-16-752_CJ903NW-FRA.jpg,CJ-903-NW,CJ-903-NW,1.0000,1,1,CJ903NW,CJ903NW
2025-07-26_14-10-23-499_FZ379TA-FRA.jpg,FZ-379-TA,FZ-379-TA,0.9978,1,1,FZ379TA,FZ379TA
2025-07-26_16-05-05-357_HB385NR-FRA.jpg,HB-385-NR,HB-385-NR,0.9944,1,1,HB385NR,HB385NR
2025-07-26_14-07-31-825_BN650ZB-FRA.jpg,BN-650-ZB,BN-650-ZB,0.9978,1,1,BN650ZB,BN650ZB
2025-07-26_13-42-46-006_CW544EM-FRA.jpg,CW-544-EM,CW-544-EM,0.9996,1,1,CW544EM,CW544EM
2025-07-26_14-34-24-941_GT239KY-FRA.jpg,GT-239-KY,GT-239-KY,1.0000,1,1,GT239KY,GT239KY
2025-07-26_09-56-13-374_EM615NG-FRA.jpg,EM.615-NG,EM.615-NG,0.9765,1,1,EM615NG,EM615NG
2025-07-26_16-15-47-370_EL401GN-FRA.jpg,EL-401-GN,EL-401-GN,0.9789,1,1,EL401GN,EL401GN
2025-07-26_14-22-46-408_HA762ZN-FRA.jpg,HA-762-ZN,HA-762-ZN,1.0000,1,1,HA762ZN,HA762ZN
2025-07-26_09-25-07-259_CX210TR-FRA.jpg,CX-210-TR,CX-210-TR,0.9998,1,1,CX210TR,CX210TR
2025-07-26_10-14-37-251_DB720NP-FRA.jpg,DB-720-NP,DB-720-NP,0.9983,1,1,DB720NP,DB720NP
2025-07-26_14-22-45-499_AF954SV-FRA.jpg,AF.954SV,AF.954SV,1.0000,1,1,AF954SV,AF954SV
2025-07-26_17-49-36-036_GP180DV-FRA.jpg,GP-180-DV,GP-180-DV,1.0000,1,1,GP180DV,GP180DV
2025-07-26_10-52-33-660_GK530MM-FRA.jpg,GK-530-MM,GK-530-MM,0.9999,1,1,GK530MM,GK530MM
2025-07-26_16-07-39-475_DM370XX-FRA.jpg,DM-370-XX,DM-370-XX,0.9997,1,1,DM370XX,DM370XX
2025-07-26_11-38-05-616_DJ074ZK-FRA.jpg,DJ-074-ZK,DJ-074-ZK,1.0000,1,1,DJ074ZK,DJ074ZK
2025-07-26_14-15-00-423_DG935JT-FRA.jpg,DG-935-JT,DG-935-JT,1.0000,1,1,DG935JT,DG935JT
2025-07-26_09-55-55-994_AC505FL-FRA.jpg,AC-505-FL,AC-505-FL,0.9979,1,1,AC505FL,AC505FL
2025-07-26_12-07-11-961_AB793JE-FRA.jpg,AB-793-JE.,AB-793-JE.,0.9985,1,1,AB793JE,AB793JE
2025-07-26_12-48-54-635_DZ027BY-FRA.jpg,DZ-027-BY.,DZ-027-BY.,0.9994,1,1,DZ027BY,DZ027BY
2025-07-26_13-13-33-161_BH537FD-FRA.jpg,BH-537-FD,BH-537-FD,0.9999,1,1,BH537FD,BH537FD
2025-07-26_12-21-02-930_BY442YR-FRA.jpg,BY-442-YR,BY-442-YR,0.9996,1,1,BY442YR,BY442YR
2025-07-26_11-26-03-985_EL661QA-FRA.jpg,EL-661-QA,EL-661-QA,0.9995,1,1,EL661QA,EL661QA
2025-07-26_14-10-32-249_AA107DA-FRA.jpg,AA-107-DA,AA-107-DA,1.0000,1,1,AA107DA,AA107DA
2025-07-26_10-37-28-579_CQ836ZC-FRA.jpg,.CQ-836-ZC,.CQ-836-ZC,0.9679,1,1,CQ836ZC,CQ836ZC
2025-07-26_17-20-51-651_EZ799SE-FRA.jpg,EZ-799-SE.,EZ-799-SE.,0.9999,1,1,EZ799SE,EZ799SE
2025-07-26_16-38-54-790_BT950QX-FRA.jpg,BT-950-QX,BT-950-QX,1.0000,1,1,BT950QX,BT950QX
2025-07-26_09-38-30-227_EY604HB-FRA.jpg,EY-604-HB,EY-604-HB,0.9999,1,1,EY604HB,EY604HB
2025-07-26_16-53-52-509_FK298JS-FRA.jpg,FK-298-JS.,FK-298-JS.,0.9956,1,1,FK298JS,FK298JS
2025-07-26_18-20-52-797_AB071EX-FRA.jpg,AB.071-EX,AB.071-EX,0.9997,1,1,AB071EX,AB071EX
2025-07-26_15-59-13-256_HE109NV-FRA.jpg,HE109NV,HE109NV,1.0000,1,1,HE109NV,HE109NV
2025-07-26_16-31-36-203_GB764DK-FRA.jpg,GB-764-DK,GB-764-DK,0.9842,1,1,GB764DK,GB764DK
2025-07-26_09-31-09-526_GE892BP-FRA.jpg,GE-892-BP,GE-892-BP,1.0000,1,1,GE892BP,GE892BP
2025-07-26_12-13-08-067_EY700TL-FRA.jpg,EY-700-TL,EY-700-TL,1.0000,1,1,EY700TL,EY700TL
2025-07-26_12-05-41-733_GQ080AR-FRA.jpg,GQ-080-AR,GQ-080-AR,0.9949,1,1,GQ080AR,GQ080AR
2025-07-26_10-40-46-322_GB992HL-FRA.jpg,GB-992-HL,GB-992-HL,0.9998,1,1,GB992HL,GB992HL
2025-07-26_13-37-03-973_FT806SX-FRA.jpg,FT-806-SX,FT-806-SX,1.0000,1,1,FT806SX,FT806SX
2025-07-26_12-37-48-526_DV556CB-FRA.jpg,DV-556-CB,DV-556-CB,0.9978,1,1,DV556CB,DV556CB
2025-07-26_17-43-34-666_DQ106VL-FRA.jpg,DQ-106-VL.,DQ-106-VL.,1.0000,1,1,DQ106VL,DQ106VL
2025-07-26_09-59-22-896_BM087KB-FRA.jpg,BM-087-KB,BM-087-KB,0.9816,1,1,BM087KB,BM087KB
2025-07-26_12-42-36-541_FA113YY-FRA.jpg,FA-113-YY,FA-113-YY,0.9991,1,1,FA113YY,FA113YY
2025-07-26_09-45-29-952_CP634JE-FRA.jpg,CP634JE,CP634JE,0.9985,1,1,CP634JE,CP634JE
2025-07-26_10-09-56-147_GK381TZ-FRA.jpg,GK-381-TZ,GK-381-TZ,1.0000,1,1,GK381TZ,GK381TZ
2025-07-26_12-52-54-276_GQ706HJ-FRA.jpg,GQ-706-HJ,GQ-706-HJ,1.0000,1,1,GQ706HJ,GQ706HJ
2025-07-26_15-35-14-554_BS858AV-FRA.jpg,BS-858-AV,BS-858-AV,1.0000,1,1,BS858AV,BS858AV
2025-07-26_18-23-08-536_FZ858CJ-FRA.jpg,FZ-858-CJ,FZ-858-CJ,1.0000,1,1,FZ858CJ,FZ858CJ
2025-07-26_13-03-45-638_GP738CZ-FRA.jpg,GP-738-CZ,GP-738-CZ,1.0000,1,1,GP738CZ,GP738CZ
2025-07-26_16-16-49-938_BC372CD-FRA.jpg,BC-372-CD,BC-372-CD,1.0000,1,1,BC372CD,BC372CD
2025-07-26_16-29-54-633_CF106LQ-FRA.jpg,CF-106-LQ,CF-106-LQ,0.9635,1,1,CF106LQ,CF106LQ
2025-07-26_16-49-55-170_EM680RX-FRA.jpg,EM-680RX,EM-680RX,1.0000,1,1,EM680RX,EM680RX
2025-07-26_13-13-01-092_BD264PZ-FRA.jpg,BD-264-PZ,BD-264-PZ,0.9996,1,1,BD264PZ,BD264PZ
2025-07-26_09-52-57-914_CJ206RF-FRA.jpg,CJ-206-RF,CJ-206-RF,1.0000,1,1,CJ206RF,CJ206RF
2025-07-26_10-18-19-968_GF104FP-FRA.jpg,GF-104-FP.,GF-104-FP.,0.9682,1,1,GF104FP,GF104FP
2025-07-26_14-59-51-712_EA180NV-FRA.jpg,EA-180-NV,EA-180-NV,0.9777,1,1,EA180NV,EA180NV
2025-07-26_09-30-59-926_HB526BS-FRA.jpg,HB-526-BS,HB-526-BS,1.0000,1,1,HB526BS,HB526BS
2025-07-26_10-47-48-819_CH162SD-FRA.jpg,CH-162-SD,CH-162-SD,0.9994,1,1,CH162SD,CH162SD
2025-07-26_15-43-58-510_CD924TK-FRA.jpg,CD-924-TK,CD-924-TK,0.9992,1,1,CD924TK,CD924TK
2025-07-26_13-37-57-812_EN686TY-FRA.jpg,EN-686-TY.,EN-686-TY.,0.9969,1,1,EN686TY,EN686TY
2025-07-26_11-17-00-881_CZ096QW-FRA.jpg,CZ-096-QW,CZ-096-QW,0.9998,1,1,CZ096QW,CZ096QW
2025-07-26_10-31-23-442_918TP33-FRA.jpg,918TP33,918TP33,0.9992,1,1,918TP33,918TP33
2025-07-26_09-21-30-189_GD188RM-FRA.jpg,GD-188-RM,GD-188-RM,0.9977,1,1,GD188RM,GD188RM
2025-07-26_15-05-40-414_FT560MT-FRA.jpg,FT-560-MT,FT-560-MT,0.9897,1,1,FT560MT,FT560MT
2025-07-26_11-33-57-350_EQ512AV-FRA.jpg,EQ-512-AV,EQ-512-AV,1.0000,1,1,EQ512AV,EQ512AV
2025-07-26_10-57-07-633_FY943TE-FRA.jpg,FY-943-TE,FY-943-TE,0.9975,1,1,FY943TE,FY943TE
2025-07-26_13-03-24-033_CD069XV-FRA.jpg,CD-069-XV,CD-069-XV,0.9993,1,1,CD069XV,CD069XV
2025-07-26_11-27-33-665_FG853TG-FRA.jpg,FG-853-TG,FG-853-TG,0.9923,1,1,FG853TG,FG853TG
2025-07-26_11-29-01-699_GV233ZW-FRA.jpg,GV-233-ZW,GV-233-ZW,1.0000,1,1,GV233ZW,GV233ZW
2025-07-26_14-19-30-609_CL023DR-FRA.jpg,CL-023-DR.,CL-023-DR.,1.0000,1,1,CL023DR,CL023DR
2025-07-26_09-26-58-458_AG502JX-FRA.jpg,.AG-502-JX.,.AG-502-JX.,0.9999,1,1,AG502JX,AG502JX
2025-07-26_16-07-16-047_AZ621ER-FRA.jpg,AZ-621-ER,AZ-621-ER,0.9995,1,1,AZ621ER,AZ621ER
2025-07-26_09-25-37-964_DB552JK-FRA.jpg,DB-552-JK,DB-552-JK,1.0000,1,1,DB552JK,DB552JK
2025-07-26_10-17-43-804_DS567GX-FRA.jpg,DS-567.GX,DS-567.GX,1.0000,1,1,DS567GX,DS567GX
2025-07-26_17-38-18-610_ER365BC-FRA.jpg,ER-365-BC,ER-365-BC,0.9828,1,1,ER365BC,ER365BC
2025-07-26_11-56-34-501_GF244TM-FRA.jpg,GF-244-TM,GF-244-TM,0.9996,1,1,GF244TM,GF244TM
2025-07-26_11-18-05-125_WW007GZ-FRA.jpg,WW-007-GZ.,WW-007-GZ.,0.9614,1,1,WW007GZ,WW007GZ
2025-07-26_11-46-32-561_EG125HX-FRA.jpg,EG-125-HX.,EG-125-HX.,0.9350,1,1,EG125HX,EG125HX
2025-07-26_10-02-47-814_GF957NA-FRA.jpg,GF.957.NA,GF.957.NA,0.9999,1,1,GF957NA,GF957NA
2025-07-26_12-58-42-656_AP829JN-FRA.jpg,AP-829-JN,AP-829-JN,0.9996,1,1,AP829JN,AP829JN
2025-07-26_13-26-53-996_FF342LN-FRA.jpg,.FF-342-LN,.FF-342-LN,0.9992,1,1,FF342LN,FF342LN
2025-07-26_11-45-35-304_GC223ST-FRA.jpg,GC223ST,GC223ST,0.9996,1,1,GC223ST,GC223ST
2025-07-26_10-47-55-218_AK761XM-FRA.jpg,AK-761-XM,AK-761-XM,1.0000,1,1,AK761XM,AK761XM
2025-07-26_10-26-27-933_BK124TE-FRA.jpg,BK-124-TE.,BK-124-TE.,0.9998,1,1,BK124TE,BK124TE
2025-07-26_16-07-27-967_FR676PY-FRA.jpg,FR-676-PY,FR-676-PY,0.9987,1,1,FR676PY,FR676PY
2025-07-26_11-42-42-037_GK211ZJ-FRA.jpg,GK-211-ZJ.,GK-211-ZJ.,1.0000,1,1,GK211ZJ,GK211ZJ
2025-07-26_17-03-17-623_GX595RY-FRA.jpg,GX-595-RY.,GX-595-RY.,0.9997,1,1,GX595RY,GX595RY
2025-07-26_11-04-38-689_AR431ML-FRA.jpg,AR-431-ML,AR-431-ML,0.9928,1,1,AR431ML,AR431ML
2025-07-26_12-12-48-556_GS802PP-FRA.jpg,GS-802-PP,GS-802-PP,0.9998,1,1,GS802PP,GS802PP
2025-07-26_15-30-25-988_CB059QY-FRA.jpg,CB-059-QY,CB-059-QY,0.9967,1,1,CB059QY,CB059QY
2025-07-26_12-17-22-370_GX598PQ-FRA.jpg,GX598PQ,GX598PQ,1.0000,1,1,GX598PQ,GX598PQ
2025-07-26_10-50-39-530_BG200HE-FRA.jpg,BG-200-HE,BG-200-HE,0.9998,1,1,BG200HE,BG200HE
2025-07-26_09-21-44-763_DC767SK-FRA.jpg,DC-767-SK.,DC-767-SK.,0.9919,1,1,DC767SK,DC767SK
2025-07-26_10-09-15-409_FT736TV-FRA.jpg,FT-736-TV,FT-736-TV,0.9727,1,1,FT736TV,FT736TV
2025-07-26_16-45-36-725_FW823ER-FRA.jpg,FW-823-ER,FW-823-ER,0.9992,1,1,FW823ER,FW823ER
2025-07-26_18-07-41-694_FH340DF-FRA.jpg,FH-340-DF,FH-340-DF,0.9999,1,1,FH340DF,FH340DF
2025-07-26_12-17-09-246_FH356XW-FRA.jpg,FH-356-XW,FH-356-XW,0.9997,1,1,FH356XW,FH356XW
2025-07-26_12-44-19-789_FP501FJ-FRA.jpg,FP501FJ.,FP501FJ.,0.9998,1,1,FP501FJ,FP501FJ
2025-07-26_15-00-52-048_BY530EP-FRA.jpg,BY-530-EP,BY-530-EP,0.9971,1,1,BY530EP,BY530EP
2025-07-26_17-52-28-234_AK210WV-FRA.jpg,AK-210-WV,AK-210-WV,0.9978,1,1,AK210WV,AK210WV
2025-07-26_09-40-39-259_AD007QD-FRA.jpg,.AD-007-QD,.AD-007-QD,0.9989,1,1,AD007QD,AD007QD
2025-07-26_10-40-27-447_AR398KW-FRA.jpg,AR-398-KW,AR-398-KW,1.0000,1,1,AR398KW,AR398KW
2025-07-26_14-03-01-044_GB224AR-FRA.jpg,GB-224-AR,GB-224-AR,1.0000,1,1,GB224AR,GB224AR
2025-07-26_17-34-54-251_252ARN67-FRA.jpg,252ARN67,252ARN67,0.9408,1,1,252ARN67,252ARN67
2025-07-26_15-43-04-979_AH793YW-FRA.jpg,AH-793-YW,AH-793-YW,1.0000,1,1,AH793YW,AH793YW
2025-07-26_10-30-06-280_CA138RD-FRA.jpg,CA138RD,CA138RD,1.0000,1,1,CA138RD,CA138RD
2025-07-26_10-21-12-860_DK336EZ-FRA.jpg,DK-336-EZ,DK-336-EZ,0.9971,1,1,DK336EZ,DK336EZ
2025-07-26_11-10-36-830_GB101XD-FRA.jpg,GB-101-XD,GB-101-XD,0.9675,1,1,GB101XD,GB101XD
2025-07-26_11-22-34-350_EW722AJ-FRA.jpg,EW-722-AJ,EW-722-AJ,0.9962,1,1,EW722AJ,EW722AJ
2025-07-26_12-12-05-346_ER524AT-FRA.jpg,ER-524.AT,ER-524.AT,1.0000,1,1,ER524AT,ER524AT
2025-07-26_16-57-01-450_FG986PX-FRA.jpg,FG-986-PX,FG-986-PX,1.0000,1,1,FG986PX,FG986PX
2025-07-26_11-11-40-308_GR884JR-FRA.jpg,GR884JR,GR884JR,1.0000,1,1,GR884JR,GR884JR
2025-07-26_13-44-00-103_GV198CZ-FRA.jpg,GV-198-CZ,GV-198-CZ,0.9999,1,1,GV198CZ,GV198CZ
2025-07-26_12-53-43-723_EE637PD-FRA.jpg,EE-637-PD,EE-637-PD,1.0000,1,1,EE637PD,EE637PD
2025-07-26_17-16-45-799_CJ120WZ-FRA.jpg,CJ.120-WZ,CJ.120-WZ,0.9990,1,1,CJ120WZ,CJ120WZ
2025-07-26_09-10-20-875_CF108BQ-FRA.jpg,CF-108-BQ,CF-108-BQ,1.0000,1,1,CF108BQ,CF108BQ
2025-07-26_09-14-02-814_FY527DM-FRA.jpg,FY-527-DM,FY-527-DM,1.0000,1,1,FY527DM,FY527DM
2025-07-26_12-35-10-598_GF139CJ-FRA.jpg,GF-139-CJ,GF-139-CJ,1.0000,1,1,GF139CJ,GF139CJ
2025-07-26_13-13-51-921_877ARA93-FRA.jpg,877ARA93,877ARA93,0.9999,1,1,877ARA93,877ARA93
2025-07-26_12-30-42-618_CF021DW-FRA.jpg,CF-021-DW,CF-021-DW,0.9464,1,1,CF021DW,CF021DW
2025-07-26_11-26-50-213_GR679KY-FRA.jpg,GR-679-KY,GR-679-KY,0.9437,1,1,GR679KY,GR679KY
2025-07-26_12-05-17-509_FP426JE-FRA.jpg,FP-426-JE,FP-426-JE,0.9991,1,1,FP426JE,FP426JE
2025-07-26_12-51-57-494_BX436FF-FRA.jpg,BX-436-FF,BX-436-FF,0.9924,1,1,BX436FF,BX436FF
2025-07-26_10-01-56-025_AZ904DA-FRA.jpg,AZ-904-DA,AZ-904-DA,0.9922,1,1,AZ904DA,AZ904DA
2025-07-26_09-18-23-568_EW251EN-FRA.jpg,EW.251-EN,EW.251-EN,1.0000,1,1,EW251EN,EW251EN
2025-07-26_10-14-19-372_AD255KG-FRA.jpg,AD-255-KG,AD-255-KG,0.9999,1,1,AD255KG,AD255KG
2025-07-26_11-44-17-865_CB191KJ-FRA.jpg,CB-191-KJ,CB-191-KJ,1.0000,1,1,CB191KJ,CB191KJ
2025-07-26_13-10-03-298_CE645VW-FRA.jpg,CE-645-VW.,CE-645-VW.,0.9572,1,1,CE645VW,CE645VW
2025-07-26_11-22-00-464_GB173FX-FRA.jpg,GB-173-FX,GB-173-FX,1.0000,1,1,GB173FX,GB173FX
2025-07-26_16-12-55-459_ED558EK-FRA.jpg,ED-558-EK,ED-558-EK,0.9999,1,1,ED558EK,ED558EK
2025-07-26_10-17-02-538_DT594RH-FRA.jpg,DT-594-RH,DT-594-RH,0.9995,1,1,DT594RH,DT594RH
2025-07-26_11-51-13-019_GK404XH-FRA.jpg,GK-404-XH,GK-404-XH,0.9998,1,1,GK404XH,GK404XH
2025-07-26_10-14-20-346_AD712VD-FRA.jpg,AD-712-VD,AD-712-VD,0.9999,1,1,AD712VD,AD712VD
2025-07-26_11-20-37-019_AR569AM-FRA.jpg,AR569AM,AR569AM,0.9998,1,1,AR569AM,AR569AM
2025-07-26_11-39-12-859_HC550GH-FRA.jpg,HC-550-GH,HC-550-GH,0.9774,1,1,HC550GH,HC550GH
2025-07-26_12-06-01-303_DX696XC-FRA.jpg,DX-696-XC,DX-696-XC,0.9308,1,1,DX696XC,DX696XC
2025-07-26_10-04-16-881_GL751WY-FRA.jpg,GL-751WY,GL-751WY,1.0000,1,1,GL751WY,GL751WY
2025-07-26_09-47-24-362_EL101CA-FRA.jpg,EL-101-CA,EL-101-CA,0.9999,1,1,EL101CA,EL101CA
2025-07-26_10-48-55-569_AT656TL-FRA.jpg,AT-656-TL,AT-656-TL,1.0000,1,1,AT656TL,AT656TL
2025-07-26_10-19-05-818_EW716GD-FRA.jpg,EW-716-GD,EW-716-GD,0.9691,1,1,EW716GD,EW716GD
2025-07-26_15-50-18-529_DW743NW-FRA.jpg,DW743NW,DW743NW,0.9699,1,1,DW743NW,DW743NW
2025-07-26_16-22-43-583_FW868BL-FRA.jpg,FW-868-BL.,FW-868-BL.,0.9620,1,1,FW868BL,FW868BL
2025-07-26_10-31-38-816_CW284CM-FRA.jpg,CW-284-CM,CW-284-CM,1.0000,1,1,CW284CM,CW284CM
2025-07-26_16-43-29-677_DV497FT-FRA.jpg,DV-497-FT.,DV-497-FT.,0.9792,1,1,DV497FT,DV497FT
2025-07-26_10-37-21-679_EP277MG-FRA.jpg,EP-277-MG,EP-277-MG,0.9999,1,1,EP277MG,EP277MG
2025-07-26_11-17-43-951_CK445RC-FRA.jpg,CK-445-RC,CK-445-RC,1.0000,1,1,CK445RC,CK445RC
2025-07-26_13-40-23-585_DX195PM-FRA.jpg,DX-195-PM,DX-195-PM,0.9788,1,1,DX195PM,DX195PM
2025-07-26_16-15-53-338_BW136YP-FRA.jpg,BW-136-YP,BW-136-YP,0.9994,1,1,BW136YP,BW136YP
2025-07-26_12-30-53-089_GM438FM-FRA.jpg,GM-438-FM,GM-438-FM,0.9585,1,1,GM438FM,GM438FM
2025-07-26_14-19-56-206_BM015RB-FRA.jpg,BM-015-RB,BM-015-RB,1.0000,1,1,BM015RB,BM015RB
2025-07-26_10-30-15-540_BJ496TP-FRA.jpg,BJ-496-TP,BJ-496-TP,1.0000,1,1,BJ496TP,BJ496TP
2025-07-26_10-12-34-957_FT363KQ-FRA.jpg,FT-363-KQ,FT-363-KQ,1.0000,1,1,FT363KQ,FT363KQ
2025-07-26_10-56-13-926_CX978HQ-FRA.jpg,CX978HQ,CX978HQ,0.9858,1,1,CX978HQ,CX978HQ
2025-07-26_16-09-19-212_CA243XJ-FRA.jpg,CA-243-XJ,CA-243-XJ,0.9997,1,1,CA243XJ,CA243XJ
2025-07-26_14-31-54-466_DT090SX-FRA.jpg,DT-090-SX,DT-090-SX,0.9996,1,1,DT090SX,DT090SX
2025-07-26_17-01-55-662_GS532NQ-FRA.jpg,GS.532-NQ,GS.532-NQ,1.0000,1,1,GS532NQ,GS532NQ
2025-07-26_11-39-14-557_DC254TW-FRA.jpg,DC-254-TW,DC-254-TW,0.9983,1,1,DC254TW,DC254TW
2025-07-26_12-35-07-344_DX713QC-FRA.jpg,DX-713-QC,DX-713-QC,0.9875,1,1,DX713QC,DX713QC
2025-07-26_11-45-54-479_FG058PW-FRA.jpg,FG-058-PW,FG-058-PW,1.0000,1,1,FG058PW,FG058PW
2025-07-26_14-08-34-867_FJ018QC-FRA.jpg,FJ-018-QC,FJ-018-QC,1.0000,1,1,FJ018QC,FJ018QC
2025-07-26_12-05-33-269_GC607HB-FRA.jpg,GC-607-HB,GC-607-HB,0.9645,1,1,GC607HB,GC607HB
2025-07-26_14-23-02-664_GW586GA-FRA.jpg,GW-586-GA,GW-586-GA,0.9483,1,1,GW586GA,GW586GA
2025-07-26_12-34-04-182_HA562DL-FRA.jpg,HA-562-DL.,HA-562-DL.,0.9769,1,1,HA562DL,HA562DL
2025-07-26_17-02-52-663_DH129RF-FRA.jpg,DH-129-RF,DH-129-RF,0.9997,1,1,DH129RF,DH129RF
2025-07-26_11-31-25-637_EA759TP-FRA.jpg,EA-759-TP,EA-759-TP,0.9955,1,1,EA759TP,EA759TP
2025-07-26_12-50-06-201_FQ321BQ-FRA.jpg,.FQ-321-BQ,.FQ-321-BQ,0.9901,1,1,FQ321BQ,FQ321BQ
2025-07-26_10-25-16-113_GF748SY-FRA.jpg,GF-748-SY.,GF-748-SY.,0.9998,1,1,GF748SY,GF748SY
2025-07-26_09-27-02-353_FN814MR-FRA.jpg,FN.814.MR,FN.814.MR,0.9963,1,1,FN814MR,FN814MR
2025-07-26_12-15-51-314_GW959TV-FRA.jpg,GW-959-TV,GW-959-TV,0.9999,1,1,GW959TV,GW959TV
2025-07-26_10-02-06-676_FF895EX-FRA.jpg,FF-895EX.,FF-895EX.,0.9553,1,1,FF895EX,FF895EX
2025-07-26_10-15-46-439_ES161YY-FRA.jpg,ES.161YY.,ES.161YY.,0.9983,1,1,ES161YY,ES161YY
2025-07-26_12-59-30-002_GX552QJ-FRA.jpg,GX-552-QJ,GX-552-QJ,1.0000,1,1,GX552QJ,GX552QJ
2025-07-26_14-13-55-461_GX095SQ-FRA.jpg,GX-095-SQ,GX-095-SQ,1.0000,1,1,GX095SQ,GX095SQ
2025-07-26_09-22-10-881_GA475PS-FRA.jpg,GA-475-PS.,GA-475-PS.,0.9999,1,1,GA475PS,GA475PS
2025-07-26_13-34-35-814_BE690KY-FRA.jpg,BE-690-KY,BE-690-KY,1.0000,1,1,BE690KY,BE690KY
2025-07-26_16-51-26-751_BV508RV-FRA.jpg,BV.508RV,BV.508RV,0.9956,1,1,BV508RV,BV508RV
2025-07-26_11-36-24-236_ES604BK-FRA.jpg,ES-604-BK,ES-604-BK,0.9926,1,1,ES604BK,ES604BK
2025-07-26_12-15-46-234_GG226HN-FRA.jpg,GG-226-HN,GG-226-HN,0.9745,1,1,GG226HN,GG226HN
2025-07-26_13-04-46-399_AP094TL-FRA.jpg,.AP-094-TL,.AP-094-TL,0.9999,1,1,AP094TL,AP094TL
2025-07-26_10-12-02-408_GR536EB-FRA.jpg,GR-536-EB,GR-536-EB,0.9983,1,1,GR536EB,GR536EB
2025-07-26_12-10-25-564_DY297NZ-FRA.jpg,DY-297-NZ,DY-297-NZ,0.9996,1,1,DY297NZ,DY297NZ
2025-07-26_10-16-39-885_7513YW64-FRA.jpg,7513YW-64,7513YW-64,0.9966,1,1,7513YW64,7513YW64
2025-07-26_16-07-16-724_FW775GH-FRA.jpg,FW-775-GH,FW-775-GH,0.9965,1,1,FW775GH,FW775GH
2025-07-26_09-20-58-035_CE906TT-FRA.jpg,CE-906-TT.,CE-906-TT.,0.9999,1,1,CE906TT,CE906TT
2025-07-26_09-45-13-289_DG351NT-FRA.jpg,DG-351-NT,DG-351-NT,0.9969,1,1,DG351NT,DG351NT
2025-07-26_13-15-41-902_FZ417AZ-FRA.jpg,FZ-417-AZ,FZ-417-AZ,0.9945,1,1,FZ417AZ,FZ417AZ
2025-07-26_10-30-37-472_CY027ZA-FRA.jpg,CY-027-ZA,CY-027-ZA,0.9928,1,1,CY027ZA,CY027ZA
2025-07-26_14-10-06-717_GG158BL-FRA.jpg,GG-158-BL.,GG-158-BL.,0.9989,1,1,GG158BL,GG158BL
2025-07-26_16-18-11-018_GD109WS-FRA.jpg,GD-109-WS,GD-109-WS,1.0000,1,1,GD109WS,GD109WS
2025-07-26_12-32-45-477_AD847HV-FRA.jpg,AD-847-HV,AD-847-HV,1.0000,1,1,AD847HV,AD847HV
2025-07-26_12-19-03-320_GJ333SR-FRA.jpg,GJ-333-SR,GJ-333-SR,0.9968,1,1,GJ333SR,GJ333SR
2025-07-26_10-58-19-736_BZ220CF-FRA.jpg,BZ-220-CF,BZ-220-CF,0.9984,1,1,BZ220CF,BZ220CF
2025-07-26_12-24-24-704_DZ402GG-FRA.jpg,DZ-402.GG,DZ-402.GG,1.0000,1,1,DZ402GG,DZ402GG
2025-07-26_15-20-30-635_FY623LP-FRA.jpg,FY-623-LP,FY-623-LP,0.9617,1,1,FY623LP,FY623LP
2025-07-26_11-11-58-831_HB726NH-FRA.jpg,HB-726-NH,HB-726-NH,1.0000,1,1,HB726NH,HB726NH
2025-07-26_10-07-58-012_BD927YB-FRA.jpg,BD-927-YB,BD-927-YB,0.9764,1,1,BD927YB,BD927YB
2025-07-26_12-30-48-721_AA819NS-FRA.jpg,AA-819-NS,AA-819-NS,1.0000,1,1,AA819NS,AA819NS
2025-07-26_10-24-52-860_HD623KE-FRA.jpg,HD-623-KE,HD-623-KE,0.9562,1,1,HD623KE,HD623KE
2025-07-26_11-14-04-567_GX839FB-FRA.jpg,GX-839-FB,GX-839-FB,0.9602,1,1,GX839FB,GX839FB
2025-07-26_13-23-31-321_364AGF93-FRA.jpg,364AGF93,364AGF93,0.9981,1,1,364AGF93,364AGF93
2025-07-26_09-25-54-116_HA709RM-FRA.jpg,HA709RM,HA709RM,1.0000,1,1,HA709RM,HA709RM
2025-07-26_10-05-42-488_CQ208XX-FRA.jpg,CQ-208-XX,CQ-208-XX,0.9564,1,1,CQ208XX,CQ208XX
2025-07-26_12-34-45-216_DS204XK-FRA.jpg,DS-204-XK,DS-204-XK,0.9975,1,1,DS204XK,DS204XK
2025-07-26_12-45-16-669_GF683FY-FRA.jpg,GF-683-FY.,GF-683-FY.,0.9736,1,1,GF683FY,GF683FY
2025-07-26_12-29-15-494_DP415YC-FRA.jpg,DP-415-YC,DP-415-YC,1.0000,1,1,DP415YC,DP415YC
2025-07-26_14-52-20-730_GP050HG-FRA.jpg,GP-050-HG,GP-050-HG,1.0000,1,1,GP050HG,GP050HG
2025-07-26_12-10-23-175_GZ648AE-FRA.jpg,GZ-648-AE,GZ-648-AE,0.9544,1,1,GZ648AE,GZ648AE
2025-07-26_11-18-04-238_EF408RR-FRA.jpg,EF-408-RR,EF-408-RR,0.9968,1,1,EF408RR,EF408RR
2025-07-26_11-29-20-893_CB859YW-FRA.jpg,CB-859-YW,CB-859-YW,0.9998,1,1,CB859YW,CB859YW
2025-07-26_10-49-08-152_EH733CR-FRA.jpg,EH-733-CR,EH-733-CR,0.9965,1,1,EH733CR,EH733CR
2025-07-26_10-01-47-630_FD929JY-FRA.jpg,FD-929-JY,FD-929-JY,0.9999,1,1,FD929JY,FD929JY
2025-07-26_14-26-41-048_FB757TY-FRA.jpg,FB-757-TY,FB-757-TY,0.9439,1,1,FB757TY,FB757TY
2025-07-26_14-13-55-331_GL920QW-FRA.jpg,GL920-QW,GL920-QW,0.9803,1,1,GL920QW,GL920QW
2025-07-26_10-04-26-100_EK354KF-FRA.jpg,EK-354-KF,EK-354-KF,1.0000,1,1,EK354KF,EK354KF
2025-07-26_09-22-30-436_FG725WK-FRA.jpg,FG-725-WK,FG-725-WK,0.9524,1,1,FG725WK,FG725WK
2025-07-26_12-46-19-903_FL342ZT-FRA.jpg,FL-342-ZT,FL-342-ZT,0.9710,1,1,FL342ZT,FL342ZT
2025-07-26_11-45-19-439_AQ703DT-FRA.jpg,AQ-703-DT,AQ-703-DT,0.9980,1,1,AQ703DT,AQ703DT
2025-07-26_16-00-51-698_GR835CY-FRA.jpg,GR-835-CY,GR-835-CY,0.9974,1,1,GR835CY,GR835CY
2025-07-26_13-44-18-230_FQ661VZ-FRA.jpg,FQ-661-VZ.,FQ-661-VZ.,0.9991,1,1,FQ661VZ,FQ661VZ
2025-07-26_17-03-11-567_FA265YY-FRA.jpg,FA-265-YY,FA-265-YY,0.9986,1,1,FA265YY,FA265YY
2025-07-26_12-26-05-759_FB844ZH-FRA.jpg,FB-844-ZH,FB-844-ZH,0.9881,1,1,FB844ZH,FB844ZH
2025-07-26_12-12-47-036_AW652KC-FRA.jpg,AW-652-KC,AW-652-KC,0.9944,1,1,AW652KC,AW652KC
2025-07-26_13-08-39-912_FS329MB-FRA.jpg,FS.329.MB,FS.329.MB,0.9998,1,1,FS329MB,FS329MB
2025-07-26_13-40-27-986_GJ948PV-FRA.jpg,GJ-948-PV,GJ-948-PV,0.9958,1,1,GJ948PV,GJ948PV
2025-07-26_15-20-38-547_BT944JK-FRA.jpg,BT-944-JK,BT-944-JK,1.0000,1,1,BT944JK,BT944JK
2025-07-26_16-41-19-244_AW041NQ-FRA.jpg,AW-041-NQ,AW-041-NQ,1.0000,1,1,AW041NQ,AW041NQ
2025-07-26_09-32-24-332_HA151YY-FRA.jpg,HA.151.YY,HA.151.YY,0.9870,1,1,HA151YY,HA151YY
2025-07-26_11-48-57-475_HD030KS-FRA.jpg,HD-030-KS,HD-030-KS,0.9551,1,1,HD030KS,HD030KS
2025-07-26_15-29-26-838_AA864NV-FRA.jpg,AA-864-NV,AA-864-NV,0.9856,1,1,AA864NV,AA864NV
2025-07-26_16-13-30-714_FR178BD-FRA.jpg,FR-178-BD,FR-178-BD,0.9884,1,1,FR178BD,FR178BD
2025-07-26_09-31-11-661_GE892BP-FRA.jpg,GE-892-BP,GE-892-BP,0.9993,1,1,GE892BP,GE892BP
2025-07-26_10-53-43-053_AA855YR-FRA.jpg,AA.855.YR,AA.855.YR,0.9875,1,1,AA855YR,AA855YR
2025-07-26_11-35-45-976_CW234GK-FRA.jpg,CW-234-GK.,CW-234-GK.,0.9728,1,1,CW234GK,CW234GK
2025-07-26_09-13-57-872_GT545BV-FRA.jpg,GT.545.BV,GT.545.BV,0.9838,1,1,GT545BV,GT545BV
2025-07-26_14-08-36-001_AY155QA-FRA.jpg,AY-155-QA,AY-155-QA,0.9785,1,1,AY155QA,AY155QA
2025-07-26_17-23-41-515_GY134XC-FRA.jpg,GY-134-XC,GY-134-XC,0.9995,1,1,GY134XC,GY134XC
2025-07-26_16-40-00-175_FY781SN-FRA.jpg,FY-781-SN,FY-781-SN,0.9917,1,1,FY781SN,FY781SN
2025-07-26_12-16-41-828_AR817FC-FRA.jpg,AR-817-FC,AR-817-FC,0.9996,1,1,AR817FC,AR817FC
2025-07-26_09-39-10-996_CJ100MF-FRA.jpg,CJ-100-MF,CJ-100-MF,1.0000,1,1,CJ100MF,CJ100MF
2025-07-26_17-14-17-996_BW310MR-FRA.jpg,BW-310-MR,BW-310-MR,1.0000,1,1,BW310MR,BW310MR
2025-07-26_14-25-32-134_GQ439FN-FRA.jpg,GQ-439-FN,GQ-439-FN,0.9597,1,1,GQ439FN,GQ439FN
2025-07-26_15-21-06-568_BV417SG-FRA.jpg,BV-417-SG,BV-417-SG,1.0000,1,1,BV417SG,BV417SG
2025-07-26_11-14-01-083_BN993FR-FRA.jpg,BN-993-FR,BN-993-FR,0.9469,1,1,BN993FR,BN993FR
2025-07-26_12-42-10-262_GG146MN-FRA.jpg,GG-146-MN,GG-146-MN,0.9987,1,1,GG146MN,GG146MN
2025-07-26_17-03-30-830_FX834MS-FRA.jpg,FX-834-MS,FX-834-MS,1.0000,1,1,FX834MS,FX834MS
2025-07-26_13-25-34-949_EY346FR-FRA.jpg,EY-346-FR,EY-346-FR,0.9893,1,1,EY346FR,EY346FR
2025-07-26_11-00-35-908_DL033WM-FRA.jpg,DL-033-WM,DL-033-WM,1.0000,1,1,DL033WM,DL033WM
2025-07-26_12-01-50-087_BM374FP-FRA.jpg,BM-374-FP,BM-374-FP,1.0000,1,1,BM374FP,BM374FP
2025-07-26_09-54-53-238_BW265WW-FRA.jpg,BW-265-WW,BW-265-WW,0.9933,1,1,BW265WW,BW265WW
2025-07-26_12-12-58-266_BG150BY-FRA.jpg,BG-150-BY,BG-150-BY,1.0000,1,1,BG150BY,BG150BY
2025-07-26_14-20-06-350_CG294NQ-FRA.jpg,CG-294-NQ,CG-294-NQ,0.9993,1,1,CG294NQ,CG294NQ
2025-07-26_15-37-37-283_BA669QR-FRA.jpg,BA-669-QR,BA-669-QR,0.9963,1,1,BA669QR,BA669QR
2025-07-26_09-12-27-149_FR108ZW-FRA.jpg,FR-108-ZW,FR-108-ZW,1.0000,1,1,FR108ZW,FR108ZW
2025-07-26_12-56-24-630_GV777EE-FRA.jpg,GV-777-EE,GV-777-EE,0.9969,1,1,GV777EE,GV777EE
2025-07-26_11-10-28-750_AL300SW-FRA.jpg,AL-300-SW,AL-300-SW,1.0000,1,1,AL300SW,AL300SW
2025-07-26_13-42-10-576_EV207BG-FRA.jpg,EV-207-BG,EV-207-BG,0.9951,1,1,EV207BG,EV207BG
2025-07-26_14-18-39-793_DG725DT-FRA.jpg,DG-725-DT,DG-725-DT,0.9999,1,1,DG725DT,DG725DT
2025-07-26_12-11-31-773_EF372ZX-FRA.jpg,EF-372-ZX,EF-372-ZX,0.9763,1,1,EF372ZX,EF372ZX
2025-07-26_12-56-53-750_DP558HZ-FRA.jpg,DP-558-HZ,DP-558-HZ,0.9877,1,1,DP558HZ,DP558HZ
2025-07-26_11-36-17-514_FB673TX-FRA.jpg,FB-673-TX,FB-673-TX,1.0000,1,1,FB673TX,FB673TX
2025-07-26_09-26-03-687_CM460AF-FRA.jpg,CM-460-AF,CM-460-AF,0.9676,1,1,CM460AF,CM460AF
2025-07-26_10-35-35-821_GF177HL-FRA.jpg,GF-177-HL,GF-177-HL,0.9942,1,1,GF177HL,GF177HL
2025-07-26_12-15-55-007_GQ114ZL-FRA.jpg,GQ-114-ZL,GQ-114-ZL,0.9999,1,1,GQ114ZL,GQ114ZL
2025-07-26_11-50-55-465_CZ665QV-FRA.jpg,CZ665QV,CZ665QV,1.0000,1,1,CZ665QV,CZ665QV
2025-07-26_09-12-05-972_AG421EG-ITA.jpg,AG-421-EG.,AG-421-EG.,0.9999,1,1,AG421EG,AG421EG
2025-07-26_17-34-56-199_252ARN67-FRA.jpg,252ARN67,252ARN67,0.9602,1,1,252ARN67,252ARN67
2025-07-26_12-25-58-253_AX979QZ-FRA.jpg,AX-979-QZ,AX-979-QZ,0.9944,1,1,AX979QZ,AX979QZ
2025-07-26_13-24-09-491_FR067CM-FRA.jpg,FR-067-CM,FR-067-CM,1.0000,1,1,FR067CM,FR067CM
2025-07-26_10-19-29-579_HD895LR-FRA.jpg,HD-895-LR,HD-895-LR,0.9626,1,1,HD895LR,HD895LR
2025-07-26_11-06-23-946_HC949GF-FRA.jpg,HC-949-GF,HC-949-GF,0.9954,1,1,HC949GF,HC949GF
2025-07-26_13-13-31-192_EW436AX-FRA.jpg,EW436-AX,EW436-AX,0.9999,1,1,EW436AX,EW436AX
2025-07-26_16-00-47-010_GK218WL-FRA.jpg,GK-218-WL,GK-218-WL,0.9487,1,1,GK218WL,GK218WL
2025-07-26_10-59-03-907_CR296GV-FRA.jpg,CR-296-GV,CR-296-GV,0.9999,1,1,CR296GV,CR296GV
2025-07-26_11-33-53-899_CM184WR-FRA.jpg,CM.184-WR,CM.184-WR,0.9510,1,1,CM184WR,CM184WR
2025-07-26_13-28-59-977_DP494RZ-FRA.jpg,DP-494-RZ,DP-494-RZ,0.9952,1,1,DP494RZ,DP494RZ
2025-07-26_17-43-45-272_GH842CJ-FRA.jpg,GH-842-CJ,GH-842-CJ,0.9997,1,1,GH842CJ,GH842CJ
2025-07-26_12-01-01-183_DS686BX-FRA.jpg,DS-686-BX,DS-686-BX,1.0000,1,1,DS686BX,DS686BX
2025-07-26_14-19-35-393_FW052GQ-FRA.jpg,FW-052-GQ,FW-052-GQ,1.0000,1,1,FW052GQ,FW052GQ
2025-07-26_10-34-10-281_CA911XL-FRA.jpg,CA-911-XL.,CA-911-XL.,0.9983,1,1,CA911XL,CA911XL
2025-07-26_09-21-20-244_EM347EH-FRA.jpg,EM-347-EH,EM-347-EH,0.9998,1,1,EM347EH,EM347EH
2025-07-26_14-25-48-372_FV810ZR-FRA.jpg,FV-810-ZR,FV-810-ZR,0.9525,1,1,FV810ZR,FV810ZR
2025-07-26_16-33-34-090_EV606KC-FRA.jpg,EV-606-KC,EV-606-KC,0.9998,1,1,EV606KC,EV606KC
2025-07-26_10-32-39-658_BS100XM-FRA.jpg,BS-100-XM,BS-100-XM,1.0000,1,1,BS100XM,BS100XM
2025-07-26_14-16-38-525_EJ167NB-FRA.jpg,EJ-167-NB,EJ-167-NB,1.0000,1,1,EJ167NB,EJ167NB
2025-07-26_14-54-57-251_CN203YJ-FRA.jpg,CN-203-YJ,CN-203-YJ,0.9998,1,1,CN203YJ,CN203YJ
2025-07-26_17-10-24-818_EC020GJ-FRA.jpg,EC-020-GJ,EC-020-GJ,0.9999,1,1,EC020GJ,EC020GJ
2025-07-26_12-47-25-493_FE321TH-FRA.jpg,FE-321-TH,FE-321-TH,0.9970,1,1,FE321TH,FE321TH
2025-07-26_18-03-31-465_AY876HT-FRA.jpg,AY-876-HT,AY-876-HT,1.0000,1,1,AY876HT,AY876HT
2025-07-26_10-23-01-671_EL174VY-FRA.jpg,EL-174-VY.,EL-174-VY.,0.9915,1,1,EL174VY,EL174VY
2025-07-26_13-02-14-394_GG015BS-FRA.jpg,GG-015-BS,GG-015-BS,1.0000,1,1,GG015BS,GG015BS
2025-07-26_10-12-08-346_CP743AY-FRA.jpg,CP-743-AY,CP-743-AY,1.0000,1,1,CP743AY,CP743AY
2025-07-26_10-33-00-118_GH002DT-FRA.jpg,GH-002-DT,GH-002-DT,0.9744,1,1,GH002DT,GH002DT
2025-07-26_12-34-28-952_CV630QC-FRA.jpg,CV-630-QC,CV-630-QC,0.9656,1,1,CV630QC,CV630QC
2025-07-26_11-39-23-503_GM463RW-FRA.jpg,GM-463-RW,GM-463-RW,0.9681,1,1,GM463RW,GM463RW
2025-07-26_14-31-21-779_GX408KR-FRA.jpg,GX-408-KR,GX-408-KR,0.9996,1,1,GX408KR,GX408KR
2025-07-26_15-36-18-024_BK201YV-FRA.jpg,BK-201-YV,BK-201-YV,1.0000,1,1,BK201YV,BK201YV
2025-07-26_17-56-46-417_FH345ZD-FRA.jpg,FH-345.ZD,FH-345.ZD,0.9987,1,1,FH345ZD,FH345ZD
2025-07-26_13-26-25-446_HB506QZ-FRA.jpg,HB-506-QZ,HB-506-QZ,0.9999,1,1,HB506QZ,HB506QZ
2025-07-26_18-04-14-647_AA777FK-FRA.jpg,AA.777-FK,AA.777-FK,0.9727,1,1,AA777FK,AA777FK
2025-07-26_11-47-30-382_436EPC95-FRA.jpg,.436EPC95,.436EPC95,0.9989,1,1,436EPC95,436EPC95
2025-07-26_14-21-53-492_GY995WP-FRA.jpg,GY-995-WP,GY-995-WP,0.9925,1,1,GY995WP,GY995WP
2025-07-26_10-29-48-926_CA526RV-FRA.jpg,CA-526-RV,CA-526-RV,1.0000,1,1,CA526RV,CA526RV
2025-07-26_11-49-09-221_DT307LY-FRA.jpg,DT-307-LY,DT-307-LY,0.9994,1,1,DT307LY,DT307LY
2025-07-26_16-12-50-335_EF543HA-FRA.jpg,EF-543-HA,EF-543-HA,0.9966,1,1,EF543HA,EF543HA
2025-07-26_11-13-30-302_GK087QG-FRA.jpg,.GK-087-QG.,.GK-087-QG.,0.9999,1,1,GK087QG,GK087QG
2025-07-26_10-50-44-085_DE007RQ-FRA.jpg,DE-007-RQ,DE-007-RQ,0.9988,1,1,DE007RQ,DE007RQ
2025-07-26_12-45-48-730_GK081PN-FRA.jpg,GK-081-PN,GK-081-PN,0.9882,1,1,GK081PN,GK081PN
2025-07-26_17-41-30-517_FS185WW-FRA.jpg,FS-185-WW,FS-185-WW,0.9499,1,1,FS185WW,FS185WW
2025-07-26_16-42-52-452_EW346XG-FRA.jpg,EW-346-XG,EW-346-XG,0.9982,1,1,EW346XG,EW346XG
2025-07-26_09-28-48-724_DH385ZW-FRA.jpg,DH-385-ZW,DH-385-ZW,0.9999,1,1,DH385ZW,DH385ZW
2025-07-26_10-04-11-477_EE818YV-FRA.jpg,EE-818-YV,EE-818-YV,0.9924,1,1,EE818YV,EE818YV
2025-07-26_17-10-25-240_GW411QJ-FRA.jpg,GW-411-QJ.,GW-411-QJ.,0.9586,1,1,GW411QJ,GW411QJ
2025-07-26_09-29-24-424_CR443DX-FRA.jpg,CR-443-DX,CR-443-DX,1.0000,1,1,CR443DX,CR443DX
2025-07-26_10-23-42-909_AN884CH-FRA.jpg,.AN-884-CH,.AN-884-CH,0.9682,1,1,AN884CH,AN884CH
2025-07-26_11-11-25-477_GQ836HY-FRA.jpg,GQ-836-HY,GQ-836-HY,0.9996,1,1,GQ836HY,GQ836HY
2025-07-26_10-50-55-485_DF579DS-FRA.jpg,DF-579-DS,DF-579-DS,0.9830,1,1,DF579DS,DF579DS
2025-07-26_09-27-12-560_AC455AC-FRA.jpg,AC-455-AC,AC-455-AC,1.0000,1,1,AC455AC,AC455AC
2025-07-26_10-47-39-119_FG606LV-FRA.jpg,FG-606-LV,FG-606-LV,0.9984,1,1,FG606LV,FG606LV
2025-07-26_12-10-14-965_EH978WW-FRA.jpg,EH-978-WW,EH-978-WW,0.9934,1,1,EH978WW,EH978WW
2025-07-26_10-54-56-354_GG113QF-FRA.jpg,GG-113-QF.,GG-113-QF.,0.9998,1,1,GG113QF,GG113QF
2025-07-26_12-13-59-766_CV671CN-FRA.jpg,CV-671-CN,CV-671-CN,0.9999,1,1,CV671CN,CV671CN
2025-07-26_14-18-26-405_GQ411VV-FRA.jpg,GQ-411-VV,GQ-411-VV,1.0000,1,1,GQ411VV,GQ411VV
2025-07-26_10-29-55-601_FV603VC-FRA.jpg,FV-603-VC,FV-603-VC,0.9684,1,1,FV603VC,FV603VC
2025-07-26_12-16-45-069_EF754WT-FRA.jpg,EF-754-WT,EF-754-WT,0.9983,1,1,EF754WT,EF754WT
2025-07-26_17-02-27-386_GQ193TF-FRA.jpg,GQ-193-TF,GQ-193-TF,0.9391,1,1,GQ193TF,GQ193TF
2025-07-26_14-28-02-820_EG883NT-FRA.jpg,EG-883-NT,EG-883-NT,1.0000,1,1,EG883NT,EG883NT
2025-07-26_12-49-50-431_DT959HF-FRA.jpg,DT-959-HF,DT-959-HF,0.9817,1,1,DT959HF,DT959HF
2025-07-26_09-40-00-880_AK179VS-FRA.jpg,AK-179-VS,AK-179-VS,0.9877,1,1,AK179VS,AK179VS
2025-07-26_12-59-51-404_AZ256BA-FRA.jpg,AZ-256-BA,AZ-256-BA,0.9635,1,1,AZ256BA,AZ256BA
2025-07-26_14-52-54-288_FG522LP-FRA.jpg,FG-522-LP,FG-522-LP,0.9912,1,1,FG522LP,FG522LP
2025-07-26_15-50-15-696_DW743NW-FRA.jpg,DW-743-NW,DW-743-NW,0.9985,1,1,DW743NW,DW743NW
2025-07-26_17-02-50-894_BM892ZY-FRA.jpg,BM-892-ZY,BM-892-ZY,0.9987,1,1,BM892ZY,BM892ZY
2025-07-26_14-09-38-062_GX977VR-FRA.jpg,GX-977-VR.,GX-977-VR.,0.9971,1,1,GX977VR,GX977VR
2025-07-26_09-26-58-553_GB437TJ-FRA.jpg,GB.437TJ,GB.437TJ,0.9994,1,1,GB437TJ,GB437TJ
2025-07-26_09-03-44-707_FZ836JC-FRA.jpg,FZ-836-JC,FZ-836-JC,1.0000,1,1,FZ836JC,FZ836JC
2025-07-26_12-49-51-801_DT959HF-FRA.jpg,DT-959-HF,DT-959-HF,0.9996,1,1,DT959HF,DT959HF
2025-07-26_11-40-08-022_FE415NQ-FRA.jpg,FE-415-NQ,FE-415-NQ,1.0000,1,1,FE415NQ,FE415NQ
2025-07-26_18-23-54-507_FR855EL-FRA.jpg,FR-855-EL,FR-855-EL,0.9778,1,1,FR855EL,FR855EL
2025-07-26_10-01-36-421_EP191FZ-FRA.jpg,EP-191-FZ.,EP-191-FZ.,0.9998,1,1,EP191FZ,EP191FZ
2025-07-26_10-04-50-747_GK135BD-FRA.jpg,GK-135-BD,GK-135-BD,0.9992,1,1,GK135BD,GK135BD
2025-07-26_12-51-57-048_CZ535BB-FRA.jpg,CZ-535-BB,CZ-535-BB,0.9831,1,1,CZ535BB,CZ535BB
2025-07-26_10-47-02-342_AW365QC-FRA.jpg,AW-365-QC,AW-365-QC,0.9703,1,1,AW365QC,AW365QC
2025-07-26_09-24-08-584_GC741WB-FRA.jpg,GC-741-WB,GC-741-WB,1.0000,1,1,GC741WB,GC741WB
2025-07-26_09-40-34-998_BB787CZ-FRA.jpg,BB-787-CZ,BB-787-CZ,0.9999,1,1,BB787CZ,BB787CZ
2025-07-26_17-34-18-475_DC145HS-FRA.jpg,DC-145-HS,DC-145-HS,0.9999,1,1,DC145HS,DC145HS
2025-07-26_10-22-18-119_FG454PM-FRA.jpg,FG-454-PM,FG-454-PM,0.9999,1,1,FG454PM,FG454PM
2025-07-26_10-52-45-845_BA402KJ-FRA.jpg,BA-402-KJ,BA-402-KJ,0.9679,1,1,BA402KJ,BA402KJ
2025-07-26_13-46-24-887_GE854VD-FRA.jpg,.GE-854-VD,.GE-854-VD,0.9983,1,1,GE854VD,GE854VD
2025-07-26_12-35-29-926_GE390RZ-FRA.jpg,GE-390-RZ,GE-390-RZ,0.9931,1,1,GE390RZ,GE390RZ
2025-07-26_10-43-01-365_EH067NZ-FRA.jpg,EH-067-NZ,EH-067-NZ,1.0000,1,1,EH067NZ,EH067NZ
2025-07-26_12-19-00-922_GJ333SR-FRA.jpg,GJ-333-SR,GJ-333-SR,0.9909,1,1,GJ333SR,GJ333SR
2025-07-26_17-31-06-415_EY552JR-FRA.jpg,EY-552-JR.,EY-552-JR.,0.9996,1,1,EY552JR,EY552JR
2025-07-26_10-53-44-949_FJ772WE-FRA.jpg,FJ-772-WE,FJ-772-WE,1.0000,1,1,FJ772WE,FJ772WE
2025-07-26_09-21-12-150_AD903CZ-FRA.jpg,AD-903-CZ,AD-903-CZ,0.9848,1,1,AD903CZ,AD903CZ
2025-07-26_10-44-43-043_DR481BE-FRA.jpg,DR-481-BE,DR-481-BE,0.9889,1,1,DR481BE,DR481BE
2025-07-26_09-55-10-366_BZ271FJ-ITA.jpg,BZ-271-FJ,BZ-271-FJ,0.9999,1,1,BZ271FJ,BZ271FJ
2025-07-26_12-14-01-227_CV671CN-FRA.jpg,CV-671-CN,CV-671-CN,0.9989,1,1,CV671CN,CV671CN
2025-07-26_18-00-21-418_GT946HM-FRA.jpg,GT.946.HM,GT.946.HM,0.9946,1,1,GT946HM,GT946HM
2025-07-26_11-43-43-795_DL420HN-FRA.jpg,DL-420-HN,DL-420-HN,1.0000,1,1,DL420HN,DL420HN
2025-07-26_14-21-50-127_ES663RW-FRA.jpg,ES-663-RW,ES-663-RW,0.9598,1,1,ES663RW,ES663RW
2025-07-26_09-26-48-911_EY371AA-FRA.jpg,EY-371-AA,EY-371-AA,0.9964,1,1,EY371AA,EY371AA
2025-07-26_13-05-27-459_AV718NK-FRA.jpg,AV-718-NK.,AV-718-NK.,1.0000,1,1,AV718NK,AV718NK
2025-07-26_11-42-53-062_CP173TT-FRA.jpg,CP-173-TT.,CP-173-TT.,0.9799,1,1,CP173TT,CP173TT
2025-07-26_09-27-23-257_FA696KB-FRA.jpg,FA-696-KB,FA-696-KB,0.9969,1,1,FA696KB,FA696KB
2025-07-26_17-02-09-839_DE630YR-FRA.jpg,DE-630-YR,DE-630-YR,0.9839,1,1,DE630YR,DE630YR
2025-07-26_13-13-10-512_GW715YN-FRA.jpg,GW-715-YN,GW-715-YN,0.9998,1,1,GW715YN,GW715YN
2025-07-26_12-26-02-093_FX381BA-FRA.jpg,FX-381-BA,FX-381-BA,1.0000,1,1,FX381BA,FX381BA
2025-07-26_13-13-49-148_WW884AC-FRA.jpg,WW-884-AC,WW-884-AC,0.9706,1,1,WW884AC,WW884AC
2025-07-26_11-31-27-051_EK499KM-FRA.jpg,EK-499-KM,EK-499-KM,0.9994,1,1,EK499KM,EK499KM
2025-07-26_09-26-01-952_AF969PM-FRA.jpg,AF.969.PM,AF.969.PM,1.0000,1,1,AF969PM,AF969PM
2025-07-26_12-49-09-935_BT965DM-FRA.jpg,BT965DM,BT965DM,0.9557,1,1,BT965DM,BT965DM
2025-07-26_12-41-17-187_BR047FS-FRA.jpg,BR-047-FS,BR-047-FS,0.9999,1,1,BR047FS,BR047FS
2025-07-26_13-09-57-260_BG090DL-FRA.jpg,BG-090-DL,BG-090-DL,0.9999,1,1,BG090DL,BG090DL
2025-07-26_12-37-47-205_CE059CG-FRA.jpg,.CE-059-CG,.CE-059-CG,0.9997,1,1,CE059CG,CE059CG
2025-07-26_16-24-20-123_DT738FW-FRA.jpg,DT-738-FW,DT-738-FW,1.0000,1,1,DT738FW,DT738FW
2025-07-26_11-26-58-712_DR473XM-FRA.jpg,DR-473-XM,DR-473-XM,1.0000,1,1,DR473XM,DR473XM
2025-07-26_10-23-32-979_EX924AN-FRA.jpg,EX-924-AN.,EX-924-AN.,0.9982,1,1,EX924AN,EX924AN
2025-07-26_11-13-45-420_FV534AB-FRA.jpg,FV-534-AB,FV-534-AB,0.9509,1,1,FV534AB,FV534AB
2025-07-26_11-59-28-847_DG064CM-FRA.jpg,DG-064-CM,DG-064-CM,0.9988,1,1,DG064CM,DG064CM
2025-07-26_10-23-27-918_HA047JW-FRA.jpg,HA-047-JW,HA-047-JW,0.9580,1,1,HA047JW,HA047JW
2025-07-26_13-08-54-098_FH568RV-FRA.jpg,FH-568-RV,FH-568-RV,0.9673,1,1,FH568RV,FH568RV
2025-07-26_14-46-45-355_AS097PN-FRA.jpg,AS-097-PN,AS-097-PN,1.0000,1,1,AS097PN,AS097PN
2025-07-26_10-00-01-187_FJ065RZ-FRA.jpg,FJ-065-RZ,FJ-065-RZ,0.9620,1,1,FJ065RZ,FJ065RZ
2025-07-26_12-59-17-945_DJ316SB-FRA.jpg,DJ-316-SB,DJ-316-SB,0.9572,1,1,DJ316SB,DJ316SB
2025-07-26_10-45-26-632_EZ513LP-FRA.jpg,EZ-513-LP.,EZ-513-LP.,0.9963,1,1,EZ513LP,EZ513LP
2025-07-26_10-07-15-618_HA837ZL-FRA.jpg,HA-837-ZL.,HA-837-ZL.,0.9999,1,1,HA837ZL,HA837ZL
2025-07-26_09-10-19-633_EK840GX-FRA.jpg,EK-840-GX,EK-840-GX,0.9574,1,1,EK840GX,EK840GX
2025-07-26_13-20-28-398_EN784TH-FRA.jpg,EN-784-TH,EN-784-TH,0.9795,1,1,EN784TH,EN784TH
2025-07-26_10-41-27-738_GP145TR-FRA.jpg,GP-145-TR.,GP-145-TR.,0.9855,1,1,GP145TR,GP145TR
2025-07-26_12-08-51-443_DD480EY-FRA.jpg,DD-480-EY,DD-480-EY,1.0000,1,1,DD480EY,DD480EY
2025-07-26_12-18-57-332_DT869CY-FRA.jpg,DT-869-CY,DT-869-CY,0.9963,1,1,DT869CY,DT869CY
2025-07-26_10-48-48-275_EF316EN-FRA.jpg,EF-316-EN,EF-316-EN,0.9817,1,1,EF316EN,EF316EN
2025-07-26_14-51-05-493_DV874SE-FRA.jpg,DV-874-SE,DV-874-SE,0.9680,1,1,DV874SE,DV874SE
2025-07-26_13-12-25-327_GK013QE-FRA.jpg,GK-013-QE,GK-013-QE,1.0000,1,1,GK013QE,GK013QE
2025-07-26_10-31-31-340_DN375CG-FRA.jpg,DN-375-CG,DN-375-CG,1.0000,1,1,DN375CG,DN375CG
2025-07-26_11-16-18-477_BH408TB-FRA.jpg,BH-408-TB,BH-408-TB,1.0000,1,1,BH408TB,BH408TB
2025-07-26_11-29-13-313_CC693AG-FRA.jpg,.CC-693-AG,.CC-693-AG,0.9998,1,1,CC693AG,CC693AG
2025-07-26_12-36-04-987_FQ857TG-FRA.jpg,FQ-857-TG,FQ-857-TG,0.9976,1,1,FQ857TG,FQ857TG
2025-07-26_10-07-37-670_GD654RC-FRA.jpg,GD-654-RC,GD-654-RC,0.9987,1,1,GD654RC,GD654RC
2025-07-26_11-35-46-549_DX512HS-FRA.jpg,DX-512-HS.,DX-512-HS.,0.9997,1,1,DX512HS,DX512HS
2025-07-26_13-24-36-641_FZ778GR-FRA.jpg,FZ-778-GR,FZ-778-GR,0.9746,1,1,FZ778GR,FZ778GR
2025-07-26_11-44-07-785_BG939JQ-FRA.jpg,BG-939-JQ,BG-939-JQ,0.9996,1,1,BG939JQ,BG939JQ
2025-07-26_11-25-43-682_FY717LJ-FRA.jpg,FY-717-LJ,FY-717-LJ,1.0000,1,1,FY717LJ,FY717LJ
2025-07-26_10-09-14-531_BK252AJ-FRA.jpg,BK-252-AJ,BK-252-AJ,0.9997,1,1,BK252AJ,BK252AJ
2025-07-26_12-32-16-335_AT154PB-FRA.jpg,AT.154.PB,AT.154.PB,1.0000,1,1,AT154PB,AT154PB
2025-07-26_12-34-02-218_HA562DL-FRA.jpg,HA-562-DL,HA-562-DL,1.0000,1,1,HA562DL,HA562DL
2025-07-26_12-47-16-483_BD567YR-FRA.jpg,BD-567-YR,BD-567-YR,0.9979,1,1,BD567YR,BD567YR
2025-07-26_10-47-56-919_AN795TC-FRA.jpg,AN-795-TC,AN-795-TC,0.9617,1,1,AN795TC,AN795TC
2025-07-26_11-59-47-644_GJ649YA-FRA.jpg,GJ-649-YA,GJ-649-YA,1.0000,1,1,GJ649YA,GJ649YA
2025-07-26_11-15-53-326_AQ636GW-FRA.jpg,AQ636-GW,AQ636-GW,0.9781,1,1,AQ636GW,AQ636GW
2025-07-26_12-39-44-189_AA629ME-FRA.jpg,AA-629-ME,AA-629-ME,0.9992,1,1,AA629ME,AA629ME
2025-07-26_10-22-22-089_FY829HA-FRA.jpg,FY-829-HA,FY-829-HA,0.9989,1,1,FY829HA,FY829HA
2025-07-26_16-40-23-915_HB801AR-FRA.jpg,HB-801-AR.,HB-801-AR.,0.9698,1,1,HB801AR,HB801AR
2025-07-26_12-10-55-336_FF576JQ-FRA.jpg,FF-576-JQ,FF-576-JQ,0.9988,1,1,FF576JQ,FF576JQ
2025-07-26_10-45-48-270_HD355VB-FRA.jpg,HD-355-VB,HD-355-VB,0.9999,1,1,HD355VB,HD355VB
2025-07-26_12-26-08-619_BY978HX-FRA.jpg,BY-978-HX,BY-978-HX,0.9987,1,1,BY978HX,BY978HX
2025-07-26_10-21-39-712_DX283ZH-FRA.jpg,DX-283-ZH,DX-283-ZH,0.9731,1,1,DX283ZH,DX283ZH
2025-07-26_12-26-16-415_CG318WA-FRA.jpg,CG-318-WA,CG-318-WA,0.9630,1,1,CG318WA,CG318WA
2025-07-26_09-04-10-490_BE275CW-FRA.jpg,BE-275-CW,BE-275-CW,1.0000,1,1,BE275CW,BE275CW
2025-07-26_11-39-14-709_GH378YX-FRA.jpg,GH-378-YX,GH-378-YX,0.9999,1,1,GH378YX,GH378YX
2025-07-26_13-12-17-020_FH928LD-FRA.jpg,FH-928-LD,FH-928-LD,1.0000,1,1,FH928LD,FH928LD
2025-07-26_11-28-15-994_FD103BW-FRA.jpg,FD-103-BW,FD-103-BW,1.0000,1,1,FD103BW,FD103BW
2025-07-26_17-01-40-210_BQ094MD-FRA.jpg,BQ-094-MD,BQ-094-MD,0.9934,1,1,BQ094MD,BQ094MD
2025-07-26_17-58-52-764_AP004KR-FRA.jpg,AP-004-KR,AP-004-KR,0.9966,1,1,AP004KR,AP004KR
2025-07-26_10-22-15-938_FG454PM-FRA.jpg,FG-454-PM,FG-454-PM,0.9995,1,1,FG454PM,FG454PM
2025-07-26_14-11-44-563_FW202XD-FRA.jpg,FW-202-XD,FW-202-XD,1.0000,1,1,FW202XD,FW202XD
2025-07-26_12-33-10-062_GS391VJ-FRA.jpg,GS-391-VJ,GS-391-VJ,0.9998,1,1,GS391VJ,GS391VJ
2025-07-26_13-19-39-687_2917PJ33-FRA.jpg,2917PJ-33,2917PJ-33,0.9926,1,1,2917PJ33,2917PJ33
2025-07-26_14-14-32-529_DT494XL-FRA.jpg,DT-494-XL,DT-494-XL,0.9987,1,1,DT494XL,DT494XL
2025-07-26_09-58-45-429_BR780KA-FRA.jpg,BR-780-KA,BR-780-KA,1.0000,1,1,BR780KA,BR780KA
2025-07-26_10-49-18-456_GZ600YR-FRA.jpg,GZ-600-YR,GZ-600-YR,0.9996,1,1,GZ600YR,GZ600YR
2025-07-26_09-23-17-129_EA875PJ-FRA.jpg,EA875PJ,EA875PJ,0.9316,1,1,EA875PJ,EA875PJ
2025-07-26_11-57-06-001_ED463KY-FRA.jpg,ED-463-KY,ED-463-KY,1.0000,1,1,ED463KY,ED463KY
2025-07-26_13-26-36-647_FH537SP-FRA.jpg,FH-537-SP,FH-537-SP,0.9914,1,1,FH537SP,FH537SP
2025-07-26_14-33-30-908_FX281CV-FRA.jpg,FX.281.CV,FX.281.CV,0.9524,1,1,FX281CV,FX281CV
2025-07-26_09-18-07-976_GJ769VJ-FRA.jpg,GJ-769-VJ,GJ-769-VJ,1.0000,1,1,GJ769VJ,GJ769VJ
2025-07-26_13-00-51-923_WW670GV-FRA.jpg,WW-670-GV,WW-670-GV,0.9515,1,1,WW670GV,WW670GV
2025-07-26_10-55-33-634_GF346RX-FRA.jpg,GF-346-RX,GF-346-RX,1.0000,1,1,GF346RX,GF346RX
2025-07-26_18-08-30-380_FP327PL-FRA.jpg,FP-327-PL.,FP-327-PL.,0.9999,1,1,FP327PL,FP327PL
2025-07-26_12-24-53-914_FC837RN-FRA.jpg,FC-837-RN,FC-837-RN,0.9981,1,1,FC837RN,FC837RN
2025-07-26_11-01-27-328_WW069ES-FRA.jpg,WW-069-ES,WW-069-ES,0.9993,1,1,WW069ES,WW069ES
2025-07-26_17-34-16-757_BC338PZ-FRA.jpg,BC-338-PZ,BC-338-PZ,0.9986,1,1,BC338PZ,BC338PZ
2025-07-26_11-31-01-068_GW598BL-FRA.jpg,GW-598-BL.,GW-598-BL.,0.9992,1,1,GW598BL,GW598BL
2025-07-26_12-10-18-745_AQ195CN-FRA.jpg,AQ-195-CN,AQ-195-CN,1.0000,1,1,AQ195CN,AQ195CN
2025-07-26_09-59-59-348_DH618NN-FRA.jpg,DH-618-NN,DH-618-NN,0.9546,1,1,DH618NN,DH618NN
2025-07-26_12-55-37-635_GD937PM-FRA.jpg,GD-937-PM,GD-937-PM,0.9940,1,1,GD937PM,GD937PM
2025-07-26_15-59-32-434_DJ205GF-FRA.jpg,DJ-205-GF.,DJ-205-GF.,0.9975,1,1,DJ205GF,DJ205GF
2025-07-26_10-32-11-037_FC747HW-FRA.jpg,FC-747-HW,FC-747-HW,0.9859,1,1,FC747HW,FC747HW
2025-07-26_12-53-35-915_DC769JG-FRA.jpg,DC-769-JG,DC-769-JG,0.9992,1,1,DC769JG,DC769JG
2025-07-26_09-07-46-104_FR125TQ-FRA.jpg,FR.125.TQ,FR.125.TQ,0.9947,1,1,FR125TQ,FR125TQ
2025-07-26_12-39-39-790_DL537ED-FRA.jpg,DL-537-ED,DL-537-ED,0.9591,1,1,DL537ED,DL537ED
2025-07-26_11-13-28-268_GG571PH-FRA.jpg,GG-571-PH,GG-571-PH,0.9999,1,1,GG571PH,GG571PH
2025-07-26_12-26-09-695_GD509KD-FRA.jpg,GD-509-KD,GD-509-KD,1.0000,1,1,GD509KD,GD509KD
2025-07-26_16-23-52-791_GZ582JJ-FRA.jpg,GZ-582-JJ.,GZ-582-JJ.,0.9832,1,1,GZ582JJ,GZ582JJ
2025-07-26_14-16-54-246_FJ772WE-FRA.jpg,FJ-772-WE,FJ-772-WE,0.9853,1,1,FJ772WE,FJ772WE
2025-07-26_12-55-41-228_GE932ZB-FRA.jpg,GE-932-ZB,GE-932-ZB,1.0000,1,1,GE932ZB,GE932ZB
2025-07-26_10-39-41-260_BB526BC-FRA.jpg,BB-526-BC,BB-526-BC,0.9777,1,1,BB526BC,BB526BC
2025-07-26_10-17-34-867_GK167GP-FRA.jpg,GK-167-GP,GK-167-GP,0.9795,1,1,GK167GP,GK167GP
2025-07-26_16-27-46-392_EH650ZD-FRA.jpg,EH650ZD,EH650ZD,1.0000,1,1,EH650ZD,EH650ZD
2025-07-26_10-34-34-735_WW942HQ-FRA.jpg,WW-942-HQ,WW-942-HQ,1.0000,1,1,WW942HQ,WW942HQ
2025-07-26_12-53-45-956_EF388JC-FRA.jpg,EF388-JC,EF388-JC,0.9969,1,1,EF388JC,EF388JC
2025-07-26_11-55-30-322_FG191BP-FRA.jpg,FG-191-BP.,FG-191-BP.,0.9998,1,1,FG191BP,FG191BP
2025-07-26_13-16-37-699_FL423ZW-FRA.jpg,FL-423-ZW,FL-423-ZW,0.9995,1,1,FL423ZW,FL423ZW
2025-07-26_12-31-16-609_DT595CZ-FRA.jpg,DT-595-CZ,DT-595-CZ,1.0000,1,1,DT595CZ,DT595CZ
2025-07-26_16-02-34-631_CP215MK-FRA.jpg,CP-215-MK,CP-215-MK,0.9978,1,1,CP215MK,CP215MK
2025-07-26_12-12-10-961_BX958EX-FRA.jpg,BX958EX,BX958EX,0.9843,1,1,BX958EX,BX958EX
2025-07-26_13-09-50-540_FD017BZ-FRA.jpg,FD-017-BZ.,FD-017-BZ.,0.9995,1,1,FD017BZ,FD017BZ
2025-07-26_10-59-35-443_GG723ME-FRA.jpg,GG-723-ME,GG-723-ME,1.0000,1,1,GG723ME,GG723ME
2025-07-26_14-52-53-088_BE223EA-FRA.jpg,BE-223-EA,BE-223-EA,0.9851,1,1,BE223EA,BE223EA
2025-07-26_13-22-24-771_BY987BP-FRA.jpg,BY-987-BP,BY-987-BP,0.9999,1,1,BY987BP,BY987BP
2025-07-26_14-46-24-036_FV814KC-FRA.jpg,FV-814-KC,FV-814-KC,0.9787,1,1,FV814KC,FV814KC
2025-07-26_14-30-51-707_EE668VN-FRA.jpg,EE-668-VN,EE-668-VN,0.9992,1,1,EE668VN,EE668VN
2025-07-26_12-26-05-269_FX810SD-FRA.jpg,FX-810-SD,FX-810-SD,1.0000,1,1,FX810SD,FX810SD
2025-07-26_14-14-22-003_AC637JQ-FRA.jpg,AC-637-JQ,AC-637-JQ,0.9944,1,1,AC637JQ,AC637JQ
2025-07-26_09-40-32-959_BB787CZ-FRA.jpg,BB-787-CZ,BB-787-CZ,0.9968,1,1,BB787CZ,BB787CZ
2025-07-26_16-49-37-933_GM540XA-FRA.jpg,GM-540-XA,GM-540-XA,0.9989,1,1,GM540XA,GM540XA
2025-07-26_10-47-03-706_AW365QC-FRA.jpg,AW-365-QC,AW-365-QC,1.0000,1,1,AW365QC,AW365QC
2025-07-26_12-13-51-426_FD012ME-FRA.jpg,FD-012-ME.,FD-012-ME.,1.0000,1,1,FD012ME,FD012ME
2025-07-26_09-51-51-567_FS273SG-FRA.jpg,FS-273-SG,FS-273-SG,1.0000,1,1,FS273SG,FS273SG
2025-07-26_12-56-23-822_EL627NF-FRA.jpg,EL-627-NF,EL-627-NF,0.9469,1,1,EL627NF,EL627NF
2025-07-26_18-26-19-217_DF980XX-FRA.jpg,DF-980XX,DF-980XX,0.9640,1,1,DF980XX,DF980XX
2025-07-26_13-09-12-539_HA021ZQ-FRA.jpg,HA-021-ZQ,HA-021-ZQ,0.9999,1,1,HA021ZQ,HA021ZQ
2025-07-26_14-00-09-810_ES607FE-FRA.jpg,ES-607-FE,ES-607-FE,0.9725,1,1,ES607FE,ES607FE
2025-07-26_10-50-57-885_EN660WF-FRA.jpg,EN-660-WF,EN-660-WF,1.0000,1,1,EN660WF,EN660WF
2025-07-26_11-13-32-061_FT840YE-FRA.jpg,FT-840-YE,FT-840-YE,0.9982,1,1,FT840YE,FT840YE
2025-07-26_11-29-47-447_FH939QB-FRA.jpg,FH-939-QB,FH-939-QB,0.9919,1,1,FH939QB,FH939QB
2025-07-26_10-28-34-500_AK907KW-FRA.jpg,AK-907-KW,AK-907-KW,0.9923,1,1,AK907KW,AK907KW
2025-07-26_17-51-18-241_DW724HR-FRA.jpg,DW.724.HR,DW.724.HR,0.9995,1,1,DW724HR,DW724HR
2025-07-26_10-56-45-786_EG934QW-FRA.jpg,EG-934-QW,EG-934-QW,0.9999,1,1,EG934QW,EG934QW
2025-07-26_11-32-29-114_FH764FN-FRA.jpg,FH-764-FN,FH-764-FN,0.9999,1,1,FH764FN,FH764FN
2025-07-26_18-01-15-690_CX789SV-FRA.jpg,CX-789-SV,CX-789-SV,1.0000,1,1,CX789SV,CX789SV
2025-07-26_09-36-29-733_GX801ZD-FRA.jpg,GX-801-ZD,GX-801-ZD,1.0000,1,1,GX801ZD,GX801ZD
2025-07-26_10-47-03-595_AB207TY-FRA.jpg,AB-207-TY,AB-207-TY,0.9757,1,1,AB207TY,AB207TY
2025-07-26_14-10-14-064_ER286MX-FRA.jpg,ER-286-MX,ER-286-MX,1.0000,1,1,ER286MX,ER286MX
2025-07-26_12-43-37-368_CY441FJ-FRA.jpg,CY-441-FJ,CY-441-FJ,0.9767,1,1,CY441FJ,CY441FJ
2025-07-26_12-16-45-814_DN156GS-FRA.jpg,DN-156-GS,DN-156-GS,1.0000,1,1,DN156GS,DN156GS
2025-07-26_11-48-10-442_AN127KG-FRA.jpg,AN-127-KG,AN-127-KG,0.9998,1,1,AN127KG,AN127KG
2025-07-26_18-08-54-708_FT865LJ-FRA.jpg,FT-865-LJ,FT-865-LJ,0.9512,1,1,FT865LJ,FT865LJ
2025-07-26_09-55-51-028_GK826BY-FRA.jpg,GK-826-BY.,GK-826-BY.,0.9995,1,1,GK826BY,GK826BY
2025-07-26_12-08-56-303_CQ421VC-FRA.jpg,CQ-421-VC,CQ-421-VC,0.9977,1,1,CQ421VC,CQ421VC
2025-07-26_13-25-34-167_AB628AB-FRA.jpg,AB-628-AB,AB-628-AB,0.9669,1,1,AB628AB,AB628AB
2025-07-26_10-25-15-757_FN070AJ-FRA.jpg,FN-070-AJ,FN-070-AJ,0.9958,1,1,FN070AJ,FN070AJ
2025-07-26_10-00-00-336_BV226WF-FRA.jpg,BV-226-WF,BV-226-WF,0.9999,1,1,BV226WF,BV226WF
2025-07-26_09-21-25-573_AN908KV-FRA.jpg,AN-908-KV,AN-908-KV,1.0000,1,1,AN908KV,AN908KV
2025-07-26_12-43-38-139_DN889ZG-FRA.jpg,DN-889-ZG,DN-889-ZG,0.9514,1,1,DN889ZG,DN889ZG
2025-07-26_11-31-34-473_FL299TN-FRA.jpg,FL-299-TN,FL-299-TN,0.9821,1,1,FL299TN,FL299TN
2025-07-26_12-53-39-316_EN759VD-FRA.jpg,EN-759-VD,EN-759-VD,1.0000,1,1,EN759VD,EN759VD
2025-07-26_12-05-21-832_CD026LM-FRA.jpg,CD-026-LM,CD-026-LM,0.9987,1,1,CD026LM,CD026LM
2025-07-26_11-12-57-579_EW578GN-FRA.jpg,EW-578-GN,EW-578-GN,0.9997,1,1,EW578GN,EW578GN
2025-07-26_17-02-12-431_DE630YR-FRA.jpg,DE-630-YR,DE-630-YR,0.9706,1,1,DE630YR,DE630YR
2025-07-26_12-10-36-744_CA510CL-FRA.jpg,CA-510-CL,CA-510-CL,0.9998,1,1,CA510CL,CA510CL
2025-07-26_14-09-58-249_EY462RX-FRA.jpg,EY-462-RX.,EY-462-RX.,0.9966,1,1,EY462RX,EY462RX
2025-07-26_11-02-21-336_DE775HA-FRA.jpg,DE-775-HA.,DE-775-HA.,0.9993,1,1,DE775HA,DE775HA
2025-07-26_10-07-43-913_AD098GJ-FRA.jpg,AD-098-GJ,AD-098-GJ,0.9996,1,1,AD098GJ,AD098GJ
2025-07-26_11-28-29-289_HD436SK-FRA.jpg,HD436SK,HD436SK,1.0000,1,1,HD436SK,HD436SK
2025-07-26_14-06-04-570_EL754SG-FRA.jpg,EL-754-SG,EL-754-SG,0.9999,1,1,EL754SG,EL754SG
2025-07-26_09-53-20-707_DF410ZA-FRA.jpg,DF-410-ZA,DF-410-ZA,0.9691,1,1,DF410ZA,DF410ZA
2025-07-26_12-34-09-783_GA628VR-FRA.jpg,GA-628-VR.,GA-628-VR.,0.9702,1,1,GA628VR,GA628VR
2025-07-26_16-16-13-410_DX290EN-FRA.jpg,DX-290-EN,DX-290-EN,0.9983,1,1,DX290EN,DX290EN
2025-07-26_12-24-49-971_CR296MP-FRA.jpg,CR-296-MP,CR-296-MP,0.9999,1,1,CR296MP,CR296MP
2025-07-26_10-15-43-798_FD945CS-FRA.jpg,FD945CS,FD945CS,0.9999,1,1,FD945CS,FD945CS
2025-07-26_10-09-29-121_EP874FR-FRA.jpg,EP-874-FR,EP-874-FR,0.9926,1,1,EP874FR,EP874FR
2025-07-26_12-10-25-355_BF543EZ-FRA.jpg,BF-543-EZ,BF-543-EZ,0.9998,1,1,BF543EZ,BF543EZ
2025-07-26_18-08-52-766_FT865LJ-FRA.jpg,FT-865-LJ,FT-865-LJ,1.0000,1,1,FT865LJ,FT865LJ
2025-07-26_10-33-23-424_WW906WD-FRA.jpg,WW-906-WD,WW-906-WD,0.9996,1,1,WW906WD,WW906WD
2025-07-26_14-52-00-497_FV570FE-FRA.jpg,FV-570-FE.,FV-570-FE.,0.9999,1,1,FV570FE,FV570FE
2025-07-26_10-32-28-593_BS877GX-FRA.jpg,BS-877-GX,BS-877-GX,0.9997,1,1,BS877GX,BS877GX
2025-07-26_10-50-22-247_CZ068KJ-FRA.jpg,CZ-068-KJ,CZ-068-KJ,0.9733,1,1,CZ068KJ,CZ068KJ
2025-07-26_18-08-37-600_CE925RT-FRA.jpg,CE-925-RT,CE-925-RT,0.9972,1,1,CE925RT,CE925RT
2025-07-26_11-29-30-333_EH519DF-FRA.jpg,EH-519-DF.,EH-519-DF.,0.9981,1,1,EH519DF,EH519DF
2025-07-26_12-16-22-534_GZ752AE-FRA.jpg,GZ-752-AE.,GZ-752-AE.,0.9999,1,1,GZ752AE,GZ752AE
2025-07-26_11-56-07-240_FA737GM-FRA.jpg,FA-737-GM,FA-737-GM,0.9999,1,1,FA737GM,FA737GM
2025-07-26_09-30-58-709_DH821BM-FRA.jpg,DH-821-BM,DH-821-BM,0.9951,1,1,DH821BM,DH821BM
2025-07-26_09-24-53-587_DS455BN-FRA.jpg,DS455BN,DS455BN,0.9680,1,1,DS455BN,DS455BN
2025-07-26_10-19-49-688_AH854LR-FRA.jpg,AH-854-LR,AH-854-LR,0.9975,1,1,AH854LR,AH854LR
2025-07-26_12-53-46-916_FM203MH-FRA.jpg,FM-203-MH,FM-203-MH,0.9999,1,1,FM203MH,FM203MH
2025-07-26_12-24-46-029_DT535LC-FRA.jpg,DT-535-LC,DT-535-LC,0.9962,1,1,DT535LC,DT535LC
2025-07-26_15-29-44-910_GT411ZA-FRA.jpg,GT.411.ZA,GT.411.ZA,0.9999,1,1,GT411ZA,GT411ZA
2025-07-26_09-21-44-816_BG766LK-FRA.jpg,BG-766-LK,BG-766-LK,1.0000,1,1,BG766LK,BG766LK
2025-07-26_11-10-54-286_CR862RF-FRA.jpg,CR-862-RF,CR-862-RF,0.9999,1,1,CR862RF,CR862RF
2025-07-26_10-07-38-067_BE491JF-FRA.jpg,BE-491-JF,BE-491-JF,0.9985,1,1,BE491JF,BE491JF
2025-07-26_13-31-27-562_DP411NE-FRA.jpg,DP-411-NE,DP-411-NE,0.9906,1,1,DP411NE,DP411NE
2025-07-26_10-54-48-988_BN698FM-FRA.jpg,BN-698-FM,BN-698-FM,1.0000,1,1,BN698FM,BN698FM
2025-07-26_12-52-01-068_GK805WE-FRA.jpg,GK-805-WE,GK-805-WE,0.9999,1,1,GK805WE,GK805WE
2025-07-26_14-51-12-109_GB726KG-FRA.jpg,GB-726-KG,GB-726-KG,0.9777,1,1,GB726KG,GB726KG
2025-07-26_15-17-03-292_GS167FH-FRA.jpg,GS.167.FH,GS.167.FH,0.9943,1,1,GS167FH,GS167FH
2025-07-26_12-56-21-910_EL627NF-FRA.jpg,EL-627-NF,EL-627-NF,0.9999,1,1,EL627NF,EL627NF
2025-07-26_10-21-31-710_CB259CL-FRA.jpg,CB-259-CL,CB-259-CL,1.0000,1,1,CB259CL,CB259CL
2025-07-26_10-23-07-035_GE640DB-FRA.jpg,GE-640-DB,GE-640-DB,1.0000,1,1,GE640DB,GE640DB
2025-07-26_14-46-55-255_FG524YN-FRA.jpg,FG-524-YN,FG-524-YN,0.9988,1,1,FG524YN,FG524YN
2025-07-26_12-55-41-949_EJ702AF-FRA.jpg,EJ-702-AF,EJ-702-AF,1.0000,1,1,EJ702AF,EJ702AF
2025-07-26_10-03-42-728_EC742YQ-FRA.jpg,EC-742-YQ,EC-742-YQ,0.9575,1,1,EC742YQ,EC742YQ
2025-07-26_12-50-01-721_AT127VR-FRA.jpg,AT-127-VR.,AT-127-VR.,0.9999,1,1,AT127VR,AT127VR
2025-07-26_12-16-39-779_GA581VN-FRA.jpg,GA-581-VN,GA-581-VN,0.9916,1,1,GA581VN,GA581VN
2025-07-26_11-23-08-916_GL969ZM-FRA.jpg,GL-969-ZM,GL-969-ZM,0.9969,1,1,GL969ZM,GL969ZM
2025-07-26_13-06-36-273_FR323SR-FRA.jpg,FR-323-SR,FR-323-SR,1.0000,1,1,FR323SR,FR323SR
2025-07-26_12-06-58-484_GF440BC-FRA.jpg,GF-440-BC,GF-440-BC,0.9966,1,1,GF440BC,GF440BC
2025-07-26_14-30-49-261_DM476EM-FRA.jpg,DM-476-EM,DM-476-EM,1.0000,1,1,DM476EM,DM476EM
2025-07-26_18-01-05-239_GC805XA-FRA.jpg,GC-805-XA,GC-805-XA,1.0000,1,1,GC805XA,GC805XA
2025-07-26_15-07-39-384_EM196KD-FRA.jpg,EM-196-KD,EM-196-KD,0.9893,1,1,EM196KD,EM196KD
2025-07-26_11-43-24-194_DA401EH-FRA.jpg,DA-401-EH,DA-401-EH,1.0000,1,1,DA401EH,DA401EH
2025-07-26_16-08-30-509_BF160CW-FRA.jpg,BF-160-CW,BF-160-CW,0.9987,1,1,BF160CW,BF160CW
2025-07-26_09-56-10-250_EZ671GQ-FRA.jpg,EZ-671-GQ,EZ-671-GQ,0.9804,1,1,EZ671GQ,EZ671GQ
2025-07-26_16-55-12-650_BE209JV-FRA.jpg,BE-209-JV,BE-209-JV,1.0000,1,1,BE209JV,BE209JV
2025-07-26_15-59-22-214_GL855QQ-FRA.jpg,GL-855-QQ,GL-855-QQ,0.9999,1,1,GL855QQ,GL855QQ
2025-07-26_11-35-50-937_BV153XY-FRA.jpg,BV-153-XY,BV-153-XY,0.9987,1,1,BV153XY,BV153XY
2025-07-26_14-13-24-297_FL582PS-FRA.jpg,FL582PS,FL582PS,0.9998,1,1,FL582PS,FL582PS
2025-07-26_16-15-45-146_EL401GN-FRA.jpg,EL.401.GN,EL.401.GN,0.9494,1,1,EL401GN,EL401GN
2025-07-26_10-19-51-289_AM610BV-FRA.jpg,AM.610.BV,AM.610.BV,0.9943,1,1,AM610BV,AM610BV
2025-07-26_12-16-16-748_575ALH93-FRA.jpg,575ALH93,575ALH93,0.9377,1,1,575ALH93,575ALH93
2025-07-26_14-37-43-107_WW211JX-FRA.jpg,WW-211-JX,WW-211-JX,0.9542,1,1,WW211JX,WW211JX
2025-07-26_11-59-29-396_AC938NL-FRA.jpg,AC-938-NL.,AC-938-NL.,0.9999,1,1,AC938NL,AC938NL
2025-07-26_09-09-23-954_GN153DE-FRA.jpg,GN-153-DE,GN-153-DE,0.9951,1,1,GN153DE,GN153DE
2025-07-26_13-11-46-791_BA182VK-FRA.jpg,BA-182-VK,BA-182-VK,0.9846,1,1,BA182VK,BA182VK
2025-07-26_14-52-51-629_FG522LP-FRA.jpg,FG-522-LP,FG-522-LP,0.9813,1,1,FG522LP,FG522LP
2025-07-26_11-01-23-783_DN269YP-FRA.jpg,DN-269-YP.,DN-269-YP.,0.9999,1,1,DN269YP,DN269YP
2025-07-26_10-14-05-972_GB972RQ-FRA.jpg,.GB-972-RQ,.GB-972-RQ,0.9956,1,1,GB972RQ,GB972RQ
2025-07-26_12-05-55-689_DW741ZN-FRA.jpg,DW-741-ZN,DW-741-ZN,0.9958,1,1,DW741ZN,DW741ZN
2025-07-26_10-42-00-405_EG646NQ-FRA.jpg,EG-646.NQ,EG-646.NQ,0.9998,1,1,EG646NQ,EG646NQ
2025-07-26_10-05-40-626_CQ208XX-FRA.jpg,CQ-208-XX,CQ-208-XX,0.9999,1,1,CQ208XX,CQ208XX
2025-07-26_17-28-44-470_GE199JH-FRA.jpg,GE-199-JH,GE-199-JH,0.9803,1,1,GE199JH,GE199JH
2025-07-26_10-33-40-507_GQ374EH-FRA.jpg,GQ-374-EH,GQ-374-EH,0.9947,1,1,GQ374EH,GQ374EH
2025-07-26_12-12-27-893_GR464KV-FRA.jpg,GR-464-KV,GR-464-KV,1.0000,1,1,GR464KV,GR464KV
2025-07-26_17-38-15-158_WW093EP-FRA.jpg,WW-093-EP,WW-093-EP,0.9999,1,1,WW093EP,WW093EP
2025-07-26_14-04-08-515_GY471DL-FRA.jpg,GY-471-DL.,GY-471-DL.,0.9123,1,1,GY471DL,GY471DL
2025-07-26_09-47-23-015_DQ769XP-FRA.jpg,DQ-769-XP,DQ-769-XP,1.0000,1,1,DQ769XP,DQ769XP
2025-07-26_10-12-54-914_GD931LN-FRA.jpg,GD-931-LN,GD-931-LN,0.9948,1,1,GD931LN,GD931LN
2025-07-26_10-22-10-963_GJ966KH-FRA.jpg,GJ966KH,GJ966KH,0.9999,1,1,GJ966KH,GJ966KH
2025-07-26_09-21-11-939_BQ774CD-FRA.jpg,BQ-774-CD,BQ-774-CD,1.0000,1,1,BQ774CD,BQ774CD
2025-07-26_10-04-39-445_EB903JH-FRA.jpg,EB-903-JH,EB-903-JH,1.0000,1,1,EB903JH,EB903JH
2025-07-26_11-02-09-330_BE317TT-FRA.jpg,BE-317-TT.,BE-317-TT.,0.9861,1,1,BE317TT,BE317TT
2025-07-26_14-50-41-269_GQ388GP-FRA.jpg,GQ-388-GP,GQ-388-GP,0.9990,1,1,GQ388GP,GQ388GP
2025-07-26_16-38-01-810_HC404CW-FRA.jpg,HC404CW,HC404CW,0.9222,1,1,HC404CW,HC404CW
2025-07-26_17-53-43-798_HB045CB-FRA.jpg,HB-045-CB,HB-045-CB,0.9961,1,1,HB045CB,HB045CB
2025-07-26_14-14-32-784_HC885TG-FRA.jpg,HC-885-TG,HC-885-TG,1.0000,1,1,HC885TG,HC885TG
2025-07-26_14-00-23-127_GJ867TX-FRA.jpg,GJ-867-TX,GJ-867-TX,0.9995,1,1,GJ867TX,GJ867TX
2025-07-26_10-00-00-287_HC247NM-FRA.jpg,HC-247-NM,HC-247-NM,0.9999,1,1,HC247NM,HC247NM
2025-07-26_12-41-49-322_GJ717KJ-FRA.jpg,GJ-717-KJ,GJ-717-KJ,1.0000,1,1,GJ717KJ,GJ717KJ
2025-07-26_11-01-24-948_DW289YC-FRA.jpg,DW-289-YC,DW-289-YC,1.0000,1,1,DW289YC,DW289YC
2025-07-26_11-10-26-780_EQ640MB-FRA.jpg,EQ-640-MB,EQ-640-MB,0.9990,1,1,EQ640MB,EQ640MB
2025-07-26_11-58-27-655_DE089PR-FRA.jpg,DE-089-PR.,DE-089-PR.,0.9994,1,1,DE089PR,DE089PR
2025-07-26_10-56-19-086_EJ638JB-FRA.jpg,EJ-638-JB,EJ-638-JB,0.9567,1,1,EJ638JB,EJ638JB
2025-07-26_13-09-04-421_GM995XD-FRA.jpg,GM-995-XD,GM-995-XD,0.9767,1,1,GM995XD,GM995XD
2025-07-26_09-39-37-812_DS640QC-FRA.jpg,DS-640-QC,DS-640-QC,0.9833,1,1,DS640QC,DS640QC
2025-07-26_09-36-23-727_CR286FT-FRA.jpg,CR-286-FT.,CR-286-FT.,0.9999,1,1,CR286FT,CR286FT
2025-07-26_12-09-42-673_FN183SD-FRA.jpg,FN-183-SD,FN-183-SD,0.9998,1,1,FN183SD,FN183SD
2025-07-26_10-33-13-002_DR483NH-FRA.jpg,DR-483-NH,DR-483-NH,0.9977,1,1,DR483NH,DR483NH
2025-07-26_09-14-01-488_BZ194CF-FRA.jpg,BZ-194-CF,BZ-194-CF,0.9910,1,1,BZ194CF,BZ194CF
2025-07-26_13-34-11-123_GS399NQ-FRA.jpg,GS-399.NQ,GS-399.NQ,0.9984,1,1,GS399NQ,GS399NQ
2025-07-26_15-42-27-565_HA799SJ-FRA.jpg,HA-799-SJ,HA-799-SJ,0.9996,1,1,HA799SJ,HA799SJ
2025-07-26_10-02-52-443_AE922TZ-FRA.jpg,AE-922-TZ.,AE-922-TZ.,0.9907,1,1,AE922TZ,AE922TZ
2025-07-26_11-47-54-802_GE806GW-FRA.jpg,GE-806.GW,GE-806.GW,0.9902,1,1,GE806GW,GE806GW
2025-07-26_10-21-51-196_GZ915MW-FRA.jpg,GZ-915-MW.,GZ-915-MW.,1.0000,1,1,GZ915MW,GZ915MW
2025-07-26_16-43-50-318_BV764CW-FRA.jpg,BV-764-CW,BV-764-CW,0.9999,1,1,BV764CW,BV764CW
2025-07-26_16-48-11-008_GG424TA-FRA.jpg,GG-424-TA,GG-424-TA,1.0000,1,1,GG424TA,GG424TA
2025-07-26_16-40-14-465_FV424EK-FRA.jpg,FV-424-EK.,FV-424-EK.,0.9464,1,1,FV424EK,FV424EK
2025-07-26_10-20-41-508_EW345AA-FRA.jpg,EW-345-AA,EW-345-AA,0.9941,1,1,EW345AA,EW345AA
2025-07-26_11-14-00-882_DH423EN-FRA.jpg,DH-423-EN,DH-423-EN,0.9841,1,1,DH423EN,DH423EN
2025-07-26_09-16-55-249_GT442WC-FRA.jpg,GT-442-WC,GT-442-WC,1.0000,1,1,GT442WC,GT442WC
2025-07-26_13-23-33-443_CE786NL-FRA.jpg,CE-786-NL.,CE-786-NL.,0.9980,1,1,CE786NL,CE786NL
2025-07-26_11-45-26-620_BC858QB-FRA.jpg,.BC-858-QB.,.BC-858-QB.,0.9587,1,1,BC858QB,BC858QB
2025-07-26_09-26-58-560_CB747YN-FRA.jpg,CB-747-YN,CB-747-YN,0.9999,1,1,CB747YN,CB747YN
2025-07-26_15-29-22-607_GW207MX-FRA.jpg,GW207MX,GW207MX,0.9752,1,1,GW207MX,GW207MX
2025-07-26_13-59-58-884_GL630PK-FRA.jpg,GL-630-PK,GL-630-PK,0.9997,1,1,GL630PK,GL630PK
2025-07-26_14-21-47-937_FX507KM-FRA.jpg,FX-507-KM,FX-507-KM,1.0000,1,1,FX507KM,FX507KM
2025-07-26_12-53-31-489_GM710KQ-FRA.jpg,GM-710-KQ,GM-710-KQ,0.9915,1,1,GM710KQ,GM710KQ
2025-07-26_10-46-03-166_GT991SE-FRA.jpg,GT-991-SE,GT-991-SE,0.9928,1,1,GT991SE,GT991SE
2025-07-26_10-35-21-980_DC939GM-FRA.jpg,DC-939-GM,DC-939-GM,0.9998,1,1,DC939GM,DC939GM
2025-07-26_16-23-28-799_GX236YM-FRA.jpg,GX-236-YM,GX-236-YM,0.9999,1,1,GX236YM,GX236YM
2025-07-26_13-25-53-373_GC247NG-FRA.jpg,.GC-247-NG.,.GC-247-NG.,0.9702,1,1,GC247NG,GC247NG
2025-07-26_09-04-24-885_EX444RA-FRA.jpg,EX-444-RA,EX-444-RA,0.9909,1,1,EX444RA,EX444RA
2025-07-26_11-15-45-911_GB068EZ-FRA.jpg,GB-068-EZ,GB-068-EZ,0.9996,1,1,GB068EZ,GB068EZ
2025-07-26_10-47-52-449_GP117ZG-FRA.jpg,GP-117-ZG,GP-117-ZG,0.9979,1,1,GP117ZG,GP117ZG
2025-07-26_15-20-02-584_AX174LG-FRA.jpg,AX-174-LG,AX-174-LG,0.9478,1,1,AX174LG,AX174LG
2025-07-26_14-23-53-345_GF261SX-FRA.jpg,GF-261-SX.,GF-261-SX.,0.9985,1,1,GF261SX,GF261SX
2025-07-26_09-30-31-217_GF292NG-FRA.jpg,GF-292-NG,GF-292-NG,1.0000,1,1,GF292NG,GF292NG
2025-07-26_10-18-20-049_DL012HC-FRA.jpg,DL-012-HC,DL-012-HC,0.9844,1,1,DL012HC,DL012HC
2025-07-26_09-39-11-897_EN364VE-FRA.jpg,EN-364-VE,EN-364-VE,0.9997,1,1,EN364VE,EN364VE
2025-07-26_11-18-00-263_CQ647CY-FRA.jpg,CQ-647-CY,CQ-647-CY,0.9836,1,1,CQ647CY,CQ647CY
2025-07-26_13-12-52-820_DL445LY-FRA.jpg,DL-445-LY,DL-445-LY,1.0000,1,1,DL445LY,DL445LY
2025-07-26_13-53-18-594_FL539BH-FRA.jpg,FL539BH,FL539BH,0.9645,1,1,FL539BH,FL539BH
2025-07-26_11-16-15-823_DV859TC-FRA.jpg,DV-859-TC,DV-859-TC,0.9987,1,1,DV859TC,DV859TC
2025-07-26_12-53-42-233_EE637PD-FRA.jpg,EE-637-PD,EE-637-PD,1.0000,1,1,EE637PD,EE637PD
2025-07-26_09-35-44-933_FE017QL-FRA.jpg,FE-017-QL.,FE-017-QL.,1.0000,1,1,FE017QL,FE017QL
2025-07-26_15-43-02-567_AH793YW-FRA.jpg,AH-793-YW,AH-793-YW,0.9374,1,1,AH793YW,AH793YW
2025-07-26_18-01-36-810_EQ712DJ-FRA.jpg,EQ-712-DJ,EQ-712-DJ,0.9999,1,1,EQ712DJ,EQ712DJ
2025-07-26_14-19-38-076_FW052GQ-FRA.jpg,FW-052-GQ,FW-052-GQ,0.9750,1,1,FW052GQ,FW052GQ
2025-07-26_09-25-44-739_BT142VD-FRA.jpg,BT.142-VD,BT.142-VD,0.9723,1,1,BT142VD,BT142VD
2025-07-26_12-16-04-627_HE258QT-FRA.jpg,HE-258-QT,HE-258-QT,0.9999,1,1,HE258QT,HE258QT
2025-07-26_16-32-05-552_DH991KZ-FRA.jpg,DH-991KZ,DH-991KZ,0.9428,1,1,DH991KZ,DH991KZ
2025-07-26_10-51-00-742_GB443LC-FRA.jpg,GB-443-LC,GB-443-LC,0.9965,1,1,GB443LC,GB443LC
2025-07-26_09-15-23-812_FV956JT-FRA.jpg,FV-956-JT,FV-956-JT,0.9999,1,1,FV956JT,FV956JT
2025-07-26_12-58-14-207_GY409WS-FRA.jpg,GY-409-WS,GY-409-WS,1.0000,1,1,GY409WS,GY409WS
2025-07-26_09-56-46-542_CY703QQ-FRA.jpg,CY703QQ,CY703QQ,0.9614,1,1,CY703QQ,CY703QQ
2025-07-26_12-37-30-700_CH041ZK-FRA.jpg,CH-041-ZK,CH-041-ZK,0.9974,1,1,CH041ZK,CH041ZK
2025-07-26_10-48-25-881_FF279DJ-FRA.jpg,FF-279-DJ,FF-279-DJ,1.0000,1,1,FF279DJ,FF279DJ
2025-07-26_12-13-41-987_AA838EC-FRA.jpg,AA-838-EC,AA-838-EC,0.9997,1,1,AA838EC,AA838EC
2025-07-26_13-17-57-791_FK099KS-FRA.jpg,FK-099-KS,FK-099-KS,1.0000,1,1,FK099KS,FK099KS
2025-07-26_13-53-47-151_GJ050KR-FRA.jpg,GJ-050-KR,GJ-050-KR,0.9484,1,1,GJ050KR,GJ050KR
2025-07-26_09-21-20-589_AR082GZ-FRA.jpg,AR-082-GZ,AR-082-GZ,0.9785,1,1,AR082GZ,AR082GZ
2025-07-26_12-09-44-333_EK171QN-FRA.jpg,EK-171-QN,EK-171-QN,1.0000,1,1,EK171QN,EK171QN
2025-07-26_10-22-25-781_CD129FQ-FRA.jpg,CD-129-FQ,CD-129-FQ,0.9824,1,1,CD129FQ,CD129FQ
2025-07-26_13-12-49-653_CM951HR-FRA.jpg,CM-951-HR.,CM-951-HR.,0.9614,1,1,CM951HR,CM951HR
2025-07-26_11-43-19-465_GC976KW-FRA.jpg,GC976KW,GC976KW,1.0000,1,1,GC976KW,GC976KW
2025-07-26_12-56-06-437_CW807ZE-FRA.jpg,CW-807-ZE,CW-807-ZE,1.0000,1,1,CW807ZE,CW807ZE
2025-07-26_10-59-09-353_BK502TE-FRA.jpg,BK-502-TE,BK-502-TE,0.9998,1,1,BK502TE,BK502TE
2025-07-26_09-17-55-187_DL091HK-FRA.jpg,DL-091-HK,DL-091-HK,1.0000,1,1,DL091HK,DL091HK
2025-07-26_10-32-48-553_DC019QJ-FRA.jpg,DC-019-QJ,DC-019-QJ,0.9989,1,1,DC019QJ,DC019QJ
2025-07-26_13-29-06-849_DH192ZF-FRA.jpg,DH-192-ZF,DH-192-ZF,1.0000,1,1,DH192ZF,DH192ZF
2025-07-26_17-15-36-861_ES585HC-FRA.jpg,ES-585-HC,ES-585-HC,1.0000,1,1,ES585HC,ES585HC
2025-07-26_12-09-55-214_ED279TL-FRA.jpg,ED-279-TL,ED-279-TL,0.9998,1,1,ED279TL,ED279TL
2025-07-26_11-43-49-516_BW543AX-FRA.jpg,BW-543-AX,BW-543-AX,0.9994,1,1,BW543AX,BW543AX
2025-07-26_12-10-24-432_FD481XL-FRA.jpg,FD-481-XL.,FD-481-XL.,1.0000,1,1,FD481XL,FD481XL
2025-07-26_11-54-18-034_EJ342PR-FRA.jpg,EJ-342-PR,EJ-342-PR,0.9707,1,1,EJ342PR,EJ342PR
2025-07-26_10-25-59-636_FZ724QD-FRA.jpg,FZ-724-QD,FZ-724-QD,0.9999,1,1,FZ724QD,FZ724QD
2025-07-26_13-56-26-894_FK073BB-FRA.jpg,FK-073-BB,FK-073-BB,1.0000,1,1,FK073BB,FK073BB
2025-07-26_15-49-54-015_CM905RA-FRA.jpg,CM-905-RA,CM-905-RA,0.9860,1,1,CM905RA,CM905RA
2025-07-26_11-08-01-352_BM167RV-FRA.jpg,BM-167-RV,BM-167-RV,0.9608,1,1,BM167RV,BM167RV
2025-07-26_14-32-00-943_FX937TT-FRA.jpg,FX-937-TT,FX-937-TT,0.9992,1,1,FX937TT,FX937TT
2025-07-26_11-53-48-858_HA456GS-FRA.jpg,HA-456-GS,HA-456-GS,1.0000,1,1,HA456GS,HA456GS
2025-07-26_10-57-04-375_BB918ZV-FRA.jpg,BB-918-ZV,BB-918-ZV,0.9997,1,1,BB918ZV,BB918ZV
2025-07-26_10-14-03-365_BN152LY-FRA.jpg,BN-152-LY.,BN-152-LY.,0.9996,1,1,BN152LY,BN152LY
2025-07-26_16-18-15-995_BW621LY-FRA.jpg,BW-621-LY.,BW-621-LY.,0.9970,1,1,BW621LY,BW621LY
2025-07-26_10-59-00-621_FZ064WJ-FRA.jpg,FZ-064-WJ,FZ-064-WJ,0.9966,1,1,FZ064WJ,FZ064WJ
2025-07-26_10-18-19-139_HB609AR-FRA.jpg,HB-609-AR,HB-609-AR,0.9959,1,1,HB609AR,HB609AR
2025-07-26_12-17-12-431_ER992JE-FRA.jpg,ER-992-JE.,ER-992-JE.,0.9999,1,1,ER992JE,ER992JE
2025-07-26_09-48-02-840_DA318FY-FRA.jpg,DA-318-FY,DA-318-FY,1.0000,1,1,DA318FY,DA318FY
2025-07-26_18-06-52-887_GR449SG-FRA.jpg,GR449SG,GR449SG,0.9993,1,1,GR449SG,GR449SG
2025-07-26_10-34-33-074_CF604AF-FRA.jpg,CF-604-AF.,CF-604-AF.,0.9939,1,1,CF604AF,CF604AF
2025-07-26_14-19-04-370_AN867DF-FRA.jpg,AN-867-DF,AN-867-DF,0.9855,1,1,AN867DF,AN867DF
2025-07-26_12-12-33-253_CC086GP-FRA.jpg,CC-086-GP,CC-086-GP,1.0000,1,1,CC086GP,CC086GP
2025-07-26_09-20-51-193_CW151XQ-FRA.jpg,CW-151-XQ,CW-151-XQ,0.9993,1,1,CW151XQ,CW151XQ
2025-07-26_18-14-04-317_GG254VZ-FRA.jpg,GG-254-VZ,GG-254-VZ,0.9998,1,1,GG254VZ,GG254VZ
2025-07-26_11-47-34-581_GX685AF-FRA.jpg,GX-685-AF,GX-685-AF,0.9842,1,1,GX685AF,GX685AF
2025-07-26_17-00-17-960_GZ862PV-FRA.jpg,GZ-862-PV,GZ-862-PV,1.0000,1,1,GZ862PV,GZ862PV
2025-07-26_09-03-45-205_ES267MB-FRA.jpg,ES-267-MB,ES-267-MB,0.9995,1,1,ES267MB,ES267MB
2025-07-26_12-24-55-252_449DKP78-FRA.jpg,449DKP78,449DKP78,0.9996,1,1,449DKP78,449DKP78
2025-07-26_18-10-13-181_BC586GG-FRA.jpg,BC.586.GG,BC.586.GG,0.9988,1,1,BC586GG,BC586GG
2025-07-26_14-46-58-290_BB979FA-FRA.jpg,BB-979-FA,BB-979-FA,1.0000,1,1,BB979FA,BB979FA
2025-07-26_09-21-17-897_AQ765ER-FRA.jpg,AQ-765-ER,AQ-765-ER,1.0000,1,1,AQ765ER,AQ765ER
2025-07-26_11-15-35-291_EE745BS-FRA.jpg,EE-745-BS,EE-745-BS,0.9990,1,1,EE745BS,EE745BS
2025-07-26_16-32-03-461_DH991KZ-FRA.jpg,DH-991-KZ,DH-991-KZ,0.9999,1,1,DH991KZ,DH991KZ
2025-07-26_17-14-58-216_DW471VL-FRA.jpg,DW-471-VL,DW-471-VL,0.9826,1,1,DW471VL,DW471VL
2025-07-26_10-47-57-117_BK156MZ-FRA.jpg,BK-156-MZ,BK-156-MZ,1.0000,1,1,BK156MZ,BK156MZ
2025-07-26_12-16-26-369_GH927GB-FRA.jpg,GH-927-GB,GH-927-GB,0.9751,1,1,GH927GB,GH927GB
2025-07-26_13-12-35-468_CA731YQ-FRA.jpg,CA-731-YQ,CA-731-YQ,1.0000,1,1,CA731YQ,CA731YQ
2025-07-26_10-08-09-972_HB558TK-FRA.jpg,HB-558-TK,HB-558-TK,0.9987,1,1,HB558TK,HB558TK
2025-07-26_15-58-56-222_FW880BA-FRA.jpg,FW-880-BA,FW-880-BA,1.0000,1,1,FW880BA,FW880BA
2025-07-26_15-39-57-015_CP939EL-FRA.jpg,CP-939-EL,CP-939-EL,0.9997,1,1,CP939EL,CP939EL
2025-07-26_12-59-50-483_GA036LE-FRA.jpg,GA-036-LE,GA-036-LE,0.9942,1,1,GA036LE,GA036LE
2025-07-26_13-07-39-752_FX932CY-FRA.jpg,FX-932-CY.,FX-932-CY.,0.9984,1,1,FX932CY,FX932CY
2025-07-26_09-33-35-343_AL290NB-FRA.jpg,AL-290-NB,AL-290-NB,0.9999,1,1,AL290NB,AL290NB
2025-07-26_11-12-39-150_AW414QP-FRA.jpg,AW-414-QP,AW-414-QP,0.9852,1,1,AW414QP,AW414QP
2025-07-26_11-13-30-115_DP368DN-FRA.jpg,DP-368-DN,DP-368-DN,0.9950,1,1,DP368DN,DP368DN
2025-07-26_11-05-43-599_GD635EW-FRA.jpg,GD-635-EW,GD-635-EW,0.9647,1,1,GD635EW,GD635EW
2025-07-26_10-22-59-870_GJ021VP-FRA.jpg,GJ-021-VP,GJ-021-VP,0.9999,1,1,GJ021VP,GJ021VP
2025-07-26_13-34-16-964_GJ762KX-FRA.jpg,GJ-762-KX,GJ-762-KX,0.9999,1,1,GJ762KX,GJ762KX
2025-07-26_10-24-58-981_GA892EM-FRA.jpg,GA-892-EM,GA-892-EM,0.9533,1,1,GA892EM,GA892EM
2025-07-26_11-16-32-724_FM720AK-FRA.jpg,FM-720-AK,FM-720-AK,0.9957,1,1,FM720AK,FM720AK
2025-07-26_11-26-48-833_BW099ST-FRA.jpg,BW-099-ST,BW-099-ST,0.9999,1,1,BW099ST,BW099ST
2025-07-26_11-34-01-038_CR660WZ-FRA.jpg,CR-660-WZ,CR-660-WZ,0.9998,1,1,CR660WZ,CR660WZ
2025-07-26_14-17-14-172_GB442PP-FRA.jpg,GB-442-PP,GB-442-PP,0.9924,1,1,GB442PP,GB442PP
2025-07-26_10-03-21-491_DZ983HC-FRA.jpg,DZ-983-HC,DZ-983-HC,0.9999,1,1,DZ983HC,DZ983HC
2025-07-26_10-08-17-272_HA433JB-FRA.jpg,HA-433-JB,HA-433-JB,0.9999,1,1,HA433JB,HA433JB
2025-07-26_13-02-17-809_CM422LG-FRA.jpg,CM-422-LG,CM-422-LG,0.9547,1,1,CM422LG,CM422LG
2025-07-26_12-32-12-200_BL334KW-FRA.jpg,BL-334-KW,BL-334-KW,0.9804,1,1,BL334KW,BL334KW
2025-07-26_09-30-47-517_FP114WP-FRA.jpg,FP-114-WP.,FP-114-WP.,0.9994,1,1,FP114WP,FP114WP
2025-07-26_10-29-44-082_CV038RR-FRA.jpg,CV-038-RR,CV-038-RR,0.9947,1,1,CV038RR,CV038RR
2025-07-26_12-42-08-683_CA653DV-FRA.jpg,CA-653-DV,CA-653-DV,1.0000,1,1,CA653DV,CA653DV
2025-07-26_17-23-23-221_EM026TY-FRA.jpg,EM-026-TY,EM-026-TY,1.0000,1,1,EM026TY,EM026TY
2025-07-26_14-39-23-649_CN837YP-FRA.jpg,CN-837-YP,CN-837-YP,1.0000,1,1,CN837YP,CN837YP
2025-07-26_15-53-34-380_AA656FQ-FRA.jpg,AA-656-FQ,AA-656-FQ,0.9625,1,1,AA656FQ,AA656FQ
2025-07-26_11-48-52-048_EG295HM-FRA.jpg,EG-295-HM,EG-295-HM,1.0000,1,1,EG295HM,EG295HM
2025-07-26_10-41-56-517_EG646NQ-FRA.jpg,EG-646-NQ,EG-646-NQ,1.0000,1,1,EG646NQ,EG646NQ
2025-07-26_12-11-48-645_EX754NH-FRA.jpg,EX-754-NH,EX-754-NH,0.9666,1,1,EX754NH,EX754NH
2025-07-26_10-12-06-497_CM011XT-FRA.jpg,CM-011-XT.,CM-011-XT.,1.0000,1,1,CM011XT,CM011XT
2025-07-26_10-59-07-747_BK502TE-FRA.jpg,BK-502-TE,BK-502-TE,1.0000,1,1,BK502TE,BK502TE
2025-07-26_12-24-55-514_GX451DC-FRA.jpg,GX-451-DC.,GX-451-DC.,0.9992,1,1,GX451DC,GX451DC
2025-07-26_09-33-48-430_HD108HZ-FRA.jpg,HD-108-HZ,HD-108-HZ,0.9992,1,1,HD108HZ,HD108HZ
2025-07-26_12-08-09-647_AS515GA-FRA.jpg,.AS-515-GA.,.AS-515-GA.,0.9769,1,1,AS515GA,AS515GA
2025-07-26_12-07-07-967_CQ843GL-FRA.jpg,CQ-843-GL,CQ-843-GL,0.9980,1,1,CQ843GL,CQ843GL
2025-07-26_16-09-10-369_AR206ZL-FRA.jpg,AR-206-ZL,AR-206-ZL,0.9877,1,1,AR206ZL,AR206ZL
2025-07-26_16-27-20-486_CD279EW-FRA.jpg,CD-279-EW,CD-279-EW,1.0000,1,1,CD279EW,CD279EW
2025-07-26_10-08-07-931_HB558TK-FRA.jpg,HB-558-TK,HB-558-TK,0.9999,1,1,HB558TK,HB558TK
2025-07-26_11-40-04-840_AX003ZJ-FRA.jpg,AX-003-ZJ,AX-003-ZJ,0.9999,1,1,AX003ZJ,AX003ZJ
2025-07-26_14-54-07-869_AC526ZM-FRA.jpg,AC-526-ZM,AC-526-ZM,1.0000,1,1,AC526ZM,AC526ZM
2025-07-26_10-50-53-485_FB141CD-FRA.jpg,FB-141-CD,FB-141-CD,1.0000,1,1,FB141CD,FB141CD
2025-07-26_12-08-12-629_DA862JH-FRA.jpg,DA-862-JH,DA-862-JH,1.0000,1,1,DA862JH,DA862JH
2025-07-26_09-57-21-115_DG578MK-FRA.jpg,DG-578-MK.,DG-578-MK.,1.0000,1,1,DG578MK,DG578MK
2025-07-26_16-49-43-048_CN683WL-FRA.jpg,CN-683.WL,CN-683.WL,0.9999,1,1,CN683WL,CN683WL
2025-07-26_10-34-35-715_GR032LJ-FRA.jpg,GR-032-LJ,GR-032-LJ,1.0000,1,1,GR032LJ,GR032LJ
2025-07-26_11-02-20-188_FP403XS-FRA.jpg,FP-403-XS,FP-403-XS,1.0000,1,1,FP403XS,FP403XS
2025-07-26_13-23-32-839_ET058PW-ITA.jpg,ET-058-PW,ET-058-PW,1.0000,1,1,ET058PW,ET058PW
2025-07-26_18-02-37-637_AZ707KP-FRA.jpg,AZ-707-KP,AZ-707-KP,0.9990,1,1,AZ707KP,AZ707KP
2025-07-26_12-53-33-893_GW620QX-FRA.jpg,GW-620-QX,GW-620-QX,0.9938,1,1,GW620QX,GW620QX
2025-07-26_10-26-08-431_EW721MS-FRA.jpg,EW-721-MS,EW-721-MS,1.0000,1,1,EW721MS,EW721MS
2025-07-26_11-36-26-616_FF972VJ-FRA.jpg,FF-972-VJ,FF-972-VJ,1.0000,1,1,FF972VJ,FF972VJ
2025-07-26_12-08-00-344_CA816QR-FRA.jpg,CA-816-QR,CA-816-QR,1.0000,1,1,CA816QR,CA816QR
2025-07-26_12-30-46-457_GK104ZB-FRA.jpg,GK-104-ZB,GK-104-ZB,0.9995,1,1,GK104ZB,GK104ZB
2025-07-26_12-18-55-221_CH593EF-FRA.jpg,CH593-EF,CH593-EF,0.9999,1,1,CH593EF,CH593EF
2025-07-26_14-46-49-817_EM689XQ-FRA.jpg,EM-689-XQ,EM-689-XQ,0.9749,1,1,EM689XQ,EM689XQ
2025-07-26_12-38-37-197_FE307XC-FRA.jpg,FE-307-XC,FE-307-XC,0.9933,1,1,FE307XC,FE307XC
2025-07-26_10-34-15-238_EX967FL-FRA.jpg,EX-967-FL,EX-967-FL,0.9995,1,1,EX967FL,EX967FL
2025-07-26_12-26-07-033_GP370LR-FRA.jpg,GP-370-LR,GP-370-LR,0.9941,1,1,GP370LR,GP370LR
2025-07-26_15-29-56-390_HD979CR-FRA.jpg,HD-979-CR,HD-979-CR,0.9998,1,1,HD979CR,HD979CR
2025-07-26_12-05-47-329_CY598JT-FRA.jpg,CY-598-JT.,CY-598-JT.,1.0000,1,1,CY598JT,CY598JT
2025-07-26_12-32-08-855_DK266HX-FRA.jpg,DK-266-HX,DK-266-HX,1.0000,1,1,DK266HX,DK266HX
2025-07-26_11-46-33-123_ER010CT-FRA.jpg,ER-010-CT,ER-010-CT,0.9999,1,1,ER010CT,ER010CT
2025-07-26_14-09-15-743_HB024JH-FRA.jpg,HB-024-JH,HB-024-JH,1.0000,1,1,HB024JH,HB024JH
2025-07-26_14-57-04-165_EQ949QB-FRA.jpg,EQ-949-QB,EQ-949-QB,0.9998,1,1,EQ949QB,EQ949QB
2025-07-26_10-20-47-578_CB058DY-FRA.jpg,CB-058-DY,CB-058-DY,0.9843,1,1,CB058DY,CB058DY
2025-07-26_11-13-41-361_GX508NV-FRA.jpg,GX.508.NV,GX.508.NV,1.0000,1,1,GX508NV,GX508NV
2025-07-26_09-26-03-437_GX866NJ-FRA.jpg,GX-866-NJ,GX-866-NJ,1.0000,1,1,GX866NJ,GX866NJ
2025-07-26_16-16-10-594_DX290EN-FRA.jpg,DX-290-EN,DX-290-EN,0.9908,1,1,DX290EN,DX290EN
2025-07-26_15-34-25-043_EZ691AL-FRA.jpg,EZ-691-AL.,EZ-691-AL.,1.0000,1,1,EZ691AL,EZ691AL
2025-07-26_10-58-23-125_GP914LK-FRA.jpg,GP-914-LK,GP-914-LK,1.0000,1,1,GP914LK,GP914LK
2025-07-26_14-08-21-026_FG150MD-FRA.jpg,FG-150-MD,FG-150-MD,1.0000,1,1,FG150MD,FG150MD
2025-07-26_11-44-09-775_BL914FV-FRA.jpg,BL.914.FV.,BL.914.FV.,0.9956,1,1,BL914FV,BL914FV
2025-07-26_16-07-13-662_BM092TB-FRA.jpg,BM-092-TB,BM-092-TB,0.9965,1,1,BM092TB,BM092TB
2025-07-26_10-59-56-610_BJ821EC-FRA.jpg,BJ-821-EC,BJ-821-EC,1.0000,1,1,BJ821EC,BJ821EC
2025-07-26_09-21-30-572_CS458FB-FRA.jpg,CS.458.FB,CS.458.FB,0.9686,1,1,CS458FB,CS458FB
2025-07-26_09-42-41-206_GY208XA-FRA.jpg,GY-208-XA,GY-208-XA,0.9996,1,1,GY208XA,GY208XA
2025-07-26_13-01-07-118_GE793NH-FRA.jpg,GE-793-NH,GE-793-NH,0.9965,1,1,GE793NH,GE793NH
2025-07-26_13-59-48-138_GD623SC-FRA.jpg,GD-623-SC,GD-623-SC,0.9921,1,1,GD623SC,GD623SC
2025-07-26_13-26-58-670_FE545PH-FRA.jpg,FE-545-PH.,FE-545-PH.,0.9998,1,1,FE545PH,FE545PH
2025-07-26_12-17-08-650_BZ002ZZ-FRA.jpg,BZ-002-ZZ,BZ-002-ZZ,0.9973,1,1,BZ002ZZ,BZ002ZZ
2025-07-26_10-51-25-450_DY967EC-FRA.jpg,DY-967-EC,DY-967-EC,1.0000,1,1,DY967EC,DY967EC
2025-07-26_11-25-46-591_FY717LJ-FRA.jpg,FY-717-LJ,FY-717-LJ,0.9943,1,1,FY717LJ,FY717LJ
2025-07-26_10-14-26-133_AV331NA-FRA.jpg,AV-331-NA,AV-331-NA,0.9782,1,1,AV331NA,AV331NA
2025-07-26_12-34-27-224_GV911VN-FRA.jpg,GV-911-VN,GV-911-VN,1.0000,1,1,GV911VN,GV911VN
2025-07-26_18-26-35-933_HE955TM-FRA.jpg,HE-955-TM,HE-955-TM,0.9995,1,1,HE955TM,HE955TM
2025-07-26_09-21-11-189_BL972DH-FRA.jpg,BL-972.DH,BL-972.DH,0.9666,1,1,BL972DH,BL972DH
2025-07-26_10-27-53-141_GS410QP-FRA.jpg,GS-410-QP,GS-410-QP,0.9925,1,1,GS410QP,GS410QP
2025-07-26_09-40-37-518_AA519LL-FRA.jpg,AA-519-LL.,AA-519-LL.,0.9757,1,1,AA519LL,AA519LL
2025-07-26_10-46-00-811_EE227FJ-FRA.jpg,EE.227.FJ,EE.227.FJ,0.9997,1,1,EE227FJ,EE227FJ
2025-07-26_11-31-19-884_FQ112MN-FRA.jpg,FQ-112-MN,FQ-112-MN,1.0000,1,1,FQ112MN,FQ112MN
2025-07-26_13-26-07-753_FG761RN-FRA.jpg,FG-761-RN,FG-761-RN,0.9957,1,1,FG761RN,FG761RN
2025-07-26_10-35-15-594_DT177SG-FRA.jpg,DT-177-SG,DT-177-SG,1.0000,1,1,DT177SG,DT177SG
2025-07-26_09-57-59-708_FL715VY-FRA.jpg,FL-715-VY.,FL-715-VY.,1.0000,1,1,FL715VY,FL715VY
2025-07-26_10-32-41-040_BS100XM-FRA.jpg,BS-100-XM,BS-100-XM,0.9997,1,1,BS100XM,BS100XM
2025-07-26_10-22-17-015_FD731CA-FRA.jpg,FD-731-CA,FD-731-CA,0.9606,1,1,FD731CA,FD731CA
2025-07-26_13-17-15-302_ER805RK-FRA.jpg,ER-805-RK,ER-805-RK,0.9925,1,1,ER805RK,ER805RK
2025-07-26_10-53-40-767_DX078MY-FRA.jpg,DX-078-MY,DX-078-MY,0.9994,1,1,DX078MY,DX078MY
2025-07-26_15-15-47-222_EY349HM-FRA.jpg,EY.349-HM,EY.349-HM,0.9949,1,1,EY349HM,EY349HM
2025-07-26_12-15-28-388_FE883DV-FRA.jpg,FE-883-DV,FE-883-DV,0.9970,1,1,FE883DV,FE883DV
2025-07-26_10-02-12-816_GB800QT-FRA.jpg,.GB-800-QT,.GB-800-QT,0.9957,1,1,GB800QT,GB800QT
2025-07-26_11-15-46-166_AR117VM-FRA.jpg,AR117.VM,AR117.VM,0.9999,1,1,AR117VM,AR117VM
2025-07-26_12-12-30-237_FJ849WP-FRA.jpg,FJ-849-WP,FJ-849-WP,0.9999,1,1,FJ849WP,FJ849WP
2025-07-26_10-11-21-168_FB560TC-FRA.jpg,FB-560TC,FB-560TC,0.9992,1,1,FB560TC,FB560TC
2025-07-26_11-52-27-398_EC911XA-FRA.jpg,EC-911-XA,EC-911-XA,0.9996,1,1,EC911XA,EC911XA
2025-07-26_11-38-43-062_GB742RW-FRA.jpg,GB-742-RW,GB-742-RW,0.9998,1,1,GB742RW,GB742RW
2025-07-26_14-11-34-109_FF673CM-FRA.jpg,FF-673-CM,FF-673-CM,0.9990,1,1,FF673CM,FF673CM
2025-07-26_10-00-22-640_EV012YG-FRA.jpg,EV-012-YG,EV-012-YG,0.9989,1,1,EV012YG,EV012YG
2025-07-26_16-01-09-834_GX710GD-FRA.jpg,GX-710-GD,GX-710-GD,1.0000,1,1,GX710GD,GX710GD
2025-07-26_13-25-47-388_DZ193YB-FRA.jpg,DZ-193-YB,DZ-193-YB,1.0000,1,1,DZ193YB,DZ193YB
2025-07-26_16-51-23-971_BV508RV-FRA.jpg,BV-508-RV,BV-508-RV,1.0000,1,1,BV508RV,BV508RV
2025-07-26_09-27-17-472_FQ455WA-FRA.jpg,FQ-455-WA,FQ-455-WA,1.0000,1,1,FQ455WA,FQ455WA
2025-07-26_14-46-07-527_AW571ZX-FRA.jpg,AW-571-ZX,AW-571-ZX,1.0000,1,1,AW571ZX,AW571ZX
2025-07-26_12-29-06-831_AT925AX-FRA.jpg,AT-925-AX,AT-925-AX,0.9802,1,1,AT925AX,AT925AX
2025-07-26_11-44-20-755_FN324LS-FRA.jpg,FN-324-LS,FN-324-LS,0.9520,1,1,FN324LS,FN324LS
2025-07-26_12-26-04-229_CM942GR-FRA.jpg,CM-942-GR,CM-942-GR,1.0000,1,1,CM942GR,CM942GR
2025-07-26_11-06-20-013_BM596TG-FRA.jpg,BM-596-TG,BM-596-TG,1.0000,1,1,BM596TG,BM596TG
2025-07-26_12-07-09-181_AN101LJ-FRA.jpg,AN-101-LJ,AN-101-LJ,0.9860,1,1,AN101LJ,AN101LJ
2025-07-26_10-04-56-316_EJ524BE-FRA.jpg,EJ-524-BE,EJ-524-BE,0.9727,1,1,EJ524BE,EJ524BE
2025-07-26_10-14-05-047_AY697RA-FRA.jpg,AY-697-RA,AY-697-RA,0.9999,1,1,AY697RA,AY697RA
2025-07-26_10-35-19-320_FP158WB-FRA.jpg,FP158.WB,FP158.WB,0.9998,1,1,FP158WB,FP158WB
2025-07-26_10-11-39-528_DB313YL-FRA.jpg,DB-313-YL,DB-313-YL,0.9846,1,1,DB313YL,DB313YL
2025-07-26_11-44-19-906_GC731FZ-FRA.jpg,GC-731-FZ,GC-731-FZ,0.9896,1,1,GC731FZ,GC731FZ
2025-07-26_14-14-42-144_FT397MS-FRA.jpg,FT-397-MS,FT-397-MS,0.9502,1,1,FT397MS,FT397MS
2025-07-26_17-43-39-884_DQ106VL-FRA.jpg,DQ-106-VL,DQ-106-VL,1.0000,1,1,DQ106VL,DQ106VL
2025-07-26_11-59-20-322_CE167ZK-FRA.jpg,CE-167-ZK,CE-167-ZK,0.9478,1,1,CE167ZK,CE167ZK
2025-07-26_13-18-31-562_WW758CM-FRA.jpg,WW-758-CM,WW-758-CM,0.9999,1,1,WW758CM,WW758CM
2025-07-26_09-41-30-691_CS934AT-FRA.jpg,CS-934-AT,CS-934-AT,1.0000,1,1,CS934AT,CS934AT
2025-07-26_16-42-17-455_EX653ZT-FRA.jpg,EX-653-ZT,EX-653-ZT,0.9904,1,1,EX653ZT,EX653ZT
2025-07-26_12-34-29-903_FS139GC-FRA.jpg,FS-139-GC,FS-139-GC,0.9987,1,1,FS139GC,FS139GC
2025-07-26_14-29-18-845_AF562ZA-FRA.jpg,AF-562-ZA,AF-562-ZA,1.0000,1,1,AF562ZA,AF562ZA
2025-07-26_17-38-58-099_CR182YW-FRA.jpg,CR-182-YW,CR-182-YW,1.0000,1,1,CR182YW,CR182YW
2025-07-26_11-27-27-426_AW983SB-FRA.jpg,AW-983-SB,AW-983-SB,0.9966,1,1,AW983SB,AW983SB
2025-07-26_10-58-16-733_FD263SM-FRA.jpg,FD-263-SM,FD-263-SM,0.9983,1,1,FD263SM,FD263SM
2025-07-26_11-10-30-622_AL300SW-FRA.jpg,AL-300-SW,AL-300-SW,0.9798,1,1,AL300SW,AL300SW
2025-07-26_18-01-30-768_GM457CD-FRA.jpg,GM-457-CD,GM-457-CD,0.9967,1,1,GM457CD,GM457CD
2025-07-26_11-06-34-979_ED670RM-FRA.jpg,ED-670-RM,ED-670-RM,0.9989,1,1,ED670RM,ED670RM
2025-07-26_12-11-31-458_FV229NW-FRA.jpg,FV-229-NW,FV-229-NW,0.9871,1,1,FV229NW,FV229NW
2025-07-26_10-18-51-787_GP619JH-FRA.jpg,GP-619-JH,GP-619-JH,0.9906,1,1,GP619JH,GP619JH
2025-07-26_11-56-13-369_GD113MA-FRA.jpg,GD-113-MA,GD-113-MA,0.9946,1,1,GD113MA,GD113MA
2025-07-26_09-21-19-311_FW868BL-FRA.jpg,FW-868-BL,FW-868-BL,1.0000,1,1,FW868BL,FW868BL
2025-07-26_15-37-34-787_FF362TD-FRA.jpg,FF-362-TD,FF-362-TD,0.9831,1,1,FF362TD,FF362TD
2025-07-26_16-49-43-726_GM540XA-FRA.jpg,GM-540-XA,GM-540-XA,1.0000,1,1,GM540XA,GM540XA
2025-07-26_18-28-37-046_FM409CG-FRA.jpg,FM-409-CG,FM-409-CG,0.9999,1,1,FM409CG,FM409CG
2025-07-26_16-50-04-829_AY204HF-FRA.jpg,AY-204-HF,AY-204-HF,0.9562,1,1,AY204HF,AY204HF
2025-07-26_13-12-35-572_BG069YH-FRA.jpg,BG-069-YH,BG-069-YH,0.9993,1,1,BG069YH,BG069YH
2025-07-26_09-27-37-731_FL900CY-FRA.jpg,FL-900-CY.,FL-900-CY.,0.9995,1,1,FL900CY,FL900CY
2025-07-26_11-19-38-497_FK435MB-FRA.jpg,FK-435-MB,FK-435-MB,0.9930,1,1,FK435MB,FK435MB
2025-07-26_10-52-13-600_DG561EX-FRA.jpg,DG-561-EX,DG-561-EX,0.9926,1,1,DG561EX,DG561EX
2025-07-26_11-28-29-381_CN367EN-FRA.jpg,CN-367EN,CN-367EN,0.9440,1,1,CN367EN,CN367EN
2025-07-26_09-03-50-049_GR461SC-FRA.jpg,GR-461-SC,GR-461-SC,0.9999,1,1,GR461SC,GR461SC
2025-07-26_09-03-46-683_FZ836JC-FRA.jpg,FZ836JC,FZ836JC,1.0000,1,1,FZ836JC,FZ836JC
2025-07-26_15-41-55-727_EA744CR-FRA.jpg,EA-744CR,EA-744CR,0.9999,1,1,EA744CR,EA744CR
2025-07-26_16-30-29-587_GQ514ZK-FRA.jpg,GQ-514-ZK,GQ-514-ZK,1.0000,1,1,GQ514ZK,GQ514ZK
2025-07-26_10-31-28-160_EF224HN-FRA.jpg,EF224HN,EF224HN,1.0000,1,1,EF224HN,EF224HN
2025-07-26_12-58-50-169_AD496HL-FRA.jpg,AD-496-HL,AD-496-HL,0.9999,1,1,AD496HL,AD496HL
2025-07-26_12-36-47-089_BV011BQ-FRA.jpg,BV-011-BQ,BV-011-BQ,0.9933,1,1,BV011BQ,BV011BQ
2025-07-26_09-47-21-403_BH481GX-FRA.jpg,BH-481-GX,BH-481-GX,0.9999,1,1,BH481GX,BH481GX
2025-07-26_14-34-42-310_AB013RB-FRA.jpg,AB.013.RB,AB.013.RB,0.9990,1,1,AB013RB,AB013RB
2025-07-26_11-17-41-852_EJ356MT-FRA.jpg,EJ-356-MT,EJ-356-MT,1.0000,1,1,EJ356MT,EJ356MT
2025-07-26_11-37-55-241_GB156CL-FRA.jpg,GB-156-CL,GB-156-CL,0.9998,1,1,GB156CL,GB156CL
2025-07-26_11-25-59-665_EL980JH-FRA.jpg,EL-980-JH,EL-980-JH,1.0000,1,1,EL980JH,EL980JH
2025-07-26_16-23-15-123_DC767SK-FRA.jpg,DC-767-SK,DC-767-SK,0.9647,1,1,DC767SK,DC767SK
2025-07-26_17-18-53-833_BZ213KJ-FRA.jpg,BZ-213-KJ,BZ-213-KJ,1.0000,1,1,BZ213KJ,BZ213KJ
2025-07-26_13-09-16-633_CP306FV-FRA.jpg,CP-306-FV,CP-306-FV,0.9345,1,1,CP306FV,CP306FV
2025-07-26_11-34-02-556_AP880AL-FRA.jpg,AP-880-AL.,AP-880-AL.,0.9999,1,1,AP880AL,AP880AL
2025-07-26_12-37-44-105_EB430KP-FRA.jpg,EB-430-KP,EB-430-KP,1.0000,1,1,EB430KP,EB430KP
2025-07-26_12-10-20-424_FB691RY-FRA.jpg,FB-691-RY,FB-691-RY,0.9535,1,1,FB691RY,FB691RY
2025-07-26_15-57-46-841_GR484TX-FRA.jpg,GR-484-TX,GR-484-TX,0.9422,1,1,GR484TX,GR484TX
2025-07-26_12-07-43-064_FN581WB-FRA.jpg,FN-581-WB.,FN-581-WB.,0.9961,1,1,FN581WB,FN581WB
2025-07-26_10-17-47-689_CP317AC-FRA.jpg,CP-317-AC,CP-317-AC,0.9986,1,1,CP317AC,CP317AC
2025-07-26_14-32-09-837_GT224XA-FRA.jpg,GT-224-XA,GT-224-XA,0.9922,1,1,GT224XA,GT224XA
2025-07-26_12-53-45-451_FG325QV-FRA.jpg,FG-325-QV,FG-325-QV,0.9460,1,1,FG325QV,FG325QV
2025-07-26_09-18-02-177_DX120AT-FRA.jpg,DX-120-AT,DX-120-AT,0.9974,1,1,DX120AT,DX120AT
2025-07-26_18-00-41-598_BJ563KF-FRA.jpg,BJ-563-KF,BJ-563-KF,0.9984,1,1,BJ563KF,BJ563KF
2025-07-26_12-26-06-519_DA647EL-FRA.jpg,DA-647-EL.,DA-647-EL.,0.9537,1,1,DA647EL,DA647EL
2025-07-26_11-53-46-706_GW067RZ-FRA.jpg,GW-067-RZ.,GW-067-RZ.,0.9939,1,1,GW067RZ,GW067RZ
2025-07-26_10-16-24-558_AX120AH-FRA.jpg,AX-120-AH,AX-120-AH,0.9999,1,1,AX120AH,AX120AH
2025-07-26_16-58-57-266_FW720HF-FRA.jpg,FW-720-HF,FW-720-HF,0.9999,1,1,FW720HF,FW720HF
2025-07-26_11-15-42-246_DH850XB-FRA.jpg,DH850XB,DH850XB,0.9999,1,1,DH850XB,DH850XB
2025-07-26_16-13-48-848_CF794GG-FRA.jpg,CF-794-GG,CF-794-GG,1.0000,1,1,CF794GG,CF794GG
2025-07-26_12-41-08-397_GS558XQ-FRA.jpg,GS-558-XQ,GS-558-XQ,0.9934,1,1,GS558XQ,GS558XQ
2025-07-26_10-31-43-137_FZ889PB-FRA.jpg,FZ-889-PB,FZ-889-PB,0.9727,1,1,FZ889PB,FZ889PB
2025-07-26_12-52-59-556_AE496FB-FRA.jpg,.AE-496-FB.,.AE-496-FB.,0.9997,1,1,AE496FB,AE496FB
2025-07-26_15-33-04-594_AK818BE-FRA.jpg,AK-818-BE,AK-818-BE,0.9918,1,1,AK818BE,AK818BE
2025-07-26_12-49-04-282_FB146XS-FRA.jpg,FB-146-XS,FB-146-XS,0.9970,1,1,FB146XS,FB146XS
2025-07-26_15-10-03-302_DR824XC-FRA.jpg,DR-824-XC,DR-824-XC,1.0000,1,1,DR824XC,DR824XC
2025-07-26_17-44-36-692_GN982GG-FRA.jpg,GN.982.GG,GN.982.GG,1.0000,1,1,GN982GG,GN982GG
2025-07-26_12-30-27-460_ES688RP-FRA.jpg,ES-688-RP,ES-688-RP,0.9999,1,1,ES688RP,ES688RP
2025-07-26_10-04-23-141_BG467CY-FRA.jpg,BG-467-CY,BG-467-CY,1.0000,1,1,BG467CY,BG467CY
2025-07-26_09-22-50-549_DJ620PD-FRA.jpg,DJ-620-PD,DJ-620-PD,1.0000,1,1,DJ620PD,DJ620PD
2025-07-26_18-08-19-656_FY855JV-FRA.jpg,FY-855-JV,FY-855-JV,0.9988,1,1,FY855JV,FY855JV
2025-07-26_10-18-47-171_EZ373AA-FRA.jpg,EZ-373-AA,EZ-373-AA,0.9991,1,1,EZ373AA,EZ373AA
2025-07-26_10-01-57-567_AZ904DA-FRA.jpg,AZ-904-DA,AZ-904-DA,1.0000,1,1,AZ904DA,AZ904DA
2025-07-26_10-35-08-762_GM600XJ-FRA.jpg,GM-600-XJ,GM-600-XJ,0.9709,1,1,GM600XJ,GM600XJ
2025-07-26_09-19-28-994_FR640NH-FRA.jpg,FR-640-NH,FR-640-NH,0.9991,1,1,FR640NH,FR640NH
2025-07-26_09-13-23-112_CE363MR-FRA.jpg,CE-363-MR,CE-363-MR,0.9959,1,1,CE363MR,CE363MR
2025-07-26_11-42-50-800_AN130NV-FRA.jpg,AN-130-NV,AN-130-NV,0.9970,1,1,AN130NV,AN130NV
2025-07-26_13-44-11-630_FP826NZ-FRA.jpg,FP-826-NZ,FP-826-NZ,0.9998,1,1,FP826NZ,FP826NZ
2025-07-26_11-13-50-889_AE367MC-FRA.jpg,AE-367-MC,AE-367-MC,0.9990,1,1,AE367MC,AE367MC
2025-07-26_10-19-06-548_AW429YA-FRA.jpg,AW-429-YA,AW-429-YA,1.0000,1,1,AW429YA,AW429YA
2025-07-26_11-45-27-521_AV070AG-FRA.jpg,AV-070-AG,AV-070-AG,0.9921,1,1,AV070AG,AV070AG
2025-07-26_10-19-23-308_GP470NY-FRA.jpg,GP-470-NY,GP-470-NY,0.9999,1,1,GP470NY,GP470NY
2025-07-26_10-15-21-415_AJ270NY-FRA.jpg,AJ-270-NY,AJ-270-NY,1.0000,1,1,AJ270NY,AJ270NY
2025-07-26_10-20-43-875_BZ088AG-FRA.jpg,BZ-088-AG,BZ-088-AG,1.0000,1,1,BZ088AG,BZ088AG
2025-07-26_09-41-42-929_FD531PH-FRA.jpg,FD-531-PH,FD-531-PH,0.9446,1,1,FD531PH,FD531PH
2025-07-26_11-22-14-990_HB844RT-FRA.jpg,HB-844-RT,HB-844-RT,0.9942,1,1,HB844RT,HB844RT
2025-07-26_12-33-59-783_CW741XE-FRA.jpg,CW-741-XE,CW-741-XE,0.9822,1,1,CW741XE,CW741XE
2025-07-26_09-48-14-951_DX378KM-FRA.jpg,DX-378-KM,DX-378-KM,1.0000,1,1,DX378KM,DX378KM
2025-07-26_13-44-53-083_HA009DJ-FRA.jpg,HA-009-DJ,HA-009-DJ,0.9983,1,1,HA009DJ,HA009DJ
2025-07-26_13-22-05-209_GT401LY-FRA.jpg,GT-401-LY,GT-401-LY,0.9904,1,1,GT401LY,GT401LY
2025-07-26_13-05-45-540_GQ095GY-FRA.jpg,GQ-095-GY,GQ-095-GY,0.9985,1,1,GQ095GY,GQ095GY
2025-07-26_10-14-39-173_DB720NP-FRA.jpg,DB-720-NP,DB-720-NP,1.0000,1,1,DB720NP,DB720NP
2025-07-26_10-28-54-792_BH424VH-FRA.jpg,BH-424-VH,BH-424-VH,0.9469,1,1,BH424VH,BH424VH
2025-07-26_12-44-07-688_FX446RC-FRA.jpg,FX-446-RC,FX-446-RC,1.0000,1,1,FX446RC,FX446RC
2025-07-26_11-43-19-355_FN949NP-FRA.jpg,FN-949-NP,FN-949-NP,1.0000,1,1,FN949NP,FN949NP
2025-07-26_15-59-18-959_GG236TK-FRA.jpg,.GG-236-TK.,.GG-236-TK.,0.9796,1,1,GG236TK,GG236TK
2025-07-26_16-00-45-280_DW679KE-FRA.jpg,DW-679-KE,DW-679-KE,0.9960,1,1,DW679KE,DW679KE
2025-07-26_16-35-58-923_BM845SL-FRA.jpg,BM-845-SL,BM-845-SL,1.0000,1,1,BM845SL,BM845SL
2025-07-26_14-41-00-303_GH265AN-FRA.jpg,GH-265-AN,GH-265-AN,0.9998,1,1,GH265AN,GH265AN
2025-07-26_17-55-32-898_ED803DZ-FRA.jpg,ED-803-DZ,ED-803-DZ,0.9970,1,1,ED803DZ,ED803DZ
2025-07-26_13-41-45-981_CY240EJ-FRA.jpg,CY-240-EJ,CY-240-EJ,1.0000,1,1,CY240EJ,CY240EJ
2025-07-26_11-37-14-638_FP549GF-FRA.jpg,FP-549-GF.,FP-549-GF.,0.9999,1,1,FP549GF,FP549GF
2025-07-26_10-51-00-325_CT475LS-FRA.jpg,CT.475-LS,CT.475-LS,0.9996,1,1,CT475LS,CT475LS
2025-07-26_14-33-35-254_FX883KP-FRA.jpg,FX-883-KP,FX-883-KP,0.9980,1,1,FX883KP,FX883KP
2025-07-26_16-06-07-581_ED370DC-FRA.jpg,ED-370-DC,ED-370-DC,0.9649,1,1,ED370DC,ED370DC
2025-07-26_16-19-11-669_DT054KQ-FRA.jpg,DT-054-KQ,DT-054-KQ,0.9913,1,1,DT054KQ,DT054KQ
2025-07-26_16-10-45-220_CR144TC-FRA.jpg,CR-144-TC,CR-144-TC,0.9994,1,1,CR144TC,CR144TC
2025-07-26_15-42-08-831_EY727GR-FRA.jpg,EY-727-GR,EY-727-GR,0.9523,1,1,EY727GR,EY727GR
2025-07-26_12-01-05-959_FA383RQ-FRA.jpg,FA-383-RQ,FA-383-RQ,0.9947,1,1,FA383RQ,FA383RQ
2025-07-26_17-45-39-670_HD712KT-FRA.jpg,HD712KT,HD712KT,0.9452,1,1,HD712KT,HD712KT
2025-07-26_10-31-03-597_GX675LW-FRA.jpg,GX-675-LW,GX-675-LW,0.9988,1,1,GX675LW,GX675LW
2025-07-26_14-53-13-408_GX067KP-FRA.jpg,GX-067-KP,GX-067-KP,0.9990,1,1,GX067KP,GX067KP
2025-07-26_11-33-42-559_DT124FY-FRA.jpg,DT-124-FY,DT-124-FY,0.9952,1,1,DT124FY,DT124FY
2025-07-26_11-44-21-022_AM696CL-FRA.jpg,AM-696-CL.,AM-696-CL.,0.9998,1,1,AM696CL,AM696CL
2025-07-26_12-34-01-182_AY099VW-FRA.jpg,AY-099-VW,AY-099-VW,1.0000,1,1,AY099VW,AY099VW
2025-07-26_17-43-22-876_BS241VV-FRA.jpg,BS.241.VV,BS.241.VV,0.9996,1,1,BS241VV,BS241VV
2025-07-26_12-26-19-260_BT220WB-FRA.jpg,BT-220-WB,BT-220-WB,0.9964,1,1,BT220WB,BT220WB
2025-07-26_11-10-51-587_EW519KW-FRA.jpg,EW-519-KW,EW-519-KW,1.0000,1,1,EW519KW,EW519KW
2025-07-26_09-27-03-478_CE353SL-FRA.jpg,CE-353-SL,CE-353-SL,1.0000,1,1,CE353SL,CE353SL
2025-07-26_16-45-39-259_HB453VF-FRA.jpg,HB453VF,HB453VF,1.0000,1,1,HB453VF,HB453VF
2025-07-26_12-44-06-888_CG450HH-FRA.jpg,CG-450-HH,CG-450-HH,1.0000,1,1,CG450HH,CG450HH
2025-07-26_10-10-19-150_BB053FG-FRA.jpg,BB-053-FG,BB-053-FG,0.9999,1,1,BB053FG,BB053FG
2025-07-26_09-26-36-890_GT226WX-FRA.jpg,GT-226-WX,GT-226-WX,1.0000,1,1,GT226WX,GT226WX
2025-07-26_12-05-52-849_HB306XW-FRA.jpg,HB-306-XW,HB-306-XW,0.9478,1,1,HB306XW,HB306XW
2025-07-26_10-22-24-606_GS903JC-FRA.jpg,GS.903.JC,GS.903.JC,0.9472,1,1,GS903JC,GS903JC
2025-07-26_09-37-52-362_GT187HV-FRA.jpg,GT-187-HV,GT-187-HV,1.0000,1,1,GT187HV,GT187HV
2025-07-26_10-18-17-576_DM757VT-FRA.jpg,DM-757-VT.,DM-757-VT.,0.9982,1,1,DM757VT,DM757VT
2025-07-26_11-44-13-914_CA964FN-FRA.jpg,CA-964-FN,CA-964-FN,0.9444,1,1,CA964FN,CA964FN
2025-07-26_17-26-41-374_EG739PK-FRA.jpg,EG-739-PK,EG-739-PK,1.0000,1,1,EG739PK,EG739PK
2025-07-26_11-38-07-101_CS777BL-FRA.jpg,CS-777-BL,CS-777-BL,0.9998,1,1,CS777BL,CS777BL
2025-07-26_12-03-39-776_BW591WD-FRA.jpg,BW-591-WD,BW-591-WD,0.9996,1,1,BW591WD,BW591WD
2025-07-26_17-45-46-243_EC353RF-FRA.jpg,EC-353-RF,EC-353-RF,0.9676,1,1,EC353RF,EC353RF
2025-07-26_10-29-47-074_FC488CC-FRA.jpg,FC-488-CC,FC-488-CC,0.9632,1,1,FC488CC,FC488CC
2025-07-26_14-13-56-518_AA353BL-FRA.jpg,AA-353-BL,AA-353-BL,1.0000,1,1,AA353BL,AA353BL
2025-07-26_15-37-52-213_FT540BH-FRA.jpg,FT-540-BH,FT-540-BH,0.9985,1,1,FT540BH,FT540BH
2025-07-26_09-26-32-931_DC802GN-FRA.jpg,DC.802-GN,DC.802-GN,1.0000,1,1,DC802GN,DC802GN
2025-07-26_13-22-55-875_BG324ZF-FRA.jpg,BG-324-ZF,BG-324-ZF,0.9523,1,1,BG324ZF,BG324ZF
2025-07-26_15-48-23-811_AA941FD-FRA.jpg,AA-941-FD,AA-941-FD,1.0000,1,1,AA941FD,AA941FD
2025-07-26_17-32-40-572_FG046DB-FRA.jpg,FG-046-DB,FG-046-DB,1.0000,1,1,FG046DB,FG046DB
2025-07-26_10-14-23-172_AM977YK-FRA.jpg,AM-977-YK,AM-977-YK,1.0000,1,1,AM977YK,AM977YK
2025-07-26_14-12-55-943_BH405DV-FRA.jpg,BH-405-DV,BH-405-DV,0.9575,1,1,BH405DV,BH405DV
2025-07-26_10-04-25-235_EA258BJ-FRA.jpg,EA-258-BJ,EA-258-BJ,0.9925,1,1,EA258BJ,EA258BJ
2025-07-26_10-19-21-461_GP470NY-FRA.jpg,GP-470-NY.,GP-470-NY.,0.9991,1,1,GP470NY,GP470NY
2025-07-26_09-32-52-451_GY262VK-FRA.jpg,GY-262-VK,GY-262-VK,0.9965,1,1,GY262VK,GY262VK
2025-07-26_11-20-12-411_BX508TF-FRA.jpg,BX-508-TF,BX-508-TF,1.0000,1,1,BX508TF,BX508TF
2025-07-26_12-06-01-547_DZ098FE-FRA.jpg,DZ-098-FE,DZ-098-FE,0.9968,1,1,DZ098FE,DZ098FE
2025-07-26_18-14-12-885_GE323ML-FRA.jpg,GE-323-ML.,GE-323-ML.,1.0000,1,1,GE323ML,GE323ML
2025-07-26_10-12-07-971_BV885ES-FRA.jpg,BV-885-ES,BV-885-ES,1.0000,1,1,BV885ES,BV885ES
2025-07-26_12-12-38-886_CQ961BE-FRA.jpg,CQ-961-BE,CQ-961-BE,1.0000,1,1,CQ961BE,CQ961BE
2025-07-26_09-19-47-165_FW531QX-FRA.jpg,FW-531-QX,FW-531-QX,0.9991,1,1,FW531QX,FW531QX
2025-07-26_10-03-49-156_EZ670DW-FRA.jpg,EZ-670-DW,EZ-670-DW,1.0000,1,1,EZ670DW,EZ670DW
2025-07-26_15-37-57-019_BG835KB-FRA.jpg,BG-835-KB,BG-835-KB,0.9997,1,1,BG835KB,BG835KB
2025-07-26_10-22-26-478_GL312XH-FRA.jpg,GL-312-XH,GL-312-XH,0.9997,1,1,GL312XH,GL312XH
2025-07-26_11-28-32-615_GZ319WJ-FRA.jpg,GZ-319-WJ,GZ-319-WJ,1.0000,1,1,GZ319WJ,GZ319WJ
2025-07-26_14-56-50-975_FW321QV-FRA.jpg,FW-321-QV,FW-321-QV,0.9981,1,1,FW321QV,FW321QV
2025-07-26_16-43-18-455_EB749PK-FRA.jpg,EB-749-PK,EB-749-PK,0.9999,1,1,EB749PK,EB749PK
2025-07-26_09-26-36-777_GH555EK-FRA.jpg,GH-555-EK,GH-555-EK,1.0000,1,1,GH555EK,GH555EK
2025-07-26_09-18-28-311_BP250VL-FRA.jpg,BP-250-VL,BP-250-VL,0.9967,1,1,BP250VL,BP250VL
2025-07-26_09-26-36-796_BL042DD-FRA.jpg,BL-042-DD,BL-042-DD,0.9688,1,1,BL042DD,BL042DD
2025-07-26_16-54-09-663_DT711GL-FRA.jpg,DT-711-GL,DT-711-GL,0.9905,1,1,DT711GL,DT711GL
2025-07-26_14-52-20-218_FL976JM-FRA.jpg,FL-976-JM,FL-976-JM,1.0000,1,1,FL976JM,FL976JM
2025-07-26_13-16-43-418_EX275DZ-FRA.jpg,EX-275-DZ,EX-275-DZ,0.9995,1,1,EX275DZ,EX275DZ
2025-07-26_14-46-50-369_GZ638SX-FRA.jpg,GZ-638-SX.,GZ-638-SX.,0.9907,1,1,GZ638SX,GZ638SX
2025-07-26_13-21-44-907_AY188CL-FRA.jpg,AY-188-CL,AY-188-CL,0.9993,1,1,AY188CL,AY188CL
2025-07-26_13-04-43-145_GB997VE-FRA.jpg,GB-997-VE,GB-997-VE,0.9999,1,1,GB997VE,GB997VE
2025-07-26_10-20-36-846_FM891KZ-FRA.jpg,FM-891-KZ,FM-891-KZ,1.0000,1,1,FM891KZ,FM891KZ
2025-07-26_15-45-39-759_BR442EL-FRA.jpg,BR-442-EL,BR-442-EL,0.9963,1,1,BR442EL,BR442EL
2025-07-26_16-23-58-040_GJ833BY-FRA.jpg,GJ-833-BY,GJ-833-BY,1.0000,1,1,GJ833BY,GJ833BY
2025-07-26_12-48-50-271_GA536KN-FRA.jpg,GA536-KN,GA536-KN,0.9977,1,1,GA536KN,GA536KN
2025-07-26_16-53-53-609_DM725AV-FRA.jpg,DM-725-AV,DM-725-AV,1.0000,1,1,DM725AV,DM725AV
2025-07-26_09-39-35-976_DS640QC-FRA.jpg,DS-640-QC,DS-640-QC,0.9999,1,1,DS640QC,DS640QC
2025-07-26_14-03-33-327_GY111PQ-FRA.jpg,GY-111-PQ,GY-111-PQ,0.9998,1,1,GY111PQ,GY111PQ
2025-07-26_15-56-53-680_GP516ZD-FRA.jpg,GP516ZD,GP516ZD,1.0000,1,1,GP516ZD,GP516ZD
2025-07-26_10-57-48-396_CS615QA-FRA.jpg,CS-615-QA,CS-615-QA,1.0000,1,1,CS615QA,CS615QA
2025-07-26_11-14-55-310_EC213CF-FRA.jpg,EC-213-CF,EC-213-CF,0.9997,1,1,EC213CF,EC213CF
2025-07-26_18-07-47-839_BC759AE-FRA.jpg,BC.759.AE,BC.759.AE,0.9999,1,1,BC759AE,BC759AE
2025-07-26_12-10-22-124_HB233RN-FRA.jpg,HB-233-RN,HB-233-RN,0.9999,1,1,HB233RN,HB233RN
2025-07-26_09-21-06-973_GN505YQ-FRA.jpg,GN-505-YQ,GN-505-YQ,0.9987,1,1,GN505YQ,GN505YQ
2025-07-26_09-36-44-792_FE640MX-FRA.jpg,FE-640-MX,FE-640-MX,0.9611,1,1,FE640MX,FE640MX
2025-07-26_11-27-29-125_BA543VK-FRA.jpg,BA-543-VK,BA-543-VK,0.9825,1,1,BA543VK,BA543VK
2025-07-26_09-39-16-534_EF472TC-FRA.jpg,EF-472-TC,EF-472-TC,0.9998,1,1,EF472TC,EF472TC
2025-07-26_10-42-53-003_DZ474MG-FRA.jpg,DZ-474-MG,DZ-474-MG,1.0000,1,1,DZ474MG,DZ474MG
2025-07-26_11-16-22-811_BT040JG-FRA.jpg,BT-040-JG,BT-040-JG,0.9901,1,1,BT040JG,BT040JG
2025-07-26_10-47-49-687_GP635LB-FRA.jpg,GP-635-LB,GP-635-LB,0.9969,1,1,GP635LB,GP635LB
2025-07-26_13-07-15-544_FF471JB-FRA.jpg,FF-471-JB,FF-471-JB,1.0000,1,1,FF471JB,FF471JB
2025-07-26_14-27-58-102_EV201BM-FRA.jpg,EV.201.BM,EV.201.BM,0.9298,1,1,EV201BM,EV201BM
2025-07-26_12-01-20-079_AB141KW-FRA.jpg,AB-141-KW,AB-141-KW,1.0000,1,1,AB141KW,AB141KW
2025-07-26_10-31-20-459_FV432ZH-FRA.jpg,FV-432-ZH,FV-432-ZH,0.9940,1,1,FV432ZH,FV432ZH
2025-07-26_16-13-10-815_GV233GJ-FRA.jpg,GV.233-GJ,GV.233-GJ,0.9990,1,1,GV233GJ,GV233GJ
2025-07-26_14-24-16-727_GL472WC-FRA.jpg,GL-472-WC,GL-472-WC,0.9975,1,1,GL472WC,GL472WC
2025-07-26_09-21-46-912_DC767SK-FRA.jpg,DC-767-SK,DC-767-SK,0.9894,1,1,DC767SK,DC767SK
2025-07-26_14-11-01-594_HE576PT-FRA.jpg,HE-576-PT,HE-576-PT,1.0000,1,1,HE576PT,HE576PT
2025-07-26_10-06-46-445_CY701ED-FRA.jpg,CY-701-ED,CY-701-ED,0.9999,1,1,CY701ED,CY701ED
2025-07-26_10-23-28-479_CQ758GD-FRA.jpg,.CQ-758-GD,.CQ-758-GD,0.9998,1,1,CQ758GD,CQ758GD
2025-07-26_12-32-43-631_CE583JL-FRA.jpg,CE-583-JL,CE-583-JL,1.0000,1,1,CE583JL,CE583JL
2025-07-26_09-28-36-122_GY618TW-FRA.jpg,GY-618TW,GY-618TW,0.9902,1,1,GY618TW,GY618TW
2025-07-26_11-39-16-115_DC254TW-FRA.jpg,DC-254-TW,DC-254-TW,1.0000,1,1,DC254TW,DC254TW
2025-07-26_11-46-46-842_GK798NE-FRA.jpg,GK-798-NE,GK-798-NE,1.0000,1,1,GK798NE,GK798NE
2025-07-26_10-17-46-489_AS453TZ-FRA.jpg,AS-453-TZ,AS-453-TZ,0.9999,1,1,AS453TZ,AS453TZ
2025-07-26_13-03-59-552_DS423SZ-FRA.jpg,DS-423-SZ,DS-423-SZ,0.9968,1,1,DS423SZ,DS423SZ
2025-07-26_10-23-05-590_GE640DB-FRA.jpg,GE-640-DB,GE-640-DB,1.0000,1,1,GE640DB,GE640DB
2025-07-26_10-25-04-564_FT011EF-FRA.jpg,FT-011-EF,FT-011-EF,0.9933,1,1,FT011EF,FT011EF
2025-07-26_11-20-43-614_FR425MJ-FRA.jpg,FR-425-MJ,FR-425-MJ,0.9973,1,1,FR425MJ,FR425MJ
2025-07-26_13-12-34-100_BG069YH-FRA.jpg,BG-069-YH,BG-069-YH,0.9997,1,1,BG069YH,BG069YH
2025-07-26_12-01-52-443_FQ747GZ-FRA.jpg,FQ-747-GZ,FQ-747-GZ,0.9954,1,1,FQ747GZ,FQ747GZ
2025-07-26_14-27-40-342_FV163GR-FRA.jpg,FV-163-GR,FV-163-GR,1.0000,1,1,FV163GR,FV163GR
2025-07-26_09-21-42-701_BG766LK-FRA.jpg,BG-766-LK,BG-766-LK,1.0000,1,1,BG766LK,BG766LK
2025-07-26_10-25-49-089_ET245AQ-FRA.jpg,ET-245-AQ,ET-245-AQ,0.9263,1,1,ET245AQ,ET245AQ
2025-07-26_11-42-51-730_CP173TT-FRA.jpg,CP-173-TT.,CP-173-TT.,0.9913,1,1,CP173TT,CP173TT
2025-07-26_16-03-08-671_AN796KJ-FRA.jpg,AN-796-KJ,AN-796-KJ,0.9987,1,1,AN796KJ,AN796KJ
2025-07-26_12-05-04-069_GY504DP-FRA.jpg,GY-504-DP,GY-504-DP,1.0000,1,1,GY504DP,GY504DP
2025-07-26_10-05-13-986_DQ623NR-FRA.jpg,DQ-623-NR,DQ-623-NR,0.9994,1,1,DQ623NR,DQ623NR
2025-07-26_16-42-40-737_FM403SB-FRA.jpg,FM-403-SB,FM-403-SB,1.0000,1,1,FM403SB,FM403SB
2025-07-26_12-30-17-542_HB568SN-FRA.jpg,HB-568-SN.,HB-568-SN.,0.9646,1,1,HB568SN,HB568SN
2025-07-26_12-59-47-983_EY268VH-FRA.jpg,EY-268-VH,EY-268-VH,0.9977,1,1,EY268VH,EY268VH
2025-07-26_13-07-41-672_BB500KR-FRA.jpg,BB-500-KR,BB-500-KR,0.9999,1,1,BB500KR,BB500KR
2025-07-26_10-12-17-894_DW753GW-FRA.jpg,DW-753-GW,DW-753-GW,1.0000,1,1,DW753GW,DW753GW
2025-07-26_11-18-34-523_CT941WR-FRA.jpg,CT-941-WR,CT-941-WR,0.9999,1,1,CT941WR,CT941WR
2025-07-26_12-07-31-400_AX905ZY-FRA.jpg,AX-905-ZY,AX-905-ZY,1.0000,1,1,AX905ZY,AX905ZY
2025-07-26_14-20-09-369_AP206HE-FRA.jpg,AP-206-HE,AP-206-HE,1.0000,1,1,AP206HE,AP206HE
2025-07-26_10-58-16-754_CG894TD-FRA.jpg,CG-894-TD,CG-894-TD,0.9973,1,1,CG894TD,CG894TD
2025-07-26_12-06-52-644_HC114NX-FRA.jpg,HC114NX,HC114NX,0.9998,1,1,HC114NX,HC114NX
2025-07-26_09-32-37-483_EA405MF-FRA.jpg,EA-405-MF.,EA-405-MF.,0.9995,1,1,EA405MF,EA405MF
2025-07-26_14-29-19-047_HE166RV-FRA.jpg,HE-166-RV.,HE-166-RV.,0.9999,1,1,HE166RV,HE166RV
2025-07-26_17-07-52-652_GE360HM-FRA.jpg,GE-360-HM,GE-360-HM,1.0000,1,1,GE360HM,GE360HM
2025-07-26_11-44-24-688_HB255ZA-FRA.jpg,HB-255-ZA,HB-255-ZA,0.9983,1,1,HB255ZA,HB255ZA
2025-07-26_13-01-41-149_EV704ED-FRA.jpg,EV-704-ED,EV-704-ED,1.0000,1,1,EV704ED,EV704ED
2025-07-26_12-59-12-047_FG769DP-FRA.jpg,FG-769-DP,FG-769-DP,1.0000,1,1,FG769DP,FG769DP
2025-07-26_11-58-31-321_DQ669GM-FRA.jpg,DQ-669-GM,DQ-669-GM,1.0000,1,1,DQ669GM,DQ669GM
2025-07-26_18-26-20-880_BF219KQ-FRA.jpg,BF219KQ,BF219KQ,1.0000,1,1,BF219KQ,BF219KQ
2025-07-26_16-12-41-803_BA081VN-FRA.jpg,BA-081-VN,BA-081-VN,1.0000,1,1,BA081VN,BA081VN
2025-07-26_09-35-47-607_FE017QL-FRA.jpg,FE-017-QL.,FE-017-QL.,1.0000,1,1,FE017QL,FE017QL
2025-07-26_11-43-22-314_DX802DH-FRA.jpg,DX.802.DH,DX.802.DH,0.9999,1,1,DX802DH,DX802DH
2025-07-26_09-57-09-725_BA705VR-FRA.jpg,BA-705-VR,BA-705-VR,0.9489,1,1,BA705VR,BA705VR
2025-07-26_16-16-53-670_GV047YA-FRA.jpg,GV-047-YA,GV-047-YA,0.9988,1,1,GV047YA,GV047YA
2025-07-26_13-08-59-854_AQ019LX-FRA.jpg,AQ-019-LX,AQ-019-LX,0.9999,1,1,AQ019LX,AQ019LX
2025-07-26_16-39-39-075_GW909QW-FRA.jpg,GW-909-QW,GW-909-QW,0.9613,1,1,GW909QW,GW909QW
2025-07-26_10-27-57-918_DH293JH-FRA.jpg,DH-293-JH,DH-293-JH,0.9946,1,1,DH293JH,DH293JH
2025-07-26_11-44-08-080_FM775FM-FRA.jpg,FM-775-FM,FM-775-FM,0.9994,1,1,FM775FM,FM775FM
2025-07-26_14-41-13-891_BX225MY-FRA.jpg,BX-225-MY.,BX-225-MY.,1.0000,1,1,BX225MY,BX225MY
2025-07-26_11-24-54-666_GX497EV-FRA.jpg,GX-497-EV,GX-497-EV,1.0000,1,1,GX497EV,GX497EV
2025-07-26_10-25-54-641_FP397FS-FRA.jpg,FP.397.FS,FP.397.FS,0.9999,1,1,FP397FS,FP397FS
2025-07-26_12-41-13-157_AX085GT-FRA.jpg,AX-085-GT,AX-085-GT,0.9981,1,1,AX085GT,AX085GT
2025-07-26_10-29-35-787_WW074GV-FRA.jpg,WW-074-GV,WW-074-GV,0.9975,1,1,WW074GV,WW074GV
2025-07-26_10-13-25-122_EV155JR-FRA.jpg,EV-155-JR,EV-155-JR,0.9999,1,1,EV155JR,EV155JR
2025-07-26_14-18-21-433_BS185VA-FRA.jpg,BS-185-VA,BS-185-VA,0.9993,1,1,BS185VA,BS185VA
2025-07-26_09-31-42-933_GL133SJ-FRA.jpg,GL-133-SJ,GL-133-SJ,0.9990,1,1,GL133SJ,GL133SJ
2025-07-26_09-13-13-147_GL002AR-FRA.jpg,GL-002-AR,GL-002-AR,0.9499,1,1,GL002AR,GL002AR
2025-07-26_11-45-25-905_GC906CM-FRA.jpg,GC-906-CM,GC-906-CM,0.9999,1,1,GC906CM,GC906CM
2025-07-26_09-18-26-368_BQ477WP-FRA.jpg,BQ477WP,BQ477WP,0.9380,1,1,BQ477WP,BQ477WP
2025-07-26_13-24-28-893_CJ657ZW-FRA.jpg,CJ-657-ZW,CJ-657-ZW,0.9609,1,1,CJ657ZW,CJ657ZW
2025-07-26_12-02-38-745_GS097NM-FRA.jpg,GS.097.NM,GS.097.NM,1.0000,1,1,GS097NM,GS097NM
2025-07-26_15-37-31-667_EV535QW-FRA.jpg,EV-535-QW,EV-535-QW,1.0000,1,1,EV535QW,EV535QW
2025-07-26_10-55-38-908_BF874KZ-FRA.jpg,BF-874-KZ,BF-874-KZ,0.9994,1,1,BF874KZ,BF874KZ
2025-07-26_15-23-16-226_EW732EE-FRA.jpg,EW-732-EE,EW-732-EE,0.9980,1,1,EW732EE,EW732EE
2025-07-26_16-19-38-354_FT138WL-FRA.jpg,FT.138WL,FT.138WL,0.9999,1,1,FT138WL,FT138WL
2025-07-26_10-28-51-696_AV953YR-FRA.jpg,AV-953-YR,AV-953-YR,0.9999,1,1,AV953YR,AV953YR
2025-07-26_11-45-42-281_CA852QF-FRA.jpg,CA-852-QF,CA-852-QF,0.9999,1,1,CA852QF,CA852QF
2025-07-26_12-42-03-722_AP646NY-FRA.jpg,AP-646-NY,AP-646-NY,0.9868,1,1,AP646NY,AP646NY
2025-07-26_14-20-11-313_HA927MP-FRA.jpg,HA-927-MP,HA-927-MP,1.0000,1,1,HA927MP,HA927MP
2025-07-26_12-15-27-309_GJ412QX-FRA.jpg,GJ-412-QX.,GJ-412-QX.,0.9983,1,1,GJ412QX,GJ412QX
2025-07-26_12-49-57-491_GQ893QY-FRA.jpg,GQ-893-QY,GQ-893-QY,0.9806,1,1,GQ893QY,GQ893QY
2025-07-26_16-42-02-594_GW456EP-FRA.jpg,GW-456-EP,GW-456-EP,0.9998,1,1,GW456EP,GW456EP
2025-07-26_14-26-42-133_CR718ZS-FRA.jpg,CR-718-ZS,CR-718-ZS,0.9999,1,1,CR718ZS,CR718ZS
2025-07-26_18-01-20-924_AY082YR-FRA.jpg,AY-082-YR,AY-082-YR,0.9996,1,1,AY082YR,AY082YR
2025-07-26_12-51-56-972_FX166HQ-FRA.jpg,FX-166-HQ,FX-166-HQ,0.9559,1,1,FX166HQ,FX166HQ
2025-07-26_11-29-59-994_GA331YR-FRA.jpg,GA-331-YR,GA-331-YR,0.9837,1,1,GA331YR,GA331YR
2025-07-26_12-39-12-926_EP169HL-FRA.jpg,EP-169-HL.,EP-169-HL.,1.0000,1,1,EP169HL,EP169HL
2025-07-26_14-27-25-540_HD955VH-FRA.jpg,HD-955-VH,HD-955-VH,1.0000,1,1,HD955VH,HD955VH
2025-07-26_12-27-42-451_EB004FB-FRA.jpg,EB-004-FB,EB-004-FB,1.0000,1,1,EB004FB,EB004FB
2025-07-26_17-15-10-200_GT577LE-FRA.jpg,GT-577-LE,GT-577-LE,0.9998,1,1,GT577LE,GT577LE
2025-07-26_12-10-57-304_EQ330QR-FRA.jpg,EQ-330-QR,EQ-330-QR,1.0000,1,1,EQ330QR,EQ330QR
2025-07-26_11-45-23-560_FH653ER-FRA.jpg,FH-653-ER,FH-653-ER,0.9580,1,1,FH653ER,FH653ER
2025-07-26_17-32-54-230_GN684RE-FRA.jpg,GN-684-RE.,GN-684-RE.,0.9991,1,1,GN684RE,GN684RE
2025-07-26_09-31-08-884_BY419BK-FRA.jpg,BY-419-BK,BY-419-BK,0.9675,1,1,BY419BK,BY419BK
2025-07-26_10-05-50-119_DL854EY-FRA.jpg,DL-854-EY,DL-854-EY,0.9999,1,1,DL854EY,DL854EY
2025-07-26_10-55-54-688_FZ690VD-FRA.jpg,FZ-690-VD,FZ-690-VD,1.0000,1,1,FZ690VD,FZ690VD
2025-07-26_13-05-22-892_GR942XW-FRA.jpg,GR-942-XW,GR-942-XW,0.9548,1,1,GR942XW,GR942XW
2025-07-26_12-21-14-290_CS487SJ-FRA.jpg,CS-487-SJ,CS-487-SJ,0.9999,1,1,CS487SJ,CS487SJ
2025-07-26_10-26-25-437_DM123LA-FRA.jpg,DM-123-LA,DM-123-LA,0.9470,1,1,DM123LA,DM123LA
2025-07-26_11-38-42-473_EV806ZY-FRA.jpg,EV-806-ZY,EV-806-ZY,0.9447,1,1,EV806ZY,EV806ZY
2025-07-26_11-24-48-242_GP513WR-FRA.jpg,GP-513-WR,GP-513-WR,1.0000,1,1,GP513WR,GP513WR
2025-07-26_10-14-19-813_BC006TQ-FRA.jpg,BC-006-TQ,BC-006-TQ,0.9997,1,1,BC006TQ,BC006TQ
2025-07-26_09-21-12-136_DT188EK-FRA.jpg,DT-188-EK,DT-188-EK,0.9999,1,1,DT188EK,DT188EK
2025-07-26_10-36-52-664_DL066SE-FRA.jpg,DL-066-SE,DL-066-SE,1.0000,1,1,DL066SE,DL066SE
2025-07-26_11-43-09-846_DM831XH-FRA.jpg,DM.831.XH,DM.831.XH,1.0000,1,1,DM831XH,DM831XH
2025-07-26_15-22-36-659_EG755DF-FRA.jpg,EG-755-DF,EG-755-DF,0.9995,1,1,EG755DF,EG755DF
2025-07-26_12-37-49-766_EV514SE-FRA.jpg,EV-514-SE,EV-514-SE,0.9996,1,1,EV514SE,EV514SE
2025-07-26_11-44-17-501_GC359PX-FRA.jpg,GC-359-PX,GC-359-PX,1.0000,1,1,GC359PX,GC359PX
2025-07-26_10-33-02-863_GH002DT-FRA.jpg,GH-002-DT.,GH-002-DT.,0.9999,1,1,GH002DT,GH002DT
2025-07-26_17-42-17-719_FH380KM-FRA.jpg,FH-380-KM,FH-380-KM,0.9871,1,1,FH380KM,FH380KM
2025-07-26_16-09-11-154_CG960ZW-FRA.jpg,CG-960-ZW,CG-960-ZW,0.9998,1,1,CG960ZW,CG960ZW
2025-07-26_13-21-48-996_HB214JW-FRA.jpg,HB-214-JW,HB-214-JW,0.9989,1,1,HB214JW,HB214JW
2025-07-26_17-22-16-070_ED401MT-FRA.jpg,ED-401MT,ED-401MT,1.0000,1,1,ED401MT,ED401MT
2025-07-26_09-45-27-513_HC339PX-FRA.jpg,HC-339-PX,HC-339-PX,1.0000,1,1,HC339PX,HC339PX
2025-07-26_10-15-43-555_FE952AQ-FRA.jpg,FE.952-AQ,FE.952-AQ,0.9773,1,1,FE952AQ,FE952AQ
2025-07-26_12-22-31-464_EB484HP-FRA.jpg,EB-484-HP,EB-484-HP,0.9780,1,1,EB484HP,EB484HP
2025-07-26_13-19-36-410_BZ139BX-FRA.jpg,BZ-139-BX,BZ-139-BX,0.9740,1,1,BZ139BX,BZ139BX
2025-07-26_15-22-06-771_AN492QE-FRA.jpg,AN492-QE,AN492-QE,0.9999,1,1,AN492QE,AN492QE
2025-07-26_09-21-33-250_DR784RZ-FRA.jpg,DR-784-RZ,DR-784-RZ,0.9825,1,1,DR784RZ,DR784RZ
2025-07-26_18-10-53-322_ER163LP-FRA.jpg,ER.163LP,ER.163LP,0.9838,1,1,ER163LP,ER163LP
2025-07-26_13-15-46-413_DZ847SD-FRA.jpg,DZ-847-SD,DZ-847-SD,0.9350,1,1,DZ847SD,DZ847SD
2025-07-26_13-25-12-198_EB677RA-FRA.jpg,EB-677-RA,EB-677-RA,1.0000,1,1,EB677RA,EB677RA
2025-07-26_18-00-49-417_BR257RP-FRA.jpg,BR-257-RP,BR-257-RP,1.0000,1,1,BR257RP,BR257RP
2025-07-26_13-42-49-147_CW544EM-FRA.jpg,CW-544-EM,CW-544-EM,0.9800,1,1,CW544EM,CW544EM
2025-07-26_11-06-19-577_EV604CC-ITA.jpg,EV-604-CC,EV-604-CC,0.9961,1,1,EV604CC,EV604CC
2025-07-26_18-20-50-563_DK685BD-FRA.jpg,DK-685-BD,DK-685-BD,0.9463,1,1,DK685BD,DK685BD
2025-07-26_10-38-02-106_FN394NT-FRA.jpg,FN-394-NT.,FN-394-NT.,1.0000,1,1,FN394NT,FN394NT
2025-07-26_11-14-24-436_FM956XG-FRA.jpg,FM-956-XG,FM-956-XG,0.9558,1,1,FM956XG,FM956XG
2025-07-26_09-49-22-278_FT667GN-FRA.jpg,FT.667.GN,FT.667.GN,0.9991,1,1,FT667GN,FT667GN
2025-07-26_10-01-34-133_EP191FZ-FRA.jpg,EP-191-FZ.,EP-191-FZ.,1.0000,1,1,EP191FZ,EP191FZ
2025-07-26_18-05-58-883_FN771HH-ITA.jpg,FN.771.HH,FN.771.HH,0.9995,1,1,FN771HH,FN771HH
2025-07-26_15-59-19-156_AT879RZ-FRA.jpg,AT-879-RZ,AT-879-RZ,1.0000,1,1,AT879RZ,AT879RZ
2025-07-26_16-56-10-688_GR089NF-FRA.jpg,GR089NF,GR089NF,0.9947,1,1,GR089NF,GR089NF
2025-07-26_17-29-46-051_CE345XZ-FRA.jpg,CE-345-XZ,CE-345-XZ,0.9999,1,1,CE345XZ,CE345XZ
2025-07-26_14-38-31-542_FY523VY-FRA.jpg,FY-523-VY.,FY-523-VY.,1.0000,1,1,FY523VY,FY523VY
2025-07-26_13-53-36-130_CP781JN-FRA.jpg,CP-781-JN,CP-781-JN,0.9994,1,1,CP781JN,CP781JN
2025-07-26_10-09-58-069_GV652SG-FRA.jpg,GV-652-SG,GV-652-SG,1.0000,1,1,GV652SG,GV652SG
2025-07-26_14-54-59-971_BH918RL-FRA.jpg,BH-918-RL,BH-918-RL,0.9937,1,1,BH918RL,BH918RL
2025-07-26_09-25-45-669_EX035YL-FRA.jpg,EX.035.YL,EX.035.YL,1.0000,1,1,EX035YL,EX035YL
2025-07-26_09-32-18-674_HA151YY-FRA.jpg,HA-151-YY,HA-151-YY,0.9720,1,1,HA151YY,HA151YY
2025-07-26_12-55-38-598_FZ068EA-FRA.jpg,FZ-068-EA,FZ-068-EA,0.9999,1,1,FZ068EA,FZ068EA
2025-07-26_09-30-35-061_HB040YV-FRA.jpg,HB040-YV,HB040-YV,0.9380,1,1,HB040YV,HB040YV
2025-07-26_16-48-47-807_DR239WR-FRA.jpg,DR-239-WR,DR-239-WR,0.9260,1,1,DR239WR,DR239WR
2025-07-26_11-05-45-693_CT354VC-FRA.jpg,CT-354-VC,CT-354-VC,0.9997,1,1,CT354VC,CT354VC
2025-07-26_09-59-28-695_AW802EH-FRA.jpg,AW-802-EH,AW-802-EH,0.9999,1,1,AW802EH,AW802EH
2025-07-26_10-55-53-774_GK583BG-FRA.jpg,GK-583-BG,GK-583-BG,0.9999,1,1,GK583BG,GK583BG
2025-07-26_12-08-01-084_CM138HQ-FRA.jpg,CM-138-HQ,CM-138-HQ,1.0000,1,1,CM138HQ,CM138HQ
2025-07-26_14-27-39-214_FC383VK-FRA.jpg,FC-383-VK,FC-383-VK,0.9899,1,1,FC383VK,FC383VK
2025-07-26_12-52-56-036_AY810RY-FRA.jpg,AY-810-RY,AY-810-RY,0.9252,1,1,AY810RY,AY810RY
2025-07-26_16-36-17-152_AC502FC-FRA.jpg,AC-502-FC,AC-502-FC,0.9984,1,1,AC502FC,AC502FC
2025-07-26_16-38-58-357_DP162AE-FRA.jpg,DP-162-AE,DP-162-AE,0.9999,1,1,DP162AE,DP162AE
2025-07-26_12-05-05-651_GY504DP-FRA.jpg,GY-504-DP,GY-504-DP,0.9992,1,1,GY504DP,GY504DP
2025-07-26_16-19-44-719_CJ934LL-FRA.jpg,CJ-934-LL,CJ-934-LL,0.9996,1,1,CJ934LL,CJ934LL
2025-07-26_12-41-33-082_GT020GC-FRA.jpg,GT-020-GC,GT-020-GC,0.9991,1,1,GT020GC,GT020GC
2025-07-26_11-43-11-599_EH924AN-FRA.jpg,EH.924.AN.,EH.924.AN.,0.9997,1,1,EH924AN,EH924AN
2025-07-26_16-39-43-261_FB297BM-FRA.jpg,FB-297-BM,FB-297-BM,0.9999,1,1,FB297BM,FB297BM
2025-07-26_10-59-35-845_CH431FM-FRA.jpg,CH-431.FM,CH-431.FM,0.9999,1,1,CH431FM,CH431FM
2025-07-26_10-52-11-267_EE067EK-FRA.jpg,EE-067-EK,EE-067-EK,1.0000,1,1,EE067EK,EE067EK
2025-07-26_11-43-07-775_DM831XH-FRA.jpg,DM-831.XH,DM-831.XH,0.9814,1,1,DM831XH,DM831XH
2025-07-26_13-05-24-871_BE406YB-FRA.jpg,BE-406-YB,BE-406-YB,1.0000,1,1,BE406YB,BE406YB
2025-07-26_09-20-00-920_DA819YM-FRA.jpg,DA.819YM,DA.819YM,0.9993,1,1,DA819YM,DA819YM
2025-07-26_16-29-40-107_DX504RY-FRA.jpg,DX-504-RY,DX-504-RY,0.9952,1,1,DX504RY,DX504RY
2025-07-26_14-57-45-055_CZ494HR-FRA.jpg,CZ-494-HR,CZ-494-HR,1.0000,1,1,CZ494HR,CZ494HR
2025-07-26_14-11-39-907_HD686BL-FRA.jpg,HD-686-BL,HD-686-BL,0.9991,1,1,HD686BL,HD686BL
2025-07-26_15-44-55-886_AQ802GX-FRA.jpg,AQ-802-GX,AQ-802-GX,0.9998,1,1,AQ802GX,AQ802GX
2025-07-26_16-42-42-819_FX585YB-FRA.jpg,FX-585-YB,FX-585-YB,1.0000,1,1,FX585YB,FX585YB
2025-07-26_10-18-27-898_ED413FE-FRA.jpg,ED-413-FE,ED-413-FE,0.9999,1,1,ED413FE,ED413FE
2025-07-26_09-14-33-684_GP498BW-FRA.jpg,GP-498-BW,GP-498-BW,0.9983,1,1,GP498BW,GP498BW
2025-07-26_12-26-08-145_DA647EL-FRA.jpg,DA-647-EL.,DA-647-EL.,0.9995,1,1,DA647EL,DA647EL
2025-07-26_11-24-45-190_GN579NB-FRA.jpg,GN-579-NB,GN-579-NB,0.9834,1,1,GN579NB,GN579NB
2025-07-26_12-04-54-662_GB958ZJ-FRA.jpg,GB.958.ZJ,GB.958.ZJ,0.9999,1,1,GB958ZJ,GB958ZJ
2025-07-26_11-12-57-290_DB424GJ-FRA.jpg,DB-424-GJ,DB-424-GJ,0.9674,1,1,DB424GJ,DB424GJ
2025-07-26_11-47-35-647_EW511CA-FRA.jpg,EW-511-CA,EW-511-CA,0.9999,1,1,EW511CA,EW511CA
2025-07-26_12-17-52-892_BC979BG-FRA.jpg,BC-979-BG,BC-979-BG,1.0000,1,1,BC979BG,BC979BG
2025-07-26_14-16-18-923_EK499CN-FRA.jpg,EK-499-CN,EK-499-CN,1.0000,1,1,EK499CN,EK499CN
2025-07-26_15-20-23-758_BT168LK-FRA.jpg,BT-168-LK,BT-168-LK,0.9999,1,1,BT168LK,BT168LK
2025-07-26_18-00-03-036_FV259KQ-FRA.jpg,FV-259-KQ,FV-259-KQ,0.9999,1,1,FV259KQ,FV259KQ
2025-07-26_16-38-27-428_FV957FD-FRA.jpg,FV-957-FD,FV-957-FD,0.9999,1,1,FV957FD,FV957FD
2025-07-26_11-57-44-935_CD206KT-FRA.jpg,CD-206-KT,CD-206-KT,0.9999,1,1,CD206KT,CD206KT
2025-07-26_15-20-00-164_BZ944AD-FRA.jpg,BZ-944-AD,BZ-944-AD,0.9991,1,1,BZ944AD,BZ944AD
2025-07-26_12-11-25-633_GG170TT-FRA.jpg,GG-170-TT,GG-170-TT,0.9983,1,1,GG170TT,GG170TT
2025-07-26_12-44-12-328_CQ207PS-FRA.jpg,CQ-207-PS,CQ-207-PS,0.9987,1,1,CQ207PS,CQ207PS
2025-07-26_10-32-12-594_FQ328TL-FRA.jpg,FQ-328-TL,FQ-328-TL,0.9450,1,1,FQ328TL,FQ328TL
2025-07-26_10-12-28-201_BW190BB-FRA.jpg,BW-190-BB,BW-190-BB,1.0000,1,1,BW190BB,BW190BB
2025-07-26_13-13-02-296_CE114JL-FRA.jpg,CE-114-JL,CE-114-JL,0.9850,1,1,CE114JL,CE114JL
2025-07-26_12-08-54-469_EZ985LA-FRA.jpg,EZ-985-LA,EZ-985-LA,0.9997,1,1,EZ985LA,EZ985LA
2025-07-26_09-14-19-038_FM387WH-FRA.jpg,FM387WH,FM387WH,1.0000,1,1,FM387WH,FM387WH
2025-07-26_10-54-45-290_FS510KH-FRA.jpg,FS-510-KH,FS-510-KH,0.9999,1,1,FS510KH,FS510KH
2025-07-26_13-23-05-994_FQ033XA-FRA.jpg,FQ-033-XA,FQ-033-XA,0.9637,1,1,FQ033XA,FQ033XA
2025-07-26_12-07-10-349_AB793JE-FRA.jpg,AB-793-JE,AB-793-JE,1.0000,1,1,AB793JE,AB793JE
2025-07-26_10-37-19-868_EP277MG-FRA.jpg,EP-277-MG,EP-277-MG,0.9996,1,1,EP277MG,EP277MG
2025-07-26_09-26-59-896_BX376FM-FRA.jpg,BX-376-FM,BX-376-FM,0.9539,1,1,BX376FM,BX376FM
2025-07-26_10-08-52-286_EK440FJ-FRA.jpg,EK-440-FJ,EK-440-FJ,0.9999,1,1,EK440FJ,EK440FJ
2025-07-26_10-08-26-390_HB588CC-FRA.jpg,HB-588-CC,HB-588-CC,0.9996,1,1,HB588CC,HB588CC
2025-07-26_12-39-31-206_CK256NM-FRA.jpg,CK-256-NM.,CK-256-NM.,0.9998,1,1,CK256NM,CK256NM
2025-07-26_12-54-30-826_FZ373PA-FRA.jpg,FZ-373-PA,FZ-373-PA,1.0000,1,1,FZ373PA,FZ373PA
2025-07-26_12-19-43-643_EX455EA-FRA.jpg,EX-455-EA,EX-455-EA,0.9914,1,1,EX455EA,EX455EA
2025-07-26_09-20-51-436_GA305BR-FRA.jpg,GA-305-BR,GA-305-BR,1.0000,1,1,GA305BR,GA305BR
2025-07-26_09-24-11-538_EN163GM-FRA.jpg,EN-163-GM,EN-163-GM,1.0000,1,1,EN163GM,EN163GM
2025-07-26_16-45-54-684_EQ969VB-FRA.jpg,EQ.969.VB,EQ.969.VB,0.9820,1,1,EQ969VB,EQ969VB
2025-07-26_16-15-51-459_BW136YP-FRA.jpg,BW-136-YP,BW-136-YP,0.9999,1,1,BW136YP,BW136YP
2025-07-26_10-28-52-972_BM095CB-FRA.jpg,BM-095-CB,BM-095-CB,0.9998,1,1,BM095CB,BM095CB
2025-07-26_12-12-45-073_DL436QA-FRA.jpg,DL-436-QA,DL-436-QA,1.0000,1,1,DL436QA,DL436QA
2025-07-26_16-39-04-451_DL811RB-FRA.jpg,DL-811-RB,DL-811-RB,0.9988,1,1,DL811RB,DL811RB
2025-07-26_10-32-45-313_AD412RS-FRA.jpg,AD-412-RS,AD-412-RS,1.0000,1,1,AD412RS,AD412RS
2025-07-26_10-58-05-895_FJ742CC-FRA.jpg,FJ-742-CC,FJ-742-CC,0.9807,1,1,FJ742CC,FJ742CC
2025-07-26_10-46-19-033_GZ301QQ-FRA.jpg,GZ-301-QQ,GZ-301-QQ,0.9894,1,1,GZ301QQ,GZ301QQ
2025-07-26_14-20-12-596_BH305QD-FRA.jpg,BH-305-QD,BH-305-QD,0.9799,1,1,BH305QD,BH305QD
2025-07-26_17-10-38-380_GR702HX-FRA.jpg,GR-702-HX,GR-702-HX,0.9986,1,1,GR702HX,GR702HX
2025-07-26_14-31-42-706_DS005MJ-FRA.jpg,DS-005-MJ,DS-005-MJ,0.9999,1,1,DS005MJ,DS005MJ
2025-07-26_11-19-48-187_FH261VW-FRA.jpg,FH-261-VW,FH-261-VW,0.9781,1,1,FH261VW,FH261VW
2025-07-26_17-33-44-752_GD323QR-FRA.jpg,GD-323-QR,GD-323-QR,0.9631,1,1,GD323QR,GD323QR
2025-07-26_10-47-55-618_FA119YF-FRA.jpg,FA-119-YF,FA-119-YF,0.9999,1,1,FA119YF,FA119YF
2025-07-26_10-00-01-010_AC996YJ-FRA.jpg,AC-996-YJ,AC-996-YJ,0.9709,1,1,AC996YJ,AC996YJ
2025-07-26_12-43-29-597_DC290YJ-FRA.jpg,DC-290-YJ,DC-290-YJ,1.0000,1,1,DC290YJ,DC290YJ
2025-07-26_17-26-46-014_FW367FE-FRA.jpg,FW-367-FE,FW-367-FE,1.0000,1,1,FW367FE,FW367FE
2025-07-26_09-21-10-135_BQ774CD-FRA.jpg,BQ-774-CD,BQ-774-CD,0.9581,1,1,BQ774CD,BQ774CD
2025-07-26_10-08-10-111_BJ570YC-FRA.jpg,BJ-570-YC,BJ-570-YC,0.9980,1,1,BJ570YC,BJ570YC
2025-07-26_11-44-10-041_AW563DZ-FRA.jpg,AW-563-DZ,AW-563-DZ,0.9999,1,1,AW563DZ,AW563DZ
2025-07-26_12-34-04-317_AX745ST-FRA.jpg,AX-745-ST,AX-745-ST,1.0000,1,1,AX745ST,AX745ST
2025-07-26_12-59-17-932_GT226DB-FRA.jpg,GT-226-DB,GT-226-DB,0.9991,1,1,GT226DB,GT226DB
2025-07-26_09-48-35-815_AJ865FL-FRA.jpg,AJ-865-FL,AJ-865-FL,0.9494,1,1,AJ865FL,AJ865FL
2025-07-26_13-57-06-891_FA684ZV-FRA.jpg,FA-684-ZV,FA-684-ZV,0.9994,1,1,FA684ZV,FA684ZV
2025-07-26_11-42-44-038_ES721NA-FRA.jpg,ES-721-NA,ES-721-NA,0.9449,1,1,ES721NA,ES721NA
2025-07-26_12-37-51-972_BD475PL-FRA.jpg,BD-475-PL.,BD-475-PL.,0.9888,1,1,BD475PL,BD475PL
2025-07-26_11-55-52-654_BK824LS-FRA.jpg,BK-824-LS,BK-824-LS,0.9999,1,1,BK824LS,BK824LS
2025-07-26_11-36-55-891_GB521GA-FRA.jpg,GB-521-GA,GB-521-GA,0.9999,1,1,GB521GA,GB521GA
2025-07-26_12-50-18-920_GZ670DT-FRA.jpg,GZ-670-DT.,GZ-670-DT.,0.9993,1,1,GZ670DT,GZ670DT
2025-07-26_18-04-48-877_WW663GF-FRA.jpg,WW-663-GF,WW-663-GF,0.9999,1,1,WW663GF,WW663GF
2025-07-26_14-11-11-620_FN948CQ-FRA.jpg,FN-948-CQ,FN-948-CQ,1.0000,1,1,FN948CQ,FN948CQ
2025-07-26_17-26-56-503_HA548PP-FRA.jpg,HA-548-PP,HA-548-PP,1.0000,1,1,HA548PP,HA548PP
2025-07-26_09-51-22-088_BQ991NK-FRA.jpg,BQ-991-NK.,BQ-991-NK.,0.9999,1,1,BQ991NK,BQ991NK
2025-07-26_14-12-57-875_GD295VC-FRA.jpg,GD-295-VC,GD-295-VC,0.9968,1,1,GD295VC,GD295VC
2025-07-26_09-03-06-457_GW354CS-FRA.jpg,GW354CS,GW354CS,1.0000,1,1,GW354CS,GW354CS
2025-07-26_09-11-02-392_HC388TS-FRA.jpg,HC-388-TS,HC-388-TS,1.0000,1,1,HC388TS,HC388TS
2025-07-26_10-38-00-022_FN394NT-FRA.jpg,FN-394-NT,FN-394-NT,1.0000,1,1,FN394NT,FN394NT
2025-07-26_09-10-25-955_AZ126DS-FRA.jpg,AZ-126-DS,AZ-126-DS,1.0000,1,1,AZ126DS,AZ126DS
2025-07-26_10-01-59-940_AS459RC-FRA.jpg,AS.459.RC.,AS.459.RC.,0.9985,1,1,AS459RC,AS459RC
2025-07-26_16-15-30-596_GE695FA-FRA.jpg,GE-695-FA,GE-695-FA,0.9958,1,1,GE695FA,GE695FA
2025-07-26_14-12-39-417_FG664PK-FRA.jpg,FG-664-PK,FG-664-PK,1.0000,1,1,FG664PK,FG664PK
2025-07-26_16-51-48-486_CG129VC-FRA.jpg,CG-129-VC,CG-129-VC,0.9953,1,1,CG129VC,CG129VC
2025-07-26_12-53-51-123_CQ859VR-FRA.jpg,CQ-859-VR,CQ-859-VR,0.9993,1,1,CQ859VR,CQ859VR
2025-07-26_12-39-32-506_FB787PY-FRA.jpg,FB-787-PY,FB-787-PY,1.0000,1,1,FB787PY,FB787PY
2025-07-26_10-22-30-864_GC358NG-FRA.jpg,GC-358-NG,GC-358-NG,0.9993,1,1,GC358NG,GC358NG
2025-07-26_10-43-33-599_FM323VS-FRA.jpg,FM.323.VS,FM.323.VS,1.0000,1,1,FM323VS,FM323VS
2025-07-26_12-40-00-899_FC302KG-FRA.jpg,FC-302-KG,FC-302-KG,0.9995,1,1,FC302KG,FC302KG
2025-07-26_12-06-05-499_HE040DE-FRA.jpg,HE-040.DE,HE-040.DE,0.9718,1,1,HE040DE,HE040DE
2025-07-26_10-03-22-475_FK601GZ-FRA.jpg,FK-601-GZ,FK-601-GZ,0.9876,1,1,FK601GZ,FK601GZ
2025-07-26_17-09-56-142_ES639LM-FRA.jpg,ES-639-LM,ES-639-LM,0.9990,1,1,ES639LM,ES639LM
2025-07-26_13-09-13-019_DB623SH-FRA.jpg,DB-623-SH,DB-623-SH,1.0000,1,1,DB623SH,DB623SH
2025-07-26_10-02-44-678_FP503AX-FRA.jpg,FP-503-AX,FP-503-AX,1.0000,1,1,FP503AX,FP503AX
2025-07-26_14-14-31-150_GS239XF-FRA.jpg,GS-239-XF,GS-239-XF,1.0000,1,1,GS239XF,GS239XF
2025-07-26_10-31-43-269_HB464VE-FRA.jpg,HB-464-VE,HB-464-VE,0.9962,1,1,HB464VE,HB464VE
2025-07-26_12-32-13-735_GN441KY-FRA.jpg,GN-441-KY,GN-441-KY,0.9999,1,1,GN441KY,GN441KY
2025-07-26_11-19-49-789_AJ760ZV-FRA.jpg,AJ-760-ZV,AJ-760-ZV,1.0000,1,1,AJ760ZV,AJ760ZV
2025-07-26_16-47-20-873_AS709KG-FRA.jpg,AS-709-KG,AS-709-KG,1.0000,1,1,AS709KG,AS709KG
2025-07-26_10-22-16-789_HD681PE-FRA.jpg,HD-681-PE,HD-681-PE,0.9811,1,1,HD681PE,HD681PE
2025-07-26_12-45-43-278_GW454QY-FRA.jpg,GW-454-QY,GW-454-QY,0.9739,1,1,GW454QY,GW454QY
2025-07-26_12-41-15-987_BR186NW-FRA.jpg,BR-186-NW,BR-186-NW,1.0000,1,1,BR186NW,BR186NW
2025-07-26_13-55-26-547_GW169QG-FRA.jpg,GW-169-QG,GW-169-QG,1.0000,1,1,GW169QG,GW169QG
2025-07-26_14-25-21-101_EW062DR-FRA.jpg,EW-062-DR,EW-062-DR,0.9999,1,1,EW062DR,EW062DR
2025-07-26_12-45-50-238_GK081PN-FRA.jpg,GK-081-PN,GK-081-PN,0.9789,1,1,GK081PN,GK081PN
2025-07-26_11-28-27-946_AM245QN-FRA.jpg,AM-245-QN,AM-245-QN,0.9999,1,1,AM245QN,AM245QN
2025-07-26_13-20-08-803_GT774GJ-FRA.jpg,GT-774-GJ,GT-774-GJ,0.9999,1,1,GT774GJ,GT774GJ
2025-07-26_11-11-38-642_DE623AW-FRA.jpg,DE-623-AW,DE-623-AW,0.9586,1,1,DE623AW,DE623AW
2025-07-26_09-21-56-675_GQ850WN-FRA.jpg,GQ850.WN,GQ850.WN,0.9979,1,1,GQ850WN,GQ850WN
2025-07-26_10-07-04-497_DY633QF-FRA.jpg,DY-633-QF,DY-633-QF,0.9999,1,1,DY633QF,DY633QF
2025-07-26_09-56-14-234_BW620JV-FRA.jpg,BW-620-JV,BW-620-JV,0.9790,1,1,BW620JV,BW620JV
2025-07-26_16-39-26-696_EY129XK-FRA.jpg,EY-129-XK,EY-129-XK,0.9914,1,1,EY129XK,EY129XK
2025-07-26_13-10-12-415_FF309HW-FRA.jpg,FF-309-HW,FF-309-HW,0.9999,1,1,FF309HW,FF309HW
2025-07-26_12-21-20-124_EV635HV-FRA.jpg,EV-635-HV,EV-635-HV,0.9990,1,1,EV635HV,EV635HV
2025-07-26_09-51-35-591_GD605CQ-FRA.jpg,GD-605-CQ,GD-605-CQ,0.9826,1,1,GD605CQ,GD605CQ
2025-07-26_11-43-50-935_GG926ZY-FRA.jpg,GG-926-ZY,GG-926-ZY,1.0000,1,1,GG926ZY,GG926ZY
2025-07-26_09-34-07-070_EZ363KM-FRA.jpg,EZ-363-KM,EZ-363-KM,1.0000,1,1,EZ363KM,EZ363KM
2025-07-26_13-07-57-512_AB033HH-FRA.jpg,AB-033-HH,AB-033-HH,0.9988,1,1,AB033HH,AB033HH
2025-07-26_14-47-51-106_CD839AZ-FRA.jpg,CD-839-AZ,CD-839-AZ,0.9998,1,1,CD839AZ,CD839AZ
2025-07-26_09-41-24-958_AQ882GH-FRA.jpg,AQ882-GH,AQ882-GH,1.0000,1,1,AQ882GH,AQ882GH
2025-07-26_11-25-24-291_DD853NV-FRA.jpg,DD-853-NV,DD-853-NV,1.0000,1,1,DD853NV,DD853NV
2025-07-26_10-28-55-718_BM095CB-FRA.jpg,BM.095.CB,BM.095.CB,1.0000,1,1,BM095CB,BM095CB
2025-07-26_09-14-32-192_AJ229WR-FRA.jpg,AJ-229-WR,AJ-229-WR,0.9990,1,1,AJ229WR,AJ229WR
2025-07-26_12-05-14-873_CT504CC-FRA.jpg,CT-504-CC,CT-504-CC,0.9994,1,1,CT504CC,CT504CC
2025-07-26_09-04-00-347_AA274HX-FRA.jpg,AA-274-HX,AA-274-HX,0.9992,1,1,AA274HX,AA274HX
2025-07-26_11-41-55-934_GZ635WM-FRA.jpg,GZ-635-WM,GZ-635-WM,1.0000,1,1,GZ635WM,GZ635WM
2025-07-26_13-05-24-021_GQ005WF-FRA.jpg,GQ-005-WF,GQ-005-WF,0.9998,1,1,GQ005WF,GQ005WF
2025-07-26_12-34-02-462_DQ961YW-FRA.jpg,DQ-961-YW,DQ-961-YW,0.9626,1,1,DQ961YW,DQ961YW
2025-07-26_11-59-17-848_FE872DE-FRA.jpg,FE-872-DE.,FE-872-DE.,1.0000,1,1,FE872DE,FE872DE
2025-07-26_11-04-37-580_GD228FE-FRA.jpg,.GD-228-FE.,.GD-228-FE.,0.9998,1,1,GD228FE,GD228FE
2025-07-26_11-42-59-279_DB297YZ-FRA.jpg,DB-297-YZ,DB-297-YZ,0.9623,1,1,DB297YZ,DB297YZ
2025-07-26_10-03-28-384_CL605DX-FRA.jpg,CL-605-DX,CL-605-DX,1.0000,1,1,CL605DX,CL605DX
2025-07-26_09-26-50-878_DN759WG-FRA.jpg,DN-759-WG,DN-759-WG,0.9999,1,1,DN759WG,DN759WG
2025-07-26_09-55-55-108_HE763DK-FRA.jpg,HE-763-DK,HE-763-DK,0.9999,1,1,HE763DK,HE763DK
2025-07-26_09-20-10-155_CT250PY-FRA.jpg,CT-250-PY,CT-250-PY,1.0000,1,1,CT250PY,CT250PY
2025-07-26_18-27-14-641_FK711DN-FRA.jpg,FK-711-DN,FK-711-DN,0.9999,1,1,FK711DN,FK711DN
2025-07-26_11-47-41-321_AP618JD-FRA.jpg,AP-618-JD,AP-618-JD,0.9987,1,1,AP618JD,AP618JD
2025-07-26_11-10-41-025_EM753ZS-FRA.jpg,EM-753-ZS,EM-753-ZS,1.0000,1,1,EM753ZS,EM753ZS
2025-07-26_10-56-11-501_ET937TY-FRA.jpg,ET-937-TY.,ET-937-TY.,0.9888,1,1,ET937TY,ET937TY
2025-07-26_12-08-52-060_CT265JA-FRA.jpg,CT-265-JA,CT-265-JA,1.0000,1,1,CT265JA,CT265JA
2025-07-26_16-27-19-683_GG085ZJ-FRA.jpg,GG-085-ZJ,GG-085-ZJ,0.9997,1,1,GG085ZJ,GG085ZJ
2025-07-26_11-59-25-241_DD219AJ-FRA.jpg,DD-219-AJ.,DD-219-AJ.,0.9998,1,1,DD219AJ,DD219AJ
2025-07-26_13-13-04-292_BN397SW-FRA.jpg,BN-397-SW,BN-397-SW,0.9999,1,1,BN397SW,BN397SW
2025-07-26_13-08-55-481_AA669BM-FRA.jpg,AA-669-BM,AA-669-BM,0.9708,1,1,AA669BM,AA669BM
2025-07-26_11-19-33-605_GL569GS-FRA.jpg,GL-569-GS,GL-569-GS,0.9993,1,1,GL569GS,GL569GS
2025-07-26_10-09-05-593_DC533BD-FRA.jpg,DC-533-BD,DC-533-BD,1.0000,1,1,DC533BD,DC533BD
2025-07-26_11-13-56-021_DD399ZF-FRA.jpg,DD-399-ZF,DD-399-ZF,0.9971,1,1,DD399ZF,DD399ZF
2025-07-26_12-58-38-047_GB103WD-FRA.jpg,GB-103-WD,GB-103-WD,1.0000,1,1,GB103WD,GB103WD
2025-07-26_09-53-24-227_AT968YL-FRA.jpg,AT-968-YL,AT-968-YL,1.0000,1,1,AT968YL,AT968YL
2025-07-26_11-34-05-284_AB730HM-FRA.jpg,AB-730-HM,AB-730-HM,0.9999,1,1,AB730HM,AB730HM
2025-07-26_09-51-21-594_BG304KK-FRA.jpg,BG-304-KK,BG-304-KK,0.9997,1,1,BG304KK,BG304KK
2025-07-26_12-21-19-418_CD209TA-FRA.jpg,CD-209-TA,CD-209-TA,0.9984,1,1,CD209TA,CD209TA
2025-07-26_14-31-54-896_DZ675VS-FRA.jpg,DZ-675-VS,DZ-675-VS,0.9999,1,1,DZ675VS,DZ675VS
2025-07-26_12-12-09-633_FH537BW-FRA.jpg,FH-537-BW,FH-537-BW,0.9581,1,1,FH537BW,FH537BW
2025-07-26_14-24-31-008_GE647WQ-FRA.jpg,GE-647-WQ,GE-647-WQ,0.9964,1,1,GE647WQ,GE647WQ
2025-07-26_10-58-15-095_CG894TD-FRA.jpg,CG-894-TD,CG-894-TD,0.9997,1,1,CG894TD,CG894TD
2025-07-26_17-02-49-998_EF470PF-FRA.jpg,EF-470-PF,EF-470-PF,0.9998,1,1,EF470PF,EF470PF
2025-07-26_16-09-07-852_AR206ZL-FRA.jpg,AR-206-ZL.,AR-206-ZL.,0.9999,1,1,AR206ZL,AR206ZL
2025-07-26_14-12-54-284_FP498KC-FRA.jpg,FP-498-KC,FP-498-KC,1.0000,1,1,FP498KC,FP498KC
2025-07-26_18-26-33-332_HC778MS-FRA.jpg,HC-778-MS,HC-778-MS,0.9899,1,1,HC778MS,HC778MS
2025-07-26_16-39-02-794_GZ809MN-FRA.jpg,GZ-809-MN,GZ-809-MN,0.9999,1,1,GZ809MN,GZ809MN
2025-07-26_12-05-52-673_DB252MP-FRA.jpg,DB.252.MP,DB.252.MP,0.9940,1,1,DB252MP,DB252MP
2025-07-26_12-59-19-821_GT226DB-FRA.jpg,GT-226-DB,GT-226-DB,0.9999,1,1,GT226DB,GT226DB
2025-07-26_12-01-01-961_GL512ZP-FRA.jpg,GL-512-ZP,GL-512-ZP,0.9748,1,1,GL512ZP,GL512ZP
2025-07-26_16-40-24-375_GC780CK-FRA.jpg,GC-780-CK,GC-780-CK,0.9991,1,1,GC780CK,GC780CK
2025-07-26_11-29-30-563_EJ307TG-FRA.jpg,EJ-307-TG,EJ-307-TG,1.0000,1,1,EJ307TG,EJ307TG
2025-07-26_10-21-03-918_GW400AH-FRA.jpg,GW-400-AH,GW-400-AH,0.9922,1,1,GW400AH,GW400AH
2025-07-26_17-09-46-822_EF024RS-FRA.jpg,EF-024-RS,EF-024-RS,1.0000,1,1,EF024RS,EF024RS
2025-07-26_10-28-26-079_CH760AG-FRA.jpg,CH-760AG,CH-760AG,0.9997,1,1,CH760AG,CH760AG
2025-07-26_16-12-34-261_DW409ST-FRA.jpg,DW-409-ST.,DW-409-ST.,0.9806,1,1,DW409ST,DW409ST
2025-07-26_12-38-32-406_EC388JZ-FRA.jpg,EC-388-JZ.,EC-388-JZ.,1.0000,1,1,EC388JZ,EC388JZ
2025-07-26_11-43-46-056_FJ078BM-FRA.jpg,FJ-078-BM,FJ-078-BM,0.9561,1,1,FJ078BM,FJ078BM
2025-07-26_10-23-23-699_GT840ES-FRA.jpg,GT-840-ES,GT-840-ES,0.9998,1,1,GT840ES,GT840ES
2025-07-26_12-11-27-893_AA132GA-FRA.jpg,AA-132-GA,AA-132-GA,0.9999,1,1,AA132GA,AA132GA
2025-07-26_13-17-13-476_FT992QG-FRA.jpg,FT-992-QG,FT-992-QG,0.9871,1,1,FT992QG,FT992QG
2025-07-26_12-21-00-452_BE900FF-FRA.jpg,BE-900-FF,BE-900-FF,0.9997,1,1,BE900FF,BE900FF
2025-07-26_15-31-06-376_BH645ZQ-FRA.jpg,BH-645-ZQ,BH-645-ZQ,0.9999,1,1,BH645ZQ,BH645ZQ
2025-07-26_09-05-01-707_HB559RL-FRA.jpg,HB-559-RL,HB-559-RL,0.9593,1,1,HB559RL,HB559RL
2025-07-26_10-37-04-916_CX412LT-FRA.jpg,CX-412-LT.,CX-412-LT.,0.9942,1,1,CX412LT,CX412LT
2025-07-26_14-47-38-449_BM636AC-FRA.jpg,BM-636-AC,BM-636-AC,1.0000,1,1,BM636AC,BM636AC
2025-07-26_09-23-34-869_FJ903ZH-FRA.jpg,FJ-903-ZH,FJ-903-ZH,0.9826,1,1,FJ903ZH,FJ903ZH
2025-07-26_12-09-42-615_DB788GA-ITA.jpg,DB-788-GA,DB-788-GA,0.9823,1,1,DB788GA,DB788GA
2025-07-26_13-17-44-195_FJ048HK-FRA.jpg,FJ-048-HK,FJ-048-HK,0.9667,1,1,FJ048HK,FJ048HK
2025-07-26_12-53-53-114_GJ645JL-FRA.jpg,GJ-645-JL,GJ-645-JL,0.9576,1,1,GJ645JL,GJ645JL
2025-07-26_13-19-22-302_EJ633EE-FRA.jpg,EJ-633-EE,EJ-633-EE,0.9998,1,1,EJ633EE,EJ633EE
2025-07-26_16-51-47-127_BV736RZ-FRA.jpg,BV-736-RZ.,BV-736-RZ.,1.0000,1,1,BV736RZ,BV736RZ
2025-07-26_16-07-08-432_DY232HP-FRA.jpg,DY-232-HP,DY-232-HP,0.9814,1,1,DY232HP,DY232HP
2025-07-26_10-14-58-508_FH906DJ-FRA.jpg,FH-906-DJ,FH-906-DJ,0.9999,1,1,FH906DJ,FH906DJ
2025-07-26_09-18-25-481_DZ213SX-FRA.jpg,DZ.213SX,DZ.213SX,1.0000,1,1,DZ213SX,DZ213SX
2025-07-26_09-38-56-460_GK891WZ-FRA.jpg,GK-891-WZ,GK-891-WZ,1.0000,1,1,GK891WZ,GK891WZ
2025-07-26_11-09-53-159_HB187ZY-FRA.jpg,HB-187-ZY.,HB-187-ZY.,0.9846,1,1,HB187ZY,HB187ZY
2025-07-26_09-53-42-734_EX079LS-FRA.jpg,EX-079-LS,EX-079-LS,0.9925,1,1,EX079LS,EX079LS
2025-07-26_12-19-46-719_FH187DG-FRA.jpg,FH-187-DG,FH-187-DG,1.0000,1,1,FH187DG,FH187DG
2025-07-26_11-02-24-166_GG818AJ-FRA.jpg,GG818AJ,GG818AJ,1.0000,1,1,GG818AJ,GG818AJ
2025-07-26_13-09-22-954_CK585LN-FRA.jpg,CK-585-LN.,CK-585-LN.,0.9810,1,1,CK585LN,CK585LN
2025-07-26_13-13-24-132_DT595XN-FRA.jpg,DT-595.XN,DT-595.XN,1.0000,1,1,DT595XN,DT595XN
2025-07-26_13-10-10-477_BX051NG-FRA.jpg,BX-051-NG,BX-051-NG,0.9984,1,1,BX051NG,BX051NG
2025-07-26_10-17-26-150_FA132RR-FRA.jpg,FA-132-RR.,FA-132-RR.,0.9998,1,1,FA132RR,FA132RR
2025-07-26_10-30-53-717_EY048DK-FRA.jpg,EY-048-DK,EY-048-DK,0.9932,1,1,EY048DK,EY048DK
2025-07-26_10-21-20-338_GZ347TH-FRA.jpg,GZ-347-TH,GZ-347-TH,1.0000,1,1,GZ347TH,GZ347TH
2025-07-26_10-29-25-480_ED131MZ-FRA.jpg,ED-131-MZ,ED-131-MZ,1.0000,1,1,ED131MZ,ED131MZ
2025-07-26_14-10-25-023_CK677HC-FRA.jpg,CK-677-HC,CK-677-HC,0.9902,1,1,CK677HC,CK677HC
2025-07-26_13-05-11-041_HC367ZA-FRA.jpg,HC-367-ZA.,HC-367-ZA.,0.9951,1,1,HC367ZA,HC367ZA
2025-07-26_10-07-55-852_EC184PG-FRA.jpg,EC-184-PG,EC-184-PG,0.9907,1,1,EC184PG,EC184PG
2025-07-26_18-07-37-510_EE457ME-FRA.jpg,EE-457-ME,EE-457-ME,0.9999,1,1,EE457ME,EE457ME
2025-07-26_16-29-57-505_BS666BL-FRA.jpg,BS-666-BL,BS-666-BL,0.9992,1,1,BS666BL,BS666BL
2025-07-26_17-20-00-867_ES643AX-FRA.jpg,ES-643-AX,ES-643-AX,0.9987,1,1,ES643AX,ES643AX
2025-07-26_18-10-52-680_EC879XH-FRA.jpg,EC-879-XH,EC-879-XH,0.9965,1,1,EC879XH,EC879XH
2025-07-26_14-05-24-753_GQ808DB-FRA.jpg,GQ-808-DB,GQ-808-DB,0.9796,1,1,GQ808DB,GQ808DB
2025-07-26_16-57-10-289_DK743HH-FRA.jpg,DK-743-HH,DK-743-HH,0.9935,1,1,DK743HH,DK743HH
2025-07-26_10-21-37-803_ED628NK-FRA.jpg,ED-628-NK,ED-628-NK,1.0000,1,1,ED628NK,ED628NK
2025-07-26_13-11-02-770_FQ787ZS-FRA.jpg,FQ-787-ZS,FQ-787-ZS,0.9755,1,1,FQ787ZS,FQ787ZS
2025-07-26_10-16-55-879_FV723AP-FRA.jpg,FV-723-AP,FV-723-AP,0.9995,1,1,FV723AP,FV723AP
2025-07-26_11-10-44-302_GB876WP-FRA.jpg,GB-876-WP,GB-876-WP,1.0000,1,1,GB876WP,GB876WP
2025-07-26_13-14-22-581_HD309SY-FRA.jpg,HD-309-SY,HD-309-SY,1.0000,1,1,HD309SY,HD309SY
2025-07-26_10-40-46-035_EV513DB-FRA.jpg,EV-513-DB,EV-513-DB,0.9364,1,1,EV513DB,EV513DB
2025-07-26_10-27-27-124_FM422CF-FRA.jpg,FM-422-CF.,FM-422-CF.,0.9988,1,1,FM422CF,FM422CF
2025-07-26_09-04-29-976_DZ745ZQ-FRA.jpg,DZ745ZQ,DZ745ZQ,0.9999,1,1,DZ745ZQ,DZ745ZQ
2025-07-26_11-45-58-238_CD772DD-FRA.jpg,CD-772-DD,CD-772-DD,1.0000,1,1,CD772DD,CD772DD
2025-07-26_14-51-28-235_FT457JM-FRA.jpg,FT-457-JM,FT-457-JM,0.9998,1,1,FT457JM,FT457JM
2025-07-26_12-50-00-427_DD798AY-FRA.jpg,DD798.AY,DD798.AY,0.9663,1,1,DD798AY,DD798AY
2025-07-26_11-15-31-464_BT688YD-FRA.jpg,BT-688-YD,BT-688-YD,1.0000,1,1,BT688YD,BT688YD
2025-07-26_09-10-22-856_HD518AW-FRA.jpg,HD-518.AW.,HD-518.AW.,0.9921,1,1,HD518AW,HD518AW
2025-07-26_14-30-15-756_DT696JV-FRA.jpg,DT-696-JV,DT-696-JV,0.9783,1,1,DT696JV,DT696JV
2025-07-26_11-18-48-010_EF768SG-FRA.jpg,EF-768-SG,EF-768-SG,0.9754,1,1,EF768SG,EF768SG
2025-07-26_13-08-33-899_CT958LM-FRA.jpg,CT-958-LM,CT-958-LM,0.9999,1,1,CT958LM,CT958LM
2025-07-26_09-41-31-290_GX459LA-FRA.jpg,GX-459-LA,GX-459-LA,0.9999,1,1,GX459LA,GX459LA
2025-07-26_14-11-02-789_FS830PW-FRA.jpg,FS-830-PW,FS-830-PW,0.9868,1,1,FS830PW,FS830PW
2025-07-26_11-18-31-327_FL640YX-FRA.jpg,FL-640-YX,FL-640-YX,0.9992,1,1,FL640YX,FL640YX
2025-07-26_09-28-33-284_GY618TW-FRA.jpg,GY-618TW,GY-618TW,0.9979,1,1,GY618TW,GY618TW
2025-07-26_10-29-49-304_GX039RW-FRA.jpg,GX-039-RW,GX-039-RW,1.0000,1,1,GX039RW,GX039RW
2025-07-26_15-59-14-053_HC705KM-FRA.jpg,HC-705-KM,HC-705-KM,0.9998,1,1,HC705KM,HC705KM
2025-07-26_14-21-08-953_DC165KP-FRA.jpg,DC-165-KP,DC-165-KP,0.9995,1,1,DC165KP,DC165KP
2025-07-26_15-51-46-318_BS787NL-FRA.jpg,BS-787-NL.,BS-787-NL.,0.9998,1,1,BS787NL,BS787NL
2025-07-26_17-38-02-775_GS164XR-FRA.jpg,GS-164-XR,GS-164-XR,0.9994,1,1,GS164XR,GS164XR
2025-07-26_10-32-00-561_HB564XE-FRA.jpg,HB-564-XE,HB-564-XE,0.9633,1,1,HB564XE,HB564XE
2025-07-26_11-44-14-039_DG396CS-FRA.jpg,DG-396-CS,DG-396-CS,1.0000,1,1,DG396CS,DG396CS
2025-07-26_14-08-56-404_FM524VG-FRA.jpg,FM-524-VG,FM-524-VG,0.9999,1,1,FM524VG,FM524VG
2025-07-26_11-19-30-513_FN639RJ-FRA.jpg,FN-639-RJ,FN-639-RJ,1.0000,1,1,FN639RJ,FN639RJ
2025-07-26_15-20-35-028_AP054NX-FRA.jpg,AP-054-NX,AP-054-NX,0.9501,1,1,AP054NX,AP054NX
2025-07-26_09-36-07-968_AA005WV-FRA.jpg,AA-005-WV,AA-005-WV,1.0000,1,1,AA005WV,AA005WV
2025-07-26_12-49-31-891_EK318HH-FRA.jpg,EK-318-HH,EK-318-HH,1.0000,1,1,EK318HH,EK318HH
2025-07-26_09-53-46-249_GB020XT-FRA.jpg,GB-020-XT,GB-020-XT,0.9972,1,1,GB020XT,GB020XT
2025-07-26_09-40-25-123_FQ989GR-FRA.jpg,FQ-989-GR,FQ-989-GR,0.9966,1,1,FQ989GR,FQ989GR
2025-07-26_12-54-57-236_CH420XS-FRA.jpg,CH-420-XS,CH-420-XS,1.0000,1,1,CH420XS,CH420XS
2025-07-26_10-12-26-199_DP212WY-FRA.jpg,DP-212-WY.,DP-212-WY.,1.0000,1,1,DP212WY,DP212WY
2025-07-26_15-22-01-231_EV775FM-FRA.jpg,EV-775-FM,EV-775-FM,0.9205,1,1,EV775FM,EV775FM
2025-07-26_12-19-48-100_FC347MS-FRA.jpg,FC-347-MS,FC-347-MS,1.0000,1,1,FC347MS,FC347MS
2025-07-26_13-50-37-759_AF404SG-FRA.jpg,.AF-404-SG,.AF-404-SG,0.9999,1,1,AF404SG,AF404SG
2025-07-26_09-57-13-122_FC241CP-FRA.jpg,FC-241-CP,FC-241-CP,0.9977,1,1,FC241CP,FC241CP
2025-07-26_12-21-09-512_DM464DR-FRA.jpg,DM-464-DR,DM-464-DR,1.0000,1,1,DM464DR,DM464DR
2025-07-26_12-08-14-003_GZ777VG-FRA.jpg,GZ-777-VG,GZ-777-VG,0.9988,1,1,GZ777VG,GZ777VG
2025-07-26_11-42-53-961_EM123GY-FRA.jpg,EM-123-GY,EM-123-GY,1.0000,1,1,EM123GY,EM123GY
2025-07-26_14-30-12-681_EL799LR-FRA.jpg,EL-799-LR,EL-799-LR,0.9880,1,1,EL799LR,EL799LR
2025-07-26_16-09-35-011_GX588KJ-FRA.jpg,GX588KJ,GX588KJ,0.9877,1,1,GX588KJ,GX588KJ
2025-07-26_10-05-03-355_DD159XH-FRA.jpg,DD-159-XH,DD-159-XH,0.9997,1,1,DD159XH,DD159XH
2025-07-26_10-04-53-172_FG063AN-FRA.jpg,FG-063-AN,FG-063-AN,0.9611,1,1,FG063AN,FG063AN
2025-07-26_10-20-19-614_FD534NZ-FRA.jpg,FD-534-NZ,FD-534-NZ,0.9999,1,1,FD534NZ,FD534NZ
2025-07-26_16-08-05-312_FD628SJ-FRA.jpg,FD-628-SJ,FD-628-SJ,1.0000,1,1,FD628SJ,FD628SJ
2025-07-26_13-07-54-736_GJ740RD-FRA.jpg,GJ-740-RD,GJ-740-RD,0.9634,1,1,GJ740RD,GJ740RD
2025-07-26_12-56-24-828_AW763AL-FRA.jpg,AW-763-AL,AW-763-AL,1.0000,1,1,AW763AL,AW763AL
2025-07-26_13-11-04-799_EL643JP-FRA.jpg,EL-643-JP,EL-643-JP,0.9739,1,1,EL643JP,EL643JP
2025-07-26_11-14-29-694_EC969TZ-FRA.jpg,EC.969.TZ,EC.969.TZ,0.9999,1,1,EC969TZ,EC969TZ
2025-07-26_09-20-28-992_EL224VV-FRA.jpg,EL-224-VV,EL-224-VV,0.9493,1,1,EL224VV,EL224VV
2025-07-26_15-07-51-652_GW065HN-FRA.jpg,GW.065.HN,GW.065.HN,0.9957,1,1,GW065HN,GW065HN
2025-07-26_11-04-38-596_DZ123GJ-FRA.jpg,DZ-123-GJ,DZ-123-GJ,1.0000,1,1,DZ123GJ,DZ123GJ
2025-07-26_11-13-31-444_EH842TS-FRA.jpg,EH-842-TS,EH-842-TS,0.9989,1,1,EH842TS,EH842TS
2025-07-26_14-02-11-043_DA577FW-FRA.jpg,DA-577-FW,DA-577-FW,0.9991,1,1,DA577FW,DA577FW
2025-07-26_09-04-33-256_GC589NG-FRA.jpg,GC-589-NG,GC-589-NG,0.9967,1,1,GC589NG,GC589NG
2025-07-26_10-17-48-368_HC473AP-FRA.jpg,HC.473.AP,HC.473.AP,1.0000,1,1,HC473AP,HC473AP
2025-07-26_10-26-04-477_FK082QN-FRA.jpg,FK-082-QN,FK-082-QN,0.9995,1,1,FK082QN,FK082QN
2025-07-26_10-40-22-182_AH687VW-FRA.jpg,AH-687-VW,AH-687-VW,0.9979,1,1,AH687VW,AH687VW
2025-07-26_09-24-18-109_CD968LX-FRA.jpg,CD-968-LX,CD-968-LX,0.9999,1,1,CD968LX,CD968LX
2025-07-26_10-53-57-417_HA773BG-FRA.jpg,HA-773-BG,HA-773-BG,0.9562,1,1,HA773BG,HA773BG
2025-07-26_12-37-38-819_GT707TF-FRA.jpg,GT-707-TF,GT-707-TF,0.9983,1,1,GT707TF,GT707TF
2025-07-26_11-32-03-994_EP536KQ-FRA.jpg,EP-536-KQ,EP-536-KQ,0.9975,1,1,EP536KQ,EP536KQ
2025-07-26_09-23-02-533_DC002XX-FRA.jpg,DC-002-XX,DC-002-XX,0.9999,1,1,DC002XX,DC002XX
2025-07-26_16-02-16-021_DS004RA-FRA.jpg,DS-004-RA,DS-004-RA,0.9991,1,1,DS004RA,DS004RA
2025-07-26_09-32-05-554_BF588DG-FRA.jpg,BF-588-DG,BF-588-DG,0.9918,1,1,BF588DG,BF588DG
2025-07-26_11-16-37-047_DT808XS-FRA.jpg,DT-808-XS,DT-808-XS,0.9911,1,1,DT808XS,DT808XS
2025-07-26_13-35-52-868_ED547CN-FRA.jpg,ED-547-CN,ED-547-CN,0.9999,1,1,ED547CN,ED547CN
2025-07-26_10-58-08-296_CP150XJ-FRA.jpg,CP-150-XJ,CP-150-XJ,1.0000,1,1,CP150XJ,CP150XJ
2025-07-26_14-04-30-663_AZ531BZ-FRA.jpg,AZ-531-BZ,AZ-531-BZ,0.9999,1,1,AZ531BZ,AZ531BZ
2025-07-26_16-23-35-977_DZ065BF-FRA.jpg,DZ-065-BF.,DZ-065-BF.,0.9999,1,1,DZ065BF,DZ065BF
2025-07-26_12-35-37-151_GE503DV-FRA.jpg,GE-503-DV,GE-503-DV,1.0000,1,1,GE503DV,GE503DV
2025-07-26_09-55-09-637_CR608QW-FRA.jpg,CR-608-QW,CR-608-QW,0.9830,1,1,CR608QW,CR608QW
2025-07-26_11-49-20-948_BW060EQ-FRA.jpg,BW-060-EQ,BW-060-EQ,0.9998,1,1,BW060EQ,BW060EQ
2025-07-26_10-40-48-784_AS214WV-FRA.jpg,AS-214-WV,AS-214-WV,0.9577,1,1,AS214WV,AS214WV
2025-07-26_09-46-48-840_EM331YE-FRA.jpg,EM-331-YE,EM-331-YE,0.9944,1,1,EM331YE,EM331YE
2025-07-26_12-31-11-862_GA952VA-FRA.jpg,GA-952-VA,GA-952-VA,0.9940,1,1,GA952VA,GA952VA
2025-07-26_11-38-30-302_GK588RK-FRA.jpg,GK-588-RK,GK-588-RK,0.9697,1,1,GK588RK,GK588RK
2025-07-26_09-52-57-907_FV572JT-FRA.jpg,FV-572-JT,FV-572-JT,1.0000,1,1,FV572JT,FV572JT
2025-07-26_10-15-39-467_FQ924QL-FRA.jpg,FQ-924-QL,FQ-924-QL,0.9961,1,1,FQ924QL,FQ924QL
2025-07-26_12-53-01-625_AE496FB-FRA.jpg,AE-496-FB,AE-496-FB,1.0000,1,1,AE496FB,AE496FB
2025-07-26_10-32-08-380_GT291EB-FRA.jpg,GT-291-EB,GT-291-EB,0.9878,1,1,GT291EB,GT291EB
2025-07-26_14-23-01-524_FQ609RG-FRA.jpg,FQ-609-RG,FQ-609-RG,0.9478,1,1,FQ609RG,FQ609RG
2025-07-26_15-13-47-744_EY004GJ-FRA.jpg,EY-004-GJ,EY-004-GJ,0.9987,1,1,EY004GJ,EY004GJ
2025-07-26_16-48-12-574_GG424TA-FRA.jpg,.GG-424-TA,.GG-424-TA,0.9999,1,1,GG424TA,GG424TA
2025-07-26_11-52-56-497_AJ104YH-FRA.jpg,AJ-104-YH,AJ-104-YH,1.0000,1,1,AJ104YH,AJ104YH
2025-07-26_09-37-58-353_AS698VN-FRA.jpg,AS-698-VN,AS-698-VN,0.9998,1,1,AS698VN,AS698VN
2025-07-26_12-17-21-729_GZ997BJ-FRA.jpg,GZ-997-BJ,GZ-997-BJ,1.0000,1,1,GZ997BJ,GZ997BJ
2025-07-26_12-37-40-166_HB467GN-FRA.jpg,HB-467-GN,HB-467-GN,0.9995,1,1,HB467GN,HB467GN
2025-07-26_10-34-16-107_DG719AD-FRA.jpg,DG-719-AD,DG-719-AD,1.0000,1,1,DG719AD,DG719AD
2025-07-26_14-49-19-244_DH184JL-FRA.jpg,DH-184-JL,DH-184-JL,0.9339,1,1,DH184JL,DH184JL
2025-07-26_12-40-15-632_HD327ZR-FRA.jpg,HD-327-ZR,HD-327-ZR,0.9999,1,1,HD327ZR,HD327ZR
2025-07-26_12-37-34-979_GN779ES-FRA.jpg,GN-779-ES,GN-779-ES,1.0000,1,1,GN779ES,GN779ES
2025-07-26_12-16-06-849_CF880MV-FRA.jpg,CF-880-MV,CF-880-MV,0.9854,1,1,CF880MV,CF880MV
2025-07-26_15-01-06-506_AW047BT-FRA.jpg,AW-047-BT.,AW-047-BT.,0.9944,1,1,AW047BT,AW047BT
2025-07-26_09-40-23-537_AJ186GR-FRA.jpg,AJ-186-GR,AJ-186-GR,0.9979,1,1,AJ186GR,AJ186GR
2025-07-26_13-49-08-383_HC827TP-FRA.jpg,HC-827-TP,HC-827-TP,0.9676,1,1,HC827TP,HC827TP
2025-07-26_16-35-47-841_GZ473NP-FRA.jpg,GZ-473-NP,GZ-473-NP,0.9915,1,1,GZ473NP,GZ473NP
2025-07-26_10-25-18-591_EZ566RN-FRA.jpg,EZ-566-RN,EZ-566-RN,1.0000,1,1,EZ566RN,EZ566RN
2025-07-26_10-41-19-095_EX830CT-FRA.jpg,EX-830-CT,EX-830-CT,0.9272,1,1,EX830CT,EX830CT
2025-07-26_13-38-14-693_BW590VB-FRA.jpg,BW-590-VB,BW-590-VB,0.9798,1,1,BW590VB,BW590VB
2025-07-26_16-52-03-414_FP139MA-FRA.jpg,FP-139-MA,FP-139-MA,1.0000,1,1,FP139MA,FP139MA
2025-07-26_14-12-52-276_FY986YE-FRA.jpg,FY-986-YE,FY-986-YE,0.9994,1,1,FY986YE,FY986YE
2025-07-26_16-51-48-791_CZ165YK-FRA.jpg,CZ-165-YK,CZ-165-YK,1.0000,1,1,CZ165YK,CZ165YK
2025-07-26_10-40-26-502_DF733BD-FRA.jpg,DF-733-BD,DF-733-BD,0.9959,1,1,DF733BD,DF733BD
2025-07-26_14-34-05-240_CH299NT-FRA.jpg,CH-299-NT,CH-299-NT,0.9309,1,1,CH299NT,CH299NT
2025-07-26_09-57-53-565_DC725RD-FRA.jpg,DC-725-RD,DC-725-RD,1.0000,1,1,DC725RD,DC725RD
2025-07-26_16-55-26-189_HC247NM-FRA.jpg,HC-247-NM,HC-247-NM,0.9999,1,1,HC247NM,HC247NM
2025-07-26_11-53-48-060_GQ412AF-FRA.jpg,GQ-412-AF,GQ-412-AF,0.9999,1,1,GQ412AF,GQ412AF
2025-07-26_17-39-55-815_CV972CV-FRA.jpg,CV-972-CV,CV-972-CV,0.9980,1,1,CV972CV,CV972CV
2025-07-26_10-29-22-199_EY291EM-FRA.jpg,EY-291-EM,EY-291-EM,0.9993,1,1,EY291EM,EY291EM
2025-07-26_12-07-42-204_FB589NL-FRA.jpg,FB-589-NL.,FB-589-NL.,0.9991,1,1,FB589NL,FB589NL
2025-07-26_16-08-33-212_CE282PC-FRA.jpg,.CE-282-PC,.CE-282-PC,0.9991,1,1,CE282PC,CE282PC
2025-07-26_15-11-07-613_GS268PG-FRA.jpg,GS-268-PG.,GS-268-PG.,1.0000,1,1,GS268PG,GS268PG
2025-07-26_16-10-28-750_CB931XG-FRA.jpg,CB-931-XG,CB-931-XG,0.9999,1,1,CB931XG,CB931XG
2025-07-26_16-19-01-456_BF836FV-FRA.jpg,BF-836-FV,BF-836-FV,0.9951,1,1,BF836FV,BF836FV
2025-07-26_14-46-44-635_FQ626RL-FRA.jpg,FQ-626-RL,FQ-626-RL,0.9998,1,1,FQ626RL,FQ626RL
2025-07-26_17-51-16-100_GK229BP-FRA.jpg,GK-229-BP,GK-229-BP,1.0000,1,1,GK229BP,GK229BP
2025-07-26_09-55-09-917_FS255NP-FRA.jpg,FS-255-NP,FS-255-NP,0.9399,1,1,FS255NP,FS255NP
2025-07-26_10-15-37-627_FX481YJ-FRA.jpg,FX-481-YJ,FX-481-YJ,1.0000,1,1,FX481YJ,FX481YJ
2025-07-26_14-40-54-288_CJ211CT-FRA.jpg,CJ-211-CT,CJ-211-CT,0.9998,1,1,CJ211CT,CJ211CT
2025-07-26_13-08-27-352_HE232HR-FRA.jpg,HE-232-HR,HE-232-HR,0.9998,1,1,HE232HR,HE232HR
2025-07-26_12-10-52-652_FF576JQ-FRA.jpg,FF-576.JQ,FF-576.JQ,0.9999,1,1,FF576JQ,FF576JQ
2025-07-26_16-15-03-396_CK968PE-FRA.jpg,CK-968-PE,CK-968-PE,1.0000,1,1,CK968PE,CK968PE
2025-07-26_10-12-45-113_AL732JQ-FRA.jpg,AL-732-JQ,AL-732-JQ,1.0000,1,1,AL732JQ,AL732JQ
2025-07-26_10-51-08-703_FY596RD-FRA.jpg,FY-596-RD,FY-596-RD,1.0000,1,1,FY596RD,FY596RD
2025-07-26_10-09-16-049_ES616AB-FRA.jpg,ES-616-AB,ES-616-AB,0.9996,1,1,ES616AB,ES616AB
2025-07-26_11-56-22-674_EB608RF-FRA.jpg,EB-608-RF,EB-608-RF,0.9997,1,1,EB608RF,EB608RF
2025-07-26_13-09-21-858_BJ612CJ-FRA.jpg,BJ-612-CJ,BJ-612-CJ,1.0000,1,1,BJ612CJ,BJ612CJ
2025-07-26_09-34-31-041_FJ213NC-FRA.jpg,FJ-213-NC,FJ-213-NC,0.9997,1,1,FJ213NC,FJ213NC
2025-07-26_12-49-17-962_DP097SV-FRA.jpg,DP-097-SV,DP-097-SV,0.9999,1,1,DP097SV,DP097SV
2025-07-26_11-29-05-903_FW627GF-FRA.jpg,FW-627-GF,FW-627-GF,0.9948,1,1,FW627GF,FW627GF
2025-07-26_16-09-10-815_GF397GR-FRA.jpg,GF397GR,GF397GR,1.0000,1,1,GF397GR,GF397GR
2025-07-26_11-10-13-630_GY598WD-FRA.jpg,GY-598-WD,GY-598-WD,0.9999,1,1,GY598WD,GY598WD
2025-07-26_13-44-17-430_CX279TS-FRA.jpg,CX-279-TS,CX-279-TS,0.9989,1,1,CX279TS,CX279TS
2025-07-26_10-51-36-259_AB225HY-FRA.jpg,AB-225-HY,AB-225-HY,0.9444,1,1,AB225HY,AB225HY
2025-07-26_11-45-41-222_FF543VR-FRA.jpg,FF-543-VR,FF-543-VR,0.9476,1,1,FF543VR,FF543VR
2025-07-26_14-30-50-061_EE668VN-FRA.jpg,EE-668-VN,EE-668-VN,0.9998,1,1,EE668VN,EE668VN
2025-07-26_10-54-53-589_GD487JJ-FRA.jpg,GD-487-JJ,GD-487-JJ,0.9998,1,1,GD487JJ,GD487JJ
2025-07-26_11-26-44-817_GY945QJ-FRA.jpg,GY-945-QJ,GY-945-QJ,1.0000,1,1,GY945QJ,GY945QJ
2025-07-26_10-05-43-751_FR519YT-FRA.jpg,FR-519-YT,FR-519-YT,0.9922,1,1,FR519YT,FR519YT
2025-07-26_10-42-19-422_FF968LS-FRA.jpg,FF-968-LS,FF-968-LS,0.9662,1,1,FF968LS,FF968LS
2025-07-26_18-21-34-212_EZ646MC-FRA.jpg,EZ-646-MC,EZ-646-MC,0.9993,1,1,EZ646MC,EZ646MC
2025-07-26_09-19-23-674_CV941NH-FRA.jpg,CV-941-NH,CV-941-NH,1.0000,1,1,CV941NH,CV941NH
2025-07-26_11-28-24-024_GQ435EK-FRA.jpg,GQ-435-EK,GQ-435-EK,0.9992,1,1,GQ435EK,GQ435EK
2025-07-26_12-12-44-546_BC948XA-FRA.jpg,BC-948-XA,BC-948-XA,1.0000,1,1,BC948XA,BC948XA
2025-07-26_17-11-26-039_HD355VB-FRA.jpg,HD-355-VB,HD-355-VB,0.9997,1,1,HD355VB,HD355VB
2025-07-26_12-49-38-792_FS844ZH-FRA.jpg,FS844ZH,FS844ZH,1.0000,1,1,FS844ZH,FS844ZH
2025-07-26_12-59-43-522_DM813HE-FRA.jpg,DM-813-HE,DM-813-HE,0.9999,1,1,DM813HE,DM813HE
2025-07-26_17-49-13-147_GS006CV-FRA.jpg,GS-006-CV,GS-006-CV,0.9994,1,1,GS006CV,GS006CV
2025-07-26_10-57-04-913_BF746WZ-FRA.jpg,BF-746WZ,BF-746WZ,0.9999,1,1,BF746WZ,BF746WZ
2025-07-26_14-21-36-120_FB705NG-FRA.jpg,FB-705-NG,FB-705-NG,0.9033,1,1,FB705NG,FB705NG
2025-07-26_09-27-39-159_CH123BS-FRA.jpg,CH-123-BS,CH-123-BS,0.9951,1,1,CH123BS,CH123BS
2025-07-26_13-55-35-667_WW251LW-FRA.jpg,WW-251-LW.,WW-251-LW.,0.9974,1,1,WW251LW,WW251LW
2025-07-26_09-30-50-587_CK372LB-FRA.jpg,CK-372-LB,CK-372-LB,1.0000,1,1,CK372LB,CK372LB
2025-07-26_09-23-34-876_CD460MH-FRA.jpg,CD-460-MH,CD-460-MH,1.0000,1,1,CD460MH,CD460MH
2025-07-26_14-49-10-407_FW560GH-FRA.jpg,FW-560-GH,FW-560-GH,1.0000,1,1,FW560GH,FW560GH
2025-07-26_16-31-38-329_HC997KC-FRA.jpg,HC-997-KC,HC-997-KC,0.9690,1,1,HC997KC,HC997KC
2025-07-26_10-27-59-219_EY717CJ-FRA.jpg,EY-717-CJ,EY-717-CJ,0.9274,1,1,EY717CJ,EY717CJ
2025-07-26_18-02-42-208_BZ760CY-FRA.jpg,BZ-760-CY,BZ-760-CY,0.9883,1,1,BZ760CY,BZ760CY
2025-07-26_14-22-02-858_BG800SL-FRA.jpg,BG-800-SL,BG-800-SL,0.9602,1,1,BG800SL,BG800SL
2025-07-26_16-43-07-106_DK995RF-FRA.jpg,DK-995-RF,DK-995-RF,1.0000,1,1,DK995RF,DK995RF
2025-07-26_10-27-51-041_GS410QP-FRA.jpg,GS-410-QP,GS-410-QP,0.9999,1,1,GS410QP,GS410QP
2025-07-26_15-14-28-320_HB967YT-FRA.jpg,HB-967-YT,HB-967-YT,0.9356,1,1,HB967YT,HB967YT
2025-07-26_09-33-23-767_AB373SA-FRA.jpg,AB-373-SA,AB-373-SA,0.9949,1,1,AB373SA,AB373SA
2025-07-26_13-27-07-812_BC538RA-FRA.jpg,BC-538-RA,BC-538-RA,1.0000,1,1,BC538RA,BC538RA
2025-07-26_10-04-58-155_EJ524BE-FRA.jpg,EJ-524-BE,EJ-524-BE,1.0000,1,1,EJ524BE,EJ524BE
2025-07-26_13-12-56-641_BH705PF-FRA.jpg,BH705PF,BH705PF,0.9982,1,1,BH705PF,BH705PF
2025-07-26_15-59-45-740_AW821CN-FRA.jpg,AW-821-CN,AW-821-CN,0.9970,1,1,AW821CN,AW821CN
2025-07-26_16-09-53-150_EX203GY-FRA.jpg,EX-203-GY,EX-203-GY,0.9996,1,1,EX203GY,EX203GY
2025-07-26_12-16-57-975_DV840DF-FRA.jpg,DV-840-DF.,DV-840-DF.,0.9998,1,1,DV840DF,DV840DF
2025-07-26_13-11-27-111_GD784HV-FRA.jpg,GD-784-HV,GD-784-HV,0.9705,1,1,GD784HV,GD784HV
2025-07-26_10-40-56-956_KG218TF-FRA.jpg,KG-218-TF,KG-218-TF,0.9949,1,1,KG218TF,KG218TF
2025-07-26_14-53-25-483_GC799DF-FRA.jpg,GC-799-DF,GC-799-DF,0.9974,1,1,GC799DF,GC799DF
2025-07-26_17-38-48-288_GN069WD-FRA.jpg,GN.069.WD,GN.069.WD,0.9448,1,1,GN069WD,GN069WD
2025-07-26_14-08-08-142_BL312ZD-FRA.jpg,BL-312-ZD,BL-312-ZD,0.9994,1,1,BL312ZD,BL312ZD
2025-07-26_17-34-19-944_FV272ZS-FRA.jpg,FV272ZS,FV272ZS,0.9966,1,1,FV272ZS,FV272ZS
2025-07-26_09-47-23-700_AL437AK-FRA.jpg,AL437AK,AL437AK,1.0000,1,1,AL437AK,AL437AK
2025-07-26_10-16-58-209_BE162JS-FRA.jpg,BE-162-JS,BE-162-JS,1.0000,1,1,BE162JS,BE162JS
2025-07-26_14-33-49-554_EK668LE-FRA.jpg,EK-668-LE,EK-668-LE,0.9992,1,1,EK668LE,EK668LE
2025-07-26_14-59-00-564_EW755AG-FRA.jpg,EW-755-AG,EW-755-AG,0.9660,1,1,EW755AG,EW755AG
2025-07-26_13-13-26-341_EA382NH-FRA.jpg,EA-382-NH,EA-382-NH,0.9999,1,1,EA382NH,EA382NH
2025-07-26_10-19-04-348_CZ444ZG-FRA.jpg,CZ-444-ZG,CZ-444-ZG,0.9999,1,1,CZ444ZG,CZ444ZG
2025-07-26_11-36-32-816_DN463RA-FRA.jpg,DN-463-RA,DN-463-RA,1.0000,1,1,DN463RA,DN463RA
2025-07-26_14-05-52-888_HC676EH-FRA.jpg,HC-676-EH,HC-676-EH,0.9956,1,1,HC676EH,HC676EH
2025-07-26_13-14-50-990_EK091AM-FRA.jpg,EK-091.AM,EK-091.AM,0.9968,1,1,EK091AM,EK091AM
2025-07-26_12-11-50-322_EX754NH-FRA.jpg,EX-754-NH,EX-754-NH,0.9993,1,1,EX754NH,EX754NH
2025-07-26_11-42-53-311_AG313VK-FRA.jpg,AG-313-VK,AG-313-VK,0.9970,1,1,AG313VK,AG313VK
2025-07-26_13-10-12-321_DC189QH-FRA.jpg,DC-189-QH,DC-189-QH,1.0000,1,1,DC189QH,DC189QH
2025-07-26_16-16-10-438_BQ002RM-FRA.jpg,BQ-002-RM,BQ-002-RM,0.9994,1,1,BQ002RM,BQ002RM
2025-07-26_09-47-22-259_CD455RD-FRA.jpg,CD455RD,CD455RD,0.9990,1,1,CD455RD,CD455RD
2025-07-26_15-20-37-827_ED558EK-FRA.jpg,ED-558-EK,ED-558-EK,0.9510,1,1,ED558EK,ED558EK
2025-07-26_09-40-53-933_FB636RN-FRA.jpg,FB-636-RN,FB-636-RN,0.9724,1,1,FB636RN,FB636RN
2025-07-26_15-22-09-763_CM512WD-FRA.jpg,CM-512-WD,CM-512-WD,0.9934,1,1,CM512WD,CM512WD
2025-07-26_13-58-25-600_CW064AJ-FRA.jpg,CW-064-AJ,CW-064-AJ,1.0000,1,1,CW064AJ,CW064AJ
2025-07-26_15-57-11-044_EV062XQ-FRA.jpg,EV-062-XQ,EV-062-XQ,0.9980,1,1,EV062XQ,EV062XQ
2025-07-26_15-32-34-593_GY632AK-FRA.jpg,GY-632-AK,GY-632-AK,0.9644,1,1,GY632AK,GY632AK
2025-07-26_15-11-25-206_GJ754DK-FRA.jpg,GJ-754-DK,GJ-754-DK,0.9997,1,1,GJ754DK,GJ754DK
2025-07-26_10-56-26-206_FN715EC-FRA.jpg,FN-715-EC,FN-715-EC,1.0000,1,1,FN715EC,FN715EC
2025-07-26_09-27-21-588_BW854GT-FRA.jpg,BW-854-GT.,BW-854-GT.,1.0000,1,1,BW854GT,BW854GT
2025-07-26_11-15-52-066_GQ284KT-FRA.jpg,GQ284KT,GQ284KT,0.9931,1,1,GQ284KT,GQ284KT
2025-07-26_11-41-06-057_CG319MH-FRA.jpg,CG-319-MH,CG-319-MH,0.9999,1,1,CG319MH,CG319MH
2025-07-26_12-24-12-914_WW963EN-FRA.jpg,WW-963-EN,WW-963-EN,1.0000,1,1,WW963EN,WW963EN
2025-07-26_10-05-37-584_CZ827MC-FRA.jpg,CZ-827-MC,CZ-827-MC,0.9999,1,1,CZ827MC,CZ827MC
2025-07-26_13-52-54-610_FR377HH-FRA.jpg,FR-377-HH,FR-377-HH,0.9753,1,1,FR377HH,FR377HH
2025-07-26_09-21-06-495_BB986RA-FRA.jpg,BB986RA,BB986RA,0.9524,1,1,BB986RA,BB986RA
2025-07-26_10-18-52-094_DY459TH-FRA.jpg,DY-459-TH,DY-459-TH,0.9994,1,1,DY459TH,DY459TH
2025-07-26_15-06-27-376_CZ343DH-FRA.jpg,CZ-343-DH,CZ-343-DH,0.9669,1,1,CZ343DH,CZ343DH
2025-07-26_13-51-49-966_CZ034VZ-FRA.jpg,CZ-034-VZ,CZ-034-VZ,0.9997,1,1,CZ034VZ,CZ034VZ
2025-07-26_17-28-22-440_FX782SP-FRA.jpg,FX-782-SP,FX-782-SP,0.9870,1,1,FX782SP,FX782SP
2025-07-26_12-11-05-333_DM755EZ-FRA.jpg,DM-755-EZ,DM-755-EZ,0.9980,1,1,DM755EZ,DM755EZ
2025-07-26_11-57-49-092_DA284EL-FRA.jpg,DA-284-EL,DA-284-EL,0.9485,1,1,DA284EL,DA284EL
2025-07-26_11-35-57-270_CZ648PK-FRA.jpg,CZ-648-PK,CZ-648-PK,0.9998,1,1,CZ648PK,CZ648PK
2025-07-26_09-55-12-923_GD774ZQ-FRA.jpg,GD-774-ZQ,GD-774-ZQ,0.9977,1,1,GD774ZQ,GD774ZQ
2025-07-26_17-19-05-057_HE168AN-FRA.jpg,HE-168-AN,HE-168-AN,0.9999,1,1,HE168AN,HE168AN
2025-07-26_10-31-50-720_BX490ZR-FRA.jpg,BX-490-ZR,BX-490-ZR,1.0000,1,1,BX490ZR,BX490ZR
2025-07-26_11-29-28-997_FF808TP-FRA.jpg,FF-808-TP,FF-808-TP,0.9971,1,1,FF808TP,FF808TP
2025-07-26_15-50-15-989_GK351TR-FRA.jpg,GK-351-TR,GK-351-TR,0.9956,1,1,GK351TR,GK351TR
2025-07-26_14-30-29-503_GA906LW-FRA.jpg,GA-906-LW,GA-906-LW,1.0000,1,1,GA906LW,GA906LW
2025-07-26_13-23-22-766_CW328DQ-FRA.jpg,CW-328-DQ,CW-328-DQ,0.9999,1,1,CW328DQ,CW328DQ
2025-07-26_14-11-48-029_GB986LP-FRA.jpg,GB-986-LP,GB-986-LP,1.0000,1,1,GB986LP,GB986LP
2025-07-26_16-32-50-010_HB324DP-FRA.jpg,HB-324-DP,HB-324-DP,0.9741,1,1,HB324DP,HB324DP
2025-07-26_12-16-23-954_CM867FE-FRA.jpg,CM-867-FE,CM-867-FE,0.9974,1,1,CM867FE,CM867FE
2025-07-26_14-30-23-823_CL340BP-FRA.jpg,CL-340-BP,CL-340-BP,0.9864,1,1,CL340BP,CL340BP
2025-07-26_12-12-48-664_ES660QM-FRA.jpg,ES-660-QM,ES-660-QM,1.0000,1,1,ES660QM,ES660QM
2025-07-26_12-55-40-508_FZ068EA-FRA.jpg,FZ-068-EA,FZ-068-EA,1.0000,1,1,FZ068EA,FZ068EA
2025-07-26_09-06-34-978_DG232QJ-FRA.jpg,DG-232.QJ,DG-232.QJ,0.9117,1,1,DG232QJ,DG232QJ
2025-07-26_13-58-29-027_ES847FF-FRA.jpg,ES-847-FF,ES-847-FF,0.9944,1,1,ES847FF,ES847FF
2025-07-26_14-29-53-000_GM758VK-FRA.jpg,GM-758-VK,GM-758-VK,0.9994,1,1,GM758VK,GM758VK
2025-07-26_10-07-34-186_FE254VE-FRA.jpg,FE-254-VE,FE-254-VE,1.0000,1,1,FE254VE,FE254VE
2025-07-26_13-19-17-473_GZ610SH-FRA.jpg,GZ-610-SH,GZ-610-SH,1.0000,1,1,GZ610SH,GZ610SH
2025-07-26_16-40-28-435_FB549LT-FRA.jpg,FB-549-LT,FB-549-LT,0.9996,1,1,FB549LT,FB549LT
2025-07-26_10-29-47-043_CA526RV-FRA.jpg,CA-526-RV,CA-526-RV,1.0000,1,1,CA526RV,CA526RV
2025-07-26_11-02-18-108_BB850BQ-FRA.jpg,BB-850-BQ,BB-850-BQ,0.9267,1,1,BB850BQ,BB850BQ
2025-07-26_18-03-24-685_FG554VG-FRA.jpg,FG-554-VG,FG-554-VG,0.9999,1,1,FG554VG,FG554VG
2025-07-26_09-53-49-843_DV997PZ-FRA.jpg,DV-997-PZ,DV-997-PZ,0.9494,1,1,DV997PZ,DV997PZ
2025-07-26_15-35-24-043_BM433KF-FRA.jpg,BM-433-KF,BM-433-KF,0.9997,1,1,BM433KF,BM433KF
2025-07-26_13-08-37-193_CK847HW-FRA.jpg,CK-847-HW,CK-847-HW,1.0000,1,1,CK847HW,CK847HW
2025-07-26_17-58-17-302_DH037TQ-FRA.jpg,DH037TQ,DH037TQ,0.9998,1,1,DH037TQ,DH037TQ
2025-07-26_11-01-35-411_HB458YZ-FRA.jpg,HB-458-YZ,HB-458-YZ,0.9994,1,1,HB458YZ,HB458YZ
2025-07-26_13-09-28-150_FE186PG-FRA.jpg,FE-186-PG,FE-186-PG,0.9997,1,1,FE186PG,FE186PG
2025-07-26_11-14-26-707_FM956XG-FRA.jpg,FM-956-XG,FM-956-XG,1.0000,1,1,FM956XG,FM956XG
2025-07-26_14-31-48-642_GY586CQ-FRA.jpg,GY586CQ,GY586CQ,0.9996,1,1,GY586CQ,GY586CQ
2025-07-26_14-23-04-228_FQ609RG-FRA.jpg,FQ-609-RG,FQ-609-RG,0.9998,1,1,FQ609RG,FQ609RG
2025-07-26_13-13-00-100_AD470CA-FRA.jpg,AD-470-CA,AD-470-CA,1.0000,1,1,AD470CA,AD470CA
2025-07-26_15-50-04-544_FK432FK-FRA.jpg,FK-432-FK,FK-432-FK,0.9999,1,1,FK432FK,FK432FK
2025-07-26_12-48-27-384_EW360AN-FRA.jpg,EW-360-AN,EW-360-AN,1.0000,1,1,EW360AN,EW360AN
2025-07-26_09-30-49-850_FP114WP-FRA.jpg,FP-114-WP,FP-114-WP,0.9999,1,1,FP114WP,FP114WP
2025-07-26_12-23-09-131_DZ236LA-FRA.jpg,DZ-236-LA,DZ-236-LA,0.9412,1,1,DZ236LA,DZ236LA
2025-07-26_12-29-04-613_FP510GP-FRA.jpg,FP-510-GP,FP-510-GP,0.9937,1,1,FP510GP,FP510GP
2025-07-26_11-53-58-779_DZ621FY-FRA.jpg,DZ-621-FY.,DZ-621-FY.,0.9806,1,1,DZ621FY,DZ621FY
2025-07-26_18-23-27-861_GY570MB-FRA.jpg,GY570MB,GY570MB,0.9989,1,1,GY570MB,GY570MB
2025-07-26_12-12-53-214_CB031WQ-FRA.jpg,CB-031-WQ,CB-031-WQ,0.9973,1,1,CB031WQ,CB031WQ
2025-07-26_10-16-43-847_CK616JG-FRA.jpg,CK-616-JG,CK-616-JG,1.0000,1,1,CK616JG,CK616JG
2025-07-26_12-54-49-927_CD389GK-FRA.jpg,CD-389-GK,CD-389-GK,1.0000,1,1,CD389GK,CD389GK
2025-07-26_10-05-48-139_EG004EA-FRA.jpg,EG-004-EA,EG-004-EA,0.9773,1,1,EG004EA,EG004EA
2025-07-26_09-10-25-638_GD658ZC-FRA.jpg,GD658ZC,GD658ZC,0.9997,1,1,GD658ZC,GD658ZC
2025-07-26_15-56-23-360_ED901PG-FRA.jpg,ED-901-PG,ED-901-PG,1.0000,1,1,ED901PG,ED901PG
2025-07-26_10-18-50-074_GP619JH-FRA.jpg,GP-619-JH,GP-619-JH,0.9996,1,1,GP619JH,GP619JH
2025-07-26_11-48-55-601_GT400QR-FRA.jpg,GT-400-QR,GT-400-QR,0.9992,1,1,GT400QR,GT400QR
2025-07-26_11-53-09-377_FJ301VJ-FRA.jpg,FJ-301-VJ,FJ-301-VJ,0.9999,1,1,FJ301VJ,FJ301VJ
2025-07-26_16-15-53-957_GS713LZ-FRA.jpg,GS-713-LZ,GS-713-LZ,1.0000,1,1,GS713LZ,GS713LZ
2025-07-26_10-40-23-674_FF530GZ-FRA.jpg,FF-530-GZ,FF-530-GZ,1.0000,1,1,FF530GZ,FF530GZ
2025-07-26_13-10-20-287_GV099GN-FRA.jpg,GV-099-GN,GV-099-GN,0.9988,1,1,GV099GN,GV099GN
2025-07-26_14-09-05-300_CP212CA-FRA.jpg,CP-212-CA.,CP-212-CA.,0.9987,1,1,CP212CA,CP212CA
2025-07-26_12-56-46-187_FL113MJ-FRA.jpg,FL-113-MJ,FL-113-MJ,1.0000,1,1,FL113MJ,FL113MJ
2025-07-26_10-03-26-836_FB927DZ-FRA.jpg,FB-927-DZ,FB-927-DZ,0.9916,1,1,FB927DZ,FB927DZ
2025-07-26_14-04-52-053_GE499KN-FRA.jpg,GE-499-KN,GE-499-KN,0.9765,1,1,GE499KN,GE499KN
2025-07-26_14-46-58-235_HB844RT-FRA.jpg,HB-844-RT.,HB-844-RT.,0.9989,1,1,HB844RT,HB844RT
2025-07-26_13-00-55-008_GR776CD-FRA.jpg,GR-776.CD,GR-776.CD,0.9999,1,1,GR776CD,GR776CD
2025-07-26_10-26-07-037_FM386TS-FRA.jpg,.FM.386-TS,.FM.386-TS,0.9835,1,1,FM386TS,FM386TS
2025-07-26_12-37-40-885_DG909QL-FRA.jpg,DG-909-QL,DG-909-QL,0.9998,1,1,DG909QL,DG909QL
2025-07-26_16-16-44-118_FV956JT-FRA.jpg,FV-956-JT.,FV-956-JT.,0.9991,1,1,FV956JT,FV956JT
2025-07-26_11-54-12-437_HA456GS-FRA.jpg,HA-456-GS,HA-456-GS,0.9571,1,1,HA456GS,HA456GS
2025-07-26_16-48-24-796_CA316CB-FRA.jpg,CA-316-CB,CA-316-CB,0.9957,1,1,CA316CB,CA316CB
2025-07-26_09-49-26-602_FZ181CR-FRA.jpg,FZ-181-CR,FZ-181-CR,0.9978,1,1,FZ181CR,FZ181CR
2025-07-26_10-06-54-508_CJ345XH-FRA.jpg,CJ-345-XH,CJ-345-XH,0.9999,1,1,CJ345XH,CJ345XH
2025-07-26_13-11-29-067_GD784HV-FRA.jpg,GD-784-HV,GD-784-HV,0.9999,1,1,GD784HV,GD784HV
2025-07-26_11-09-30-549_GS156GW-FRA.jpg,GS-156-GW,GS-156-GW,0.9997,1,1,GS156GW,GS156GW
2025-07-26_12-28-58-430_AR120YS-FRA.jpg,AR-120-YS,AR-120-YS,0.9989,1,1,AR120YS,AR120YS
2025-07-26_10-05-51-731_DL854EY-FRA.jpg,DL-854-EY,DL-854-EY,0.9995,1,1,DL854EY,DL854EY
2025-07-26_16-47-48-640_FE089XR-FRA.jpg,FE089XR,FE089XR,1.0000,1,1,FE089XR,FE089XR
2025-07-26_10-56-20-352_EJ638JB-FRA.jpg,EJ-638-JB,EJ-638-JB,0.9999,1,1,EJ638JB,EJ638JB
2025-07-26_10-08-53-449_HE980JT-FRA.jpg,HE-980-JT,HE-980-JT,1.0000,1,1,HE980JT,HE980JT
2025-07-26_11-18-54-530_DQ744AE-FRA.jpg,DQ-744-AE,DQ-744-AE,0.9999,1,1,DQ744AE,DQ744AE
2025-07-26_09-14-13-605_BR535CW-FRA.jpg,BR535CW,BR535CW,1.0000,1,1,BR535CW,BR535CW
2025-07-26_13-13-51-209_WW884AC-FRA.jpg,WW-884-AC,WW-884-AC,1.0000,1,1,WW884AC,WW884AC
2025-07-26_13-23-58-554_BK001WD-FRA.jpg,BK.001.WD,BK.001.WD,0.9913,1,1,BK001WD,BK001WD
2025-07-26_14-12-28-110_GY109JV-FRA.jpg,GY-109-JV,GY-109-JV,0.9703,1,1,GY109JV,GY109JV
2025-07-26_13-08-43-652_FZ771KV-FRA.jpg,FZ-771-KV,FZ-771-KV,1.0000,1,1,FZ771KV,FZ771KV
2025-07-26_14-14-32-999_GS239XF-FRA.jpg,GS-239-XF,GS-239-XF,1.0000,1,1,GS239XF,GS239XF
2025-07-26_15-39-09-507_FX186ET-FRA.jpg,FX-186-ET,FX-186-ET,0.9998,1,1,FX186ET,FX186ET
2025-07-26_12-08-58-303_CD405EW-FRA.jpg,CD-405-EW,CD-405-EW,1.0000,1,1,CD405EW,CD405EW
2025-07-26_16-06-28-908_HA750NG-FRA.jpg,HA-750-NG,HA-750-NG,1.0000,1,1,HA750NG,HA750NG
2025-07-26_15-53-50-560_GX258WG-FRA.jpg,GX-258-WG,GX-258-WG,1.0000,1,1,GX258WG,GX258WG
2025-07-26_10-51-29-370_GD737RF-FRA.jpg,GD-737-RF,GD-737-RF,0.9971,1,1,GD737RF,GD737RF
2025-07-26_17-10-40-669_AS813DB-ITA.jpg,AS-813-DB,AS-813-DB,1.0000,1,1,AS813DB,AS813DB
2025-07-26_18-07-43-700_BG609XS-FRA.jpg,BG-609-XS,BG-609-XS,0.9979,1,1,BG609XS,BG609XS
2025-07-26_10-25-27-281_BC009QB-FRA.jpg,BC-009-QB,BC-009-QB,0.9880,1,1,BC009QB,BC009QB
2025-07-26_12-25-57-294_FN974VJ-FRA.jpg,FN-974-VJ,FN-974-VJ,1.0000,1,1,FN974VJ,FN974VJ
2025-07-26_12-18-40-364_EX294NH-FRA.jpg,EX-294-NH,EX-294-NH,0.9888,1,1,EX294NH,EX294NH
2025-07-26_14-26-45-467_FT508RK-FRA.jpg,FT-508-RK,FT-508-RK,0.9994,1,1,FT508RK,FT508RK
2025-07-26_12-12-46-993_GS802PP-FRA.jpg,GS-802-PP,GS-802-PP,0.9460,1,1,GS802PP,GS802PP
2025-07-26_16-39-52-276_HD041YM-FRA.jpg,HD-041-YM,HD-041-YM,0.9974,1,1,HD041YM,HD041YM
2025-07-26_18-12-22-567_GK047WH-FRA.jpg,GK-047-WH,GK-047-WH,1.0000,1,1,GK047WH,GK047WH
2025-07-26_10-18-12-513_HB130QT-FRA.jpg,HB-130-QT,HB-130-QT,0.9496,1,1,HB130QT,HB130QT
2025-07-26_10-05-24-681_GZ047VF-FRA.jpg,GZ-047-VF,GZ-047-VF,0.9811,1,1,GZ047VF,GZ047VF
2025-07-26_11-13-38-982_GE771QP-FRA.jpg,GE-771-QP,GE-771-QP,1.0000,1,1,GE771QP,GE771QP
2025-07-26_12-27-55-257_GJ560YD-FRA.jpg,GJ-560-YD,GJ-560-YD,0.9975,1,1,GJ560YD,GJ560YD
2025-07-26_11-18-55-405_CY013FP-FRA.jpg,CY-013-FP,CY-013-FP,1.0000,1,1,CY013FP,CY013FP
2025-07-26_12-53-30-848_AN578TJ-FRA.jpg,AN-578-TJ,AN-578-TJ,0.9925,1,1,AN578TJ,AN578TJ
2025-07-26_13-12-24-260_DH067FS-FRA.jpg,DH-067-FS,DH-067-FS,0.9995,1,1,DH067FS,DH067FS
2025-07-26_16-15-51-958_BY380PV-FRA.jpg,BY-380-PV,BY-380-PV,0.9874,1,1,BY380PV,BY380PV
2025-07-26_14-39-15-213_GS829VP-FRA.jpg,GS-829-VP,GS-829-VP,0.9800,1,1,GS829VP,GS829VP
2025-07-26_11-16-27-347_DA433EY-FRA.jpg,DA-433-EY.,DA-433-EY.,0.9996,1,1,DA433EY,DA433EY
2025-07-26_14-31-50-464_EE777WW-FRA.jpg,EE-777-WW.,EE-777-WW.,0.9995,1,1,EE777WW,EE777WW
2025-07-26_18-07-41-948_FR755CP-FRA.jpg,FR-755-CP,FR-755-CP,1.0000,1,1,FR755CP,FR755CP
2025-07-26_11-13-53-457_GT515QY-FRA.jpg,GT-515-QY,GT-515-QY,0.9993,1,1,GT515QY,GT515QY
2025-07-26_13-21-49-082_GF651YL-FRA.jpg,GF-651YL,GF-651YL,0.9982,1,1,GF651YL,GF651YL
2025-07-26_16-39-35-510_BV470XY-FRA.jpg,BV-470-XY,BV-470-XY,1.0000,1,1,BV470XY,BV470XY
2025-07-26_09-57-09-936_GF031QA-FRA.jpg,GF-031-QA,GF-031-QA,0.9999,1,1,GF031QA,GF031QA
2025-07-26_11-44-36-202_FC644PS-FRA.jpg,FC-644-PS,FC-644-PS,0.9667,1,1,FC644PS,FC644PS
2025-07-26_12-07-03-813_GY353XK-FRA.jpg,GY-353-XK,GY-353-XK,0.9999,1,1,GY353XK,GY353XK
2025-07-26_10-26-01-457_HC780ZM-FRA.jpg,HC-780-ZM,HC-780-ZM,1.0000,1,1,HC780ZM,HC780ZM
2025-07-26_09-19-28-533_FM137BY-FRA.jpg,FM-137-BY,FM-137-BY,0.9468,1,1,FM137BY,FM137BY
2025-07-26_10-28-03-213_AA206XA-FRA.jpg,AA-206-XA,AA-206-XA,0.9919,1,1,AA206XA,AA206XA
2025-07-26_12-12-51-247_HD524LL-FRA.jpg,HD-524-LL,HD-524-LL,1.0000,1,1,HD524LL,HD524LL
2025-07-26_12-50-13-916_EJ492WC-FRA.jpg,EJ-492-WC,EJ-492-WC,0.9997,1,1,EJ492WC,EJ492WC
2025-07-26_16-38-52-580_BT950QX-FRA.jpg,BT-950-QX,BT-950-QX,0.9835,1,1,BT950QX,BT950QX
2025-07-26_09-09-30-119_FR955EG-FRA.jpg,FR-955-EG,FR-955-EG,0.9869,1,1,FR955EG,FR955EG
2025-07-26_09-58-09-941_FQ596BD-FRA.jpg,FQ-596-BD,FQ-596-BD,1.0000,1,1,FQ596BD,FQ596BD
2025-07-26_13-32-20-371_GN137YD-FRA.jpg,GN-137-YD,GN-137-YD,1.0000,1,1,GN137YD,GN137YD
2025-07-26_14-24-55-366_GS603QF-FRA.jpg,GS-603-QF.,GS-603-QF.,0.9795,1,1,GS603QF,GS603QF
2025-07-26_13-12-18-810_HE696AA-FRA.jpg,HE-696-AA,HE-696-AA,0.9999,1,1,HE696AA,HE696AA
2025-07-26_14-50-50-889_HC396QN-FRA.jpg,HC-396-QN,HC-396-QN,1.0000,1,1,HC396QN,HC396QN
2025-07-26_18-24-51-322_DH288MY-FRA.jpg,.DH288MY,.DH288MY,1.0000,1,1,DH288MY,DH288MY
2025-07-26_11-59-21-863_CE167ZK-FRA.jpg,CE-167-ZK,CE-167-ZK,1.0000,1,1,CE167ZK,CE167ZK
2025-07-26_15-34-04-638_FA144AW-FRA.jpg,FA-144-AW,FA-144-AW,1.0000,1,1,FA144AW,FA144AW
2025-07-26_16-36-44-981_EM987WR-FRA.jpg,EM-987-WR,EM-987-WR,0.9995,1,1,EM987WR,EM987WR
2025-07-26_13-19-13-875_GN172NK-FRA.jpg,GN-172-NK.,GN-172-NK.,0.9995,1,1,GN172NK,GN172NK
2025-07-26_13-22-22-574_EC051GS-FRA.jpg,EC-051-GS,EC-051-GS,1.0000,1,1,EC051GS,EC051GS
2025-07-26_15-20-24-969_FZ687NG-FRA.jpg,FZ-687-NG,FZ-687-NG,1.0000,1,1,FZ687NG,FZ687NG
2025-07-26_14-14-58-545_FJ788MK-FRA.jpg,FJ-788-MK,FJ-788-MK,0.9998,1,1,FJ788MK,FJ788MK
2025-07-26_12-11-56-906_FN150ZB-FRA.jpg,FN-150-ZB,FN-150-ZB,1.0000,1,1,FN150ZB,FN150ZB
2025-07-26_13-24-18-562_BP176PH-FRA.jpg,BP-176-PH,BP-176-PH,0.9951,1,1,BP176PH,BP176PH
2025-07-26_16-50-25-451_EM437GQ-FRA.jpg,EM-437-GQ,EM-437-GQ,0.9945,1,1,EM437GQ,EM437GQ
2025-07-26_16-06-50-527_DZ745ZQ-FRA.jpg,DZ-745-ZQ,DZ-745-ZQ,0.9998,1,1,DZ745ZQ,DZ745ZQ
2025-07-26_18-22-35-690_CC291RQ-FRA.jpg,CC-291RQ,CC-291RQ,0.9799,1,1,CC291RQ,CC291RQ
2025-07-26_11-24-43-441_GN579NB-FRA.jpg,GN-579-NB,GN-579-NB,1.0000,1,1,GN579NB,GN579NB
2025-07-26_18-27-37-117_DD871NG-FRA.jpg,DD-871-NG.,DD-871-NG.,1.0000,1,1,DD871NG,DD871NG
2025-07-26_11-40-34-140_EX730QR-FRA.jpg,EX730QR,EX730QR,1.0000,1,1,EX730QR,EX730QR
2025-07-26_10-19-43-782_FT238JC-FRA.jpg,FT-238-JC,FT-238-JC,0.9999,1,1,FT238JC,FT238JC
2025-07-26_09-36-21-793_CR286FT-FRA.jpg,CR-286-FT.,CR-286-FT.,1.0000,1,1,CR286FT,CR286FT
2025-07-26_10-47-23-418_GD284KV-FRA.jpg,GD-284-KV,GD-284-KV,0.9892,1,1,GD284KV,GD284KV
2025-07-26_13-11-48-232_CQ982TA-FRA.jpg,CQ-982-TA,CQ-982-TA,0.9999,1,1,CQ982TA,CQ982TA
2025-07-26_13-23-24-412_DA384DY-FRA.jpg,DA-384-DY,DA-384-DY,0.9997,1,1,DA384DY,DA384DY
2025-07-26_10-51-36-590_GW416PM-FRA.jpg,GW-416-PM,GW-416-PM,0.9999,1,1,GW416PM,GW416PM
2025-07-26_13-10-20-588_BF493EN-ITA.jpg,BF-493-EN,BF-493-EN,1.0000,1,1,BF493EN,BF493EN
2025-07-26_13-34-17-107_CZ853ZN-FRA.jpg,CZ-853-ZN,CZ-853-ZN,0.9933,1,1,CZ853ZN,CZ853ZN
2025-07-26_11-11-23-938_AL823FL-FRA.jpg,AL-823-FL.,AL-823-FL.,0.9999,1,1,AL823FL,AL823FL
2025-07-26_11-16-42-767_CJ466FC-FRA.jpg,CJ-466-FC,CJ-466-FC,0.9993,1,1,CJ466FC,CJ466FC
2025-07-26_10-07-47-210_GZ303PJ-FRA.jpg,GZ-303-PJ,GZ-303-PJ,1.0000,1,1,GZ303PJ,GZ303PJ
2025-07-26_18-16-41-014_EC216QS-FRA.jpg,EC-216-QS,EC-216-QS,0.9996,1,1,EC216QS,EC216QS
2025-07-26_10-18-25-659_CY624ZE-FRA.jpg,CY-624-ZE,CY-624-ZE,1.0000,1,1,CY624ZE,CY624ZE
2025-07-26_12-53-38-516_DY932GK-FRA.jpg,DY-932-GK,DY-932-GK,0.9984,1,1,DY932GK,DY932GK
2025-07-26_14-35-52-347_CH574FS-FRA.jpg,CH-574-FS,CH-574-FS,0.9997,1,1,CH574FS,CH574FS
2025-07-26_12-26-18-579_118REX75-FRA.jpg,118REX75,118REX75,1.0000,1,1,118REX75,118REX75
2025-07-26_13-07-54-621_AQ051SH-FRA.jpg,AQ.051.SH,AQ.051.SH,0.9997,1,1,AQ051SH,AQ051SH
2025-07-26_11-16-54-421_BV586LD-FRA.jpg,BV-586-LD,BV-586-LD,1.0000,1,1,BV586LD,BV586LD
2025-07-26_10-13-45-752_FX635CF-FRA.jpg,FX-635-CF,FX-635-CF,0.9998,1,1,FX635CF,FX635CF
2025-07-26_10-21-29-617_DS852YY-FRA.jpg,DS-852-YY,DS-852-YY,0.9966,1,1,DS852YY,DS852YY
2025-07-26_18-00-16-988_BR730WB-FRA.jpg,BR-730-WB,BR-730-WB,0.9934,1,1,BR730WB,BR730WB
2025-07-26_13-09-21-354_CW817ZD-FRA.jpg,CW-817-ZD,CW-817-ZD,1.0000,1,1,CW817ZD,CW817ZD
2025-07-26_11-36-14-529_FE545DA-FRA.jpg,FE-545-DA,FE-545-DA,0.9999,1,1,FE545DA,FE545DA
2025-07-26_12-34-08-691_AM249HJ-FRA.jpg,AM-249-HJ.,AM-249-HJ.,0.9999,1,1,AM249HJ,AM249HJ
2025-07-26_12-27-06-278_DE664HA-FRA.jpg,DE-664-HA,DE-664-HA,0.9946,1,1,DE664HA,DE664HA
2025-07-26_09-57-41-027_BY849QE-FRA.jpg,BY-849-QE,BY-849-QE,0.9978,1,1,BY849QE,BY849QE
2025-07-26_13-44-51-686_HA009DJ-FRA.jpg,HA-009-DJ,HA-009-DJ,1.0000,1,1,HA009DJ,HA009DJ
2025-07-26_12-16-43-869_AN135JG-FRA.jpg,AN-135-JG,AN-135-JG,1.0000,1,1,AN135JG,AN135JG
2025-07-26_17-42-12-628_GB694CH-FRA.jpg,GB-694-CH,GB-694-CH,0.9998,1,1,GB694CH,GB694CH
2025-07-26_10-52-44-720_BG709GB-FRA.jpg,BG-709-GB.,BG-709-GB.,0.9939,1,1,BG709GB,BG709GB
2025-07-26_10-22-06-019_BJ553ZB-FRA.jpg,BJ-553-ZB,BJ-553-ZB,1.0000,1,1,BJ553ZB,BJ553ZB
2025-07-26_12-06-57-709_GY607YT-FRA.jpg,GY-607-YT,GY-607-YT,0.9977,1,1,GY607YT,GY607YT
2025-07-26_10-40-56-879_HC473TF-FRA.jpg,HC-473-TF,HC-473-TF,1.0000,1,1,HC473TF,HC473TF
2025-07-26_12-10-57-092_FM774ET-FRA.jpg,FM-774-ET,FM-774-ET,0.9968,1,1,FM774ET,FM774ET
2025-07-26_15-12-20-623_FC236NJ-FRA.jpg,FC-236-NJ,FC-236-NJ,0.9999,1,1,FC236NJ,FC236NJ
2025-07-26_13-18-08-301_FK099KS-FRA.jpg,FK-099-KS,FK-099-KS,0.9998,1,1,FK099KS,FK099KS
2025-07-26_11-31-51-654_CJ150HF-FRA.jpg,CJ-150-HF,CJ-150-HF,0.9979,1,1,CJ150HF,CJ150HF
2025-07-26_09-11-00-148_HC388TS-FRA.jpg,HC-388-TS,HC-388-TS,0.9996,1,1,HC388TS,HC388TS
2025-07-26_15-37-40-032_BZ072WJ-FRA.jpg,BZ-072.WJ,BZ-072.WJ,0.9993,1,1,BZ072WJ,BZ072WJ
2025-07-26_18-11-32-304_CM108AH-FRA.jpg,CM-108-AH,CM-108-AH,0.9998,1,1,CM108AH,CM108AH
2025-07-26_13-14-18-956_DG958BX-FRA.jpg,DG-958-BX,DG-958-BX,1.0000,1,1,DG958BX,DG958BX
2025-07-26_12-37-20-745_AM786GG-FRA.jpg,AM-786-GG,AM-786-GG,0.9999,1,1,AM786GG,AM786GG
2025-07-26_13-05-39-916_AQ241MM-FRA.jpg,AQ-241-MM,AQ-241-MM,0.9973,1,1,AQ241MM,AQ241MM
2025-07-26_11-21-59-730_AS097PN-FRA.jpg,AS-097-PN,AS-097-PN,0.9993,1,1,AS097PN,AS097PN
2025-07-26_09-59-27-443_GM306MW-FRA.jpg,GM-306-MW,GM-306-MW,0.9995,1,1,GM306MW,GM306MW
2025-07-26_10-19-56-336_AH659ZD-FRA.jpg,AH-659-ZD,AH-659-ZD,0.9998,1,1,AH659ZD,AH659ZD
2025-07-26_09-26-16-737_BF016DX-FRA.jpg,BF-016-DX,BF-016-DX,0.9770,1,1,BF016DX,BF016DX
2025-07-26_13-00-53-513_GM111DT-FRA.jpg,GM-111-DT,GM-111-DT,0.9922,1,1,GM111DT,GM111DT
2025-07-26_09-45-52-921_BT758JH-FRA.jpg,BT-758-JH,BT-758-JH,0.9999,1,1,BT758JH,BT758JH
2025-07-26_11-18-53-858_EQ531MZ-FRA.jpg,EQ531MZ,EQ531MZ,0.9992,1,1,EQ531MZ,EQ531MZ
2025-07-26_09-49-24-420_FZ181CR-FRA.jpg,FZ-181-CR.,FZ-181-CR.,0.9904,1,1,FZ181CR,FZ181CR
2025-07-26_09-36-04-816_WW170GJ-FRA.jpg,WW-170-GJ,WW-170-GJ,1.0000,1,1,WW170GJ,WW170GJ
2025-07-26_10-56-28-719_FH996LW-FRA.jpg,FH-996-LW.,FH-996-LW.,1.0000,1,1,FH996LW,FH996LW
2025-07-26_17-20-05-759_BY068QZ-FRA.jpg,BY-068-QZ,BY-068-QZ,1.0000,1,1,BY068QZ,BY068QZ
2025-07-26_09-47-12-924_DK661LH-FRA.jpg,DK-661-LH,DK-661-LH,1.0000,1,1,DK661LH,DK661LH
2025-07-26_12-54-32-436_GL564DC-FRA.jpg,GL-564-DC,GL-564-DC,0.9999,1,1,GL564DC,GL564DC
2025-07-26_14-41-47-929_GA478YP-FRA.jpg,GA-478-YP,GA-478-YP,1.0000,1,1,GA478YP,GA478YP
2025-07-26_17-11-50-381_DC523QZ-FRA.jpg,DC-523-QZ,DC-523-QZ,0.9997,1,1,DC523QZ,DC523QZ
2025-07-26_17-03-21-020_FT458HD-FRA.jpg,FT-458-HD,FT-458-HD,0.9868,1,1,FT458HD,FT458HD
2025-07-26_10-14-14-092_EC169TS-FRA.jpg,EC-169-TS,EC-169-TS,0.9999,1,1,EC169TS,EC169TS
2025-07-26_18-03-25-405_EN036EN-FRA.jpg,EN-036-EN,EN-036-EN,0.9999,1,1,EN036EN,EN036EN
2025-07-26_10-55-35-654_CD968ER-FRA.jpg,CD-968-ER,CD-968-ER,1.0000,1,1,CD968ER,CD968ER
2025-07-26_14-15-49-792_GP921TF-FRA.jpg,GP-921-TF,GP-921-TF,0.9999,1,1,GP921TF,GP921TF
2025-07-26_10-30-39-079_CY027ZA-FRA.jpg,CY-027-ZA,CY-027-ZA,0.9953,1,1,CY027ZA,CY027ZA
2025-07-26_09-21-07-536_DL058KE-FRA.jpg,DL.058.KE,DL.058.KE,0.9969,1,1,DL058KE,DL058KE
2025-07-26_10-21-15-518_DK336EZ-ITA.jpg,DK-336-EZ,DK-336-EZ,1.0000,1,1,DK336EZ,DK336EZ
2025-07-26_09-21-12-217_BY082AN-FRA.jpg,BY-082-AN,BY-082-AN,0.9999,1,1,BY082AN,BY082AN
2025-07-26_13-21-33-939_GB120BZ-FRA.jpg,GB.120.BZ,GB.120.BZ,0.9498,1,1,GB120BZ,GB120BZ
2025-07-26_11-49-31-577_FX015LA-FRA.jpg,FX-015-LA,FX-015-LA,0.9830,1,1,FX015LA,FX015LA
2025-07-26_12-43-03-021_AR733TM-FRA.jpg,AR-733-TM,AR-733-TM,0.9995,1,1,AR733TM,AR733TM
2025-07-26_11-11-44-059_HD534EH-FRA.jpg,HD-534-EH,HD-534-EH,0.9871,1,1,HD534EH,HD534EH
2025-07-26_17-15-33-587_DG220NM-FRA.jpg,DG-220-NM,DG-220-NM,0.9514,1,1,DG220NM,DG220NM
2025-07-26_14-58-42-148_GD371VP-FRA.jpg,GD-371-VP,GD-371-VP,1.0000,1,1,GD371VP,GD371VP
2025-07-26_11-42-57-544_DH950BT-FRA.jpg,DH-950-BT,DH-950-BT,0.9907,1,1,DH950BT,DH950BT
2025-07-26_13-25-38-601_GW654ZY-FRA.jpg,GW-654-ZY.,GW-654-ZY.,0.9999,1,1,GW654ZY,GW654ZY
2025-07-26_16-05-58-766_CV668TE-FRA.jpg,CV-668-TE,CV-668-TE,0.9990,1,1,CV668TE,CV668TE
2025-07-26_10-25-56-825_FP397FS-FRA.jpg,FP-397-FS.,FP-397-FS.,0.9999,1,1,FP397FS,FP397FS
2025-07-26_09-21-16-523_FW868BL-FRA.jpg,FW868BL,FW868BL,0.9993,1,1,FW868BL,FW868BL
2025-07-26_10-55-42-554_BD727HP-FRA.jpg,BD-727-HP,BD-727-HP,0.9772,1,1,BD727HP,BD727HP
2025-07-26_16-31-41-225_FF186WS-FRA.jpg,FF-186-WS,FF-186-WS,0.9998,1,1,FF186WS,FF186WS
2025-07-26_09-19-38-700_DL704XM-FRA.jpg,DL-704-XM,DL-704-XM,0.9466,1,1,DL704XM,DL704XM
2025-07-26_11-05-35-834_DA823QG-FRA.jpg,DA-823-QG,DA-823-QG,1.0000,1,1,DA823QG,DA823QG
2025-07-26_13-21-49-036_GT637YP-FRA.jpg,GT-637-YP,GT-637-YP,1.0000,1,1,GT637YP,GT637YP
2025-07-26_13-36-19-046_EY512ZZ-FRA.jpg,EY-512-ZZ.,EY-512-ZZ.,1.0000,1,1,EY512ZZ,EY512ZZ
2025-07-26_11-24-41-122_EH808SF-FRA.jpg,EH-808-SF,EH-808-SF,0.9998,1,1,EH808SF,EH808SF
2025-07-26_13-04-42-179_EN114XQ-FRA.jpg,EN.114.XQ,EN.114.XQ,0.9832,1,1,EN114XQ,EN114XQ
2025-07-26_11-27-07-548_GP410TH-FRA.jpg,GP-410-TH,GP-410-TH,0.9999,1,1,GP410TH,GP410TH
2025-07-26_10-56-40-334_GC551QB-FRA.jpg,GC-551-QB,GC-551-QB,0.9990,1,1,GC551QB,GC551QB
2025-07-26_10-18-05-854_EP117QF-FRA.jpg,EP-117-QF.,EP-117-QF.,0.9703,1,1,EP117QF,EP117QF
2025-07-26_12-17-09-009_CW089WH-FRA.jpg,CW-089-WH,CW-089-WH,1.0000,1,1,CW089WH,CW089WH
2025-07-26_13-23-28-456_HE903PL-FRA.jpg,HE.903.PL,HE.903.PL,0.9984,1,1,HE903PL,HE903PL
2025-07-26_12-35-39-120_DT355BJ-FRA.jpg,DT-355-BJ,DT-355-BJ,0.9952,1,1,DT355BJ,DT355BJ
2025-07-26_11-22-02-825_BC564BD-FRA.jpg,BC-564-BD,BC-564-BD,1.0000,1,1,BC564BD,BC564BD
2025-07-26_09-21-04-149_FV929DM-FRA.jpg,FV-929-DM,FV-929-DM,1.0000,1,1,FV929DM,FV929DM
2025-07-26_11-39-33-941_CR146CG-FRA.jpg,CR-146-CG,CR-146-CG,0.9999,1,1,CR146CG,CR146CG
2025-07-26_15-54-43-802_DQ292LT-FRA.jpg,DQ-292-LT,DQ-292-LT,1.0000,1,1,DQ292LT,DQ292LT
2025-07-26_09-21-23-752_AW552MF-FRA.jpg,AW-552-MF,AW-552-MF,0.9935,1,1,AW552MF,AW552MF
2025-07-26_09-41-23-243_FZ077HM-FRA.jpg,FZ-077-HM.,FZ-077-HM.,0.9999,1,1,FZ077HM,FZ077HM
2025-07-26_12-37-27-365_GV135SZ-FRA.jpg,GV-135-SZ,GV-135-SZ,0.9982,1,1,GV135SZ,GV135SZ
2025-07-26_12-22-40-743_AT238SK-FRA.jpg,AT-238-SK.,AT-238-SK.,0.9719,1,1,AT238SK,AT238SK
2025-07-26_12-06-08-734_HE040DE-FRA.jpg,HE040DE,HE040DE,1.0000,1,1,HE040DE,HE040DE
2025-07-26_14-41-15-148_FR074ZB-FRA.jpg,FR074ZB,FR074ZB,1.0000,1,1,FR074ZB,FR074ZB
2025-07-26_11-32-04-511_AL595EW-FRA.jpg,AL-595-EW,AL-595-EW,0.9937,1,1,AL595EW,AL595EW
2025-07-26_14-18-18-259_FE807PE-FRA.jpg,FE-807-PE,FE-807-PE,0.9978,1,1,FE807PE,FE807PE
2025-07-26_17-23-24-722_EM026TY-FRA.jpg,EM-026-TY,EM-026-TY,0.9852,1,1,EM026TY,EM026TY
2025-07-26_10-28-19-195_ER799EY-FRA.jpg,ER-799-EY,ER-799-EY,1.0000,1,1,ER799EY,ER799EY
2025-07-26_09-04-40-593_FP666NB-FRA.jpg,FP-666-NB,FP-666-NB,0.9986,1,1,FP666NB,FP666NB
2025-07-26_13-13-22-300_DT595XN-FRA.jpg,DT-595-XN,DT-595-XN,0.9903,1,1,DT595XN,DT595XN
2025-07-26_15-43-54-791_AP198EP-FRA.jpg,AP-198-EP,AP-198-EP,0.9986,1,1,AP198EP,AP198EP
2025-07-26_14-21-34-550_FB705NG-FRA.jpg,FB-705-NG,FB-705-NG,0.9999,1,1,FB705NG,FB705NG
2025-07-26_16-51-47-103_CZ165YK-FRA.jpg,CZ-165-YK,CZ-165-YK,1.0000,1,1,CZ165YK,CZ165YK
2025-07-26_12-38-47-986_FG555LD-FRA.jpg,FG-555-LD,FG-555-LD,0.9980,1,1,FG555LD,FG555LD
2025-07-26_10-17-59-855_CT499HK-FRA.jpg,CT-499-HK,CT-499-HK,0.9904,1,1,CT499HK,CT499HK
2025-07-26_12-49-11-324_DT945EP-FRA.jpg,DT-945-EP,DT-945-EP,0.9679,1,1,DT945EP,DT945EP
2025-07-26_12-26-07-306_FB844ZH-FRA.jpg,FB-844-ZH,FB-844-ZH,0.9083,1,1,FB844ZH,FB844ZH
2025-07-26_10-06-57-714_FW286JF-FRA.jpg,FW-286-JF,FW-286-JF,1.0000,1,1,FW286JF,FW286JF
2025-07-26_14-03-36-163_FE012SW-FRA.jpg,FE-012-SW,FE-012-SW,1.0000,1,1,FE012SW,FE012SW
2025-07-26_10-11-12-447_HA633EC-FRA.jpg,HA-633-EC,HA-633-EC,0.9825,1,1,HA633EC,HA633EC
2025-07-26_14-25-10-367_EA010WC-FRA.jpg,EA-010-WC,EA-010-WC,0.9994,1,1,EA010WC,EA010WC
2025-07-26_13-20-07-090_FN482KT-FRA.jpg,FN-482-KT,FN-482-KT,0.9999,1,1,FN482KT,FN482KT
2025-07-26_10-18-28-037_CY624ZE-FRA.jpg,CY-624-ZE,CY-624-ZE,0.9994,1,1,CY624ZE,CY624ZE
2025-07-26_10-59-31-996_AF689FX-FRA.jpg,AF-689-FX,AF-689-FX,0.9598,1,1,AF689FX,AF689FX
2025-07-26_18-21-03-719_GZ663CW-FRA.jpg,GZ-663-CW,GZ-663-CW,0.9999,1,1,GZ663CW,GZ663CW
2025-07-26_10-15-37-245_EN997NW-FRA.jpg,EN-997-NW,EN-997-NW,1.0000,1,1,EN997NW,EN997NW
2025-07-26_11-14-01-924_AD471VL-FRA.jpg,AD-471-VL.,AD-471-VL.,0.9439,1,1,AD471VL,AD471VL
2025-07-26_12-04-38-603_GT253QE-FRA.jpg,GT-253-QE.,GT-253-QE.,1.0000,1,1,GT253QE,GT253QE
2025-07-26_10-17-30-289_AG707QL-FRA.jpg,AG.707.QL,AG.707.QL,1.0000,1,1,AG707QL,AG707QL
2025-07-26_17-28-51-661_DR306KX-ITA.jpg,DR-306-KX,DR-306-KX,0.9985,1,1,DR306KX,DR306KX
2025-07-26_10-22-59-336_GG548RL-FRA.jpg,GG-548-RL.,GG-548-RL.,0.9762,1,1,GG548RL,GG548RL
2025-07-26_12-30-28-189_CB353YS-FRA.jpg,CB-353-YS,CB-353-YS,0.9994,1,1,CB353YS,CB353YS
2025-07-26_12-53-51-913_DT666EA-FRA.jpg,DT-666-EA.,DT-666-EA.,0.9997,1,1,DT666EA,DT666EA
2025-07-26_12-28-18-216_GL410JW-FRA.jpg,GL-410-JW,GL-410-JW,1.0000,1,1,GL410JW,GL410JW
2025-07-26_14-14-00-780_BR805XQ-FRA.jpg,BR-805-XQ,BR-805-XQ,0.9989,1,1,BR805XQ,BR805XQ
2025-07-26_18-21-20-956_DQ423AY-FRA.jpg,DQ.423-AY,DQ.423-AY,1.0000,1,1,DQ423AY,DQ423AY
2025-07-26_13-18-27-767_EB399DF-FRA.jpg,EB-399-DF,EB-399-DF,0.9998,1,1,EB399DF,EB399DF
2025-07-26_09-42-09-360_GJ756BQ-FRA.jpg,GJ-756-BQ,GJ-756-BQ,0.9554,1,1,GJ756BQ,GJ756BQ
2025-07-26_14-01-55-390_DX340TT-FRA.jpg,DX-340-TT,DX-340-TT,0.9998,1,1,DX340TT,DX340TT
2025-07-26_14-15-16-861_FL133YW-FRA.jpg,FL-133-YW,FL-133-YW,0.9479,1,1,FL133YW,FL133YW
2025-07-26_10-29-07-079_ER251SZ-FRA.jpg,ER-251-SZ.,ER-251-SZ.,0.9999,1,1,ER251SZ,ER251SZ
2025-07-26_10-58-52-493_GQ504GB-FRA.jpg,GQ-504-GB,GQ-504-GB,0.9904,1,1,GQ504GB,GQ504GB
2025-07-26_09-14-23-080_AQ259BK-FRA.jpg,AQ-259-BK,AQ-259-BK,0.9999,1,1,AQ259BK,AQ259BK
2025-07-26_11-35-54-710_EB593EE-FRA.jpg,EB593EE,EB593EE,0.9723,1,1,EB593EE,EB593EE
2025-07-26_10-21-51-116_DY186NV-FRA.jpg,DY-186-NV,DY-186-NV,0.9920,1,1,DY186NV,DY186NV
2025-07-26_13-27-23-106_BT939WB-FRA.jpg,BT-939-WB,BT-939-WB,0.9999,1,1,BT939WB,BT939WB
2025-07-26_11-03-56-747_CZ273HK-FRA.jpg,CZ-273-HK,CZ-273-HK,0.9797,1,1,CZ273HK,CZ273HK
2025-07-26_10-53-40-323_AA855YR-FRA.jpg,AA-855-YR,AA-855-YR,0.9998,1,1,AA855YR,AA855YR
2025-07-26_09-21-55-866_GP806XS-FRA.jpg,GP-806-XS,GP-806-XS,0.9944,1,1,GP806XS,GP806XS
2025-07-26_12-43-01-173_AR733TM-FRA.jpg,AR-733-TM,AR-733-TM,0.9869,1,1,AR733TM,AR733TM
2025-07-26_10-05-01-175_DA672EH-FRA.jpg,DA-672-EH,DA-672-EH,0.9998,1,1,DA672EH,DA672EH
2025-07-26_13-58-24-872_GS368MH-FRA.jpg,GS.368.MH,GS.368.MH,0.9632,1,1,GS368MH,GS368MH
2025-07-26_11-40-02-519_CQ481RQ-FRA.jpg,CQ-481-RQ,CQ-481-RQ,0.9907,1,1,CQ481RQ,CQ481RQ
2025-07-26_09-24-12-984_FE744HT-FRA.jpg,FE-744-HT,FE-744-HT,0.9998,1,1,FE744HT,FE744HT
2025-07-26_09-41-43-017_GJ073JL-FRA.jpg,GJ-073-JL,GJ-073-JL,0.9582,1,1,GJ073JL,GJ073JL
2025-07-26_12-34-00-877_DQ961YW-FRA.jpg,DQ-961-YW,DQ-961-YW,1.0000,1,1,DQ961YW,DQ961YW
2025-07-26_16-13-41-435_CV318ED-FRA.jpg,CV-318-ED,CV-318-ED,1.0000,1,1,CV318ED,CV318ED
2025-07-26_16-05-05-876_DB616QF-FRA.jpg,DB-616-QF.,DB-616-QF.,0.9717,1,1,DB616QF,DB616QF
2025-07-26_10-41-08-506_FC337KE-FRA.jpg,FC-337-KE,FC-337-KE,0.9921,1,1,FC337KE,FC337KE
2025-07-26_11-10-52-307_AQ222QD-FRA.jpg,AQ-222-QD,AQ-222-QD,0.9865,1,1,AQ222QD,AQ222QD
2025-07-26_17-53-41-091_HB045CB-FRA.jpg,HB-045-CB,HB-045-CB,0.9983,1,1,HB045CB,HB045CB
2025-07-26_15-10-26-717_GV365GP-FRA.jpg,GV-365-GP,GV-365-GP,0.9873,1,1,GV365GP,GV365GP
2025-07-26_13-22-12-422_FR880HS-FRA.jpg,FR-880-HS,FR-880-HS,0.9449,1,1,FR880HS,FR880HS
2025-07-26_10-06-46-785_BP891PH-FRA.jpg,BP891PH,BP891PH,1.0000,1,1,BP891PH,BP891PH
2025-07-26_16-02-40-843_DS004RA-FRA.jpg,DS-004-RA,DS-004-RA,1.0000,1,1,DS004RA,DS004RA
2025-07-26_12-46-21-423_EZ064ZZ-FRA.jpg,EZ-064-ZZ,EZ-064-ZZ,0.9354,1,1,EZ064ZZ,EZ064ZZ
2025-07-26_09-47-25-332_FZ495HK-FRA.jpg,FZ-495-HK,FZ-495-HK,0.9757,1,1,FZ495HK,FZ495HK
2025-07-26_12-27-07-912_EE008YJ-FRA.jpg,EE-008-YJ,EE-008-YJ,1.0000,1,1,EE008YJ,EE008YJ
2025-07-26_11-22-40-190_DL675MK-FRA.jpg,DL-675-MK,DL-675-MK,0.9998,1,1,DL675MK,DL675MK
2025-07-26_17-32-24-071_DQ009AF-FRA.jpg,DQ-009-AF,DQ-009-AF,1.0000,1,1,DQ009AF,DQ009AF
2025-07-26_16-13-03-981_GS904CY-FRA.jpg,GS904CY,GS904CY,0.9731,1,1,GS904CY,GS904CY
2025-07-26_17-16-43-406_CJ120WZ-FRA.jpg,CJ-120-WZ,CJ-120-WZ,0.9999,1,1,CJ120WZ,CJ120WZ
2025-07-26_14-11-42-657_FS357KV-FRA.jpg,FS-357-KV,FS-357-KV,0.9852,1,1,FS357KV,FS357KV
2025-07-26_09-38-36-133_GY840NH-FRA.jpg,GY-840-NH,GY-840-NH,0.9728,1,1,GY840NH,GY840NH
2025-07-26_13-55-49-243_BW578JW-FRA.jpg,BW-578-JW,BW-578-JW,1.0000,1,1,BW578JW,BW578JW
2025-07-26_10-30-59-721_GH858WT-FRA.jpg,GH-858-WT,GH-858-WT,0.9867,1,1,GH858WT,GH858WT
2025-07-26_12-48-54-005_GB345QN-FRA.jpg,GB-345-QN,GB-345-QN,1.0000,1,1,GB345QN,GB345QN
2025-07-26_12-20-56-932_BE900FF-FRA.jpg,.BE-900-FF,.BE-900-FF,0.9991,1,1,BE900FF,BE900FF
2025-07-26_13-09-15-100_CP306FV-FRA.jpg,CP.306-FV,CP.306-FV,0.9999,1,1,CP306FV,CP306FV
2025-07-26_12-19-40-476_BT881WS-FRA.jpg,BT-881-WS,BT-881-WS,0.9087,1,1,BT881WS,BT881WS
2025-07-26_13-14-03-242_EX757BK-FRA.jpg,EX-757-BK,EX-757-BK,1.0000,1,1,EX757BK,EX757BK
2025-07-26_15-48-59-875_GW438RF-FRA.jpg,GW438-RF,GW438-RF,0.9974,1,1,GW438RF,GW438RF
2025-07-26_17-29-45-070_BT882KM-FRA.jpg,BT.882-KM,BT.882-KM,0.9587,1,1,BT882KM,BT882KM
2025-07-26_15-26-49-651_AB472VP-FRA.jpg,AB-472-VP,AB-472-VP,0.9882,1,1,AB472VP,AB472VP
2025-07-26_14-34-11-290_GF709DW-FRA.jpg,GF-709-DW,GF-709-DW,0.9740,1,1,GF709DW,GF709DW
2025-07-26_11-13-43-041_FZ254YS-FRA.jpg,FZ-254-YS,FZ-254-YS,0.9995,1,1,FZ254YS,FZ254YS
2025-07-26_15-10-28-415_GV365GP-FRA.jpg,GV-365-GP,GV-365-GP,0.9999,1,1,GV365GP,GV365GP
2025-07-26_11-13-59-169_DV880XD-FRA.jpg,DV-880-XD,DV-880-XD,0.9083,1,1,DV880XD,DV880XD
2025-07-26_15-47-37-427_CE754AK-FRA.jpg,CE-754-AK,CE-754-AK,0.9998,1,1,CE754AK,CE754AK
2025-07-26_10-06-42-620_GV724FL-FRA.jpg,GV-724-FL,GV-724-FL,0.9990,1,1,GV724FL,GV724FL
2025-07-26_12-09-32-834_CJ591DL-FRA.jpg,CJ-591-DL,CJ-591-DL,0.9918,1,1,CJ591DL,CJ591DL
2025-07-26_17-34-12-437_CJ456PY-FRA.jpg,CJ-456-PY,CJ-456-PY,0.9999,1,1,CJ456PY,CJ456PY
2025-07-26_09-21-38-975_CP126QN-FRA.jpg,CP-126-QN,CP-126-QN,1.0000,1,1,CP126QN,CP126QN
2025-07-26_16-05-29-086_HB577NG-FRA.jpg,HB-577-NG,HB-577-NG,0.9999,1,1,HB577NG,HB577NG
2025-07-26_15-06-56-688_DS882YL-FRA.jpg,DS-882-YL,DS-882-YL,0.9999,1,1,DS882YL,DS882YL
2025-07-26_11-45-47-758_EE528BP-FRA.jpg,EE-528-BP,EE-528-BP,1.0000,1,1,EE528BP,EE528BP
2025-07-26_11-46-00-355_CD772DD-FRA.jpg,CD-772-DD,CD-772-DD,0.9684,1,1,CD772DD,CD772DD
2025-07-26_16-56-59-974_FG986PX-FRA.jpg,FG-986-PX,FG-986-PX,0.9434,1,1,FG986PX,FG986PX
2025-07-26_11-42-56-024_DN784WW-FRA.jpg,DN784-WW,DN784-WW,0.9515,1,1,DN784WW,DN784WW
2025-07-26_10-22-58-616_AR936DL-FRA.jpg,AR-936-DL.,AR-936-DL.,0.9998,1,1,AR936DL,AR936DL
2025-07-26_17-38-12-091_WW093EP-FRA.jpg,WW-093-EP,WW-093-EP,0.9990,1,1,WW093EP,WW093EP
2025-07-26_11-10-22-570_GW928GZ-FRA.jpg,GW-928-GZ,GW-928-GZ,0.9900,1,1,GW928GZ,GW928GZ
2025-07-26_12-43-31-917_EL574ND-FRA.jpg,EL-574-ND,EL-574-ND,0.9999,1,1,EL574ND,EL574ND
2025-07-26_12-59-19-376_BX671FY-FRA.jpg,BX-671-FY,BX-671-FY,1.0000,1,1,BX671FY,BX671FY
2025-07-26_11-28-27-834_HB820PL-FRA.jpg,HB-820-PL.,HB-820-PL.,0.9993,1,1,HB820PL,HB820PL
2025-07-26_18-23-52-707_GL614ST-FRA.jpg,GL-614-ST.,GL-614-ST.,0.9861,1,1,GL614ST,GL614ST
2025-07-26_11-38-44-482_EV806ZY-FRA.jpg,EV-806-ZY,EV-806-ZY,1.0000,1,1,EV806ZY,EV806ZY
2025-07-26_10-30-55-598_DS133SB-FRA.jpg,DS-133-SB,DS-133-SB,0.9931,1,1,DS133SB,DS133SB
2025-07-26_11-46-34-462_EG125HX-ITA.jpg,EG-125-HX,EG-125-HX,0.9418,1,1,EG125HX,EG125HX
2025-07-26_09-56-51-962_AL179KD-FRA.jpg,AL-179-KD,AL-179-KD,0.9997,1,1,AL179KD,AL179KD
2025-07-26_09-31-06-615_BY419BK-FRA.jpg,BY-419-BK,BY-419-BK,1.0000,1,1,BY419BK,BY419BK
2025-07-26_17-16-42-572_CJ151XH-FRA.jpg,CJ-151.XH,CJ-151.XH,0.9786,1,1,CJ151XH,CJ151XH
2025-07-26_11-46-42-001_HD811VX-FRA.jpg,HD-811-VX,HD-811-VX,0.9901,1,1,HD811VX,HD811VX
2025-07-26_17-42-32-228_DA872RB-FRA.jpg,DA.872-RB,DA.872-RB,0.9996,1,1,DA872RB,DA872RB
2025-07-26_09-58-04-467_GF195JX-FRA.jpg,GF195JX,GF195JX,0.9990,1,1,GF195JX,GF195JX
2025-07-26_09-44-53-456_GF864XF-FRA.jpg,GF-864-XF,GF-864-XF,0.9751,1,1,GF864XF,GF864XF
2025-07-26_12-34-04-682_FV316AN-FRA.jpg,FV-316-AN,FV-316-AN,0.9988,1,1,FV316AN,FV316AN
2025-07-26_09-48-06-220_CP290JD-FRA.jpg,CP290.JD,CP290.JD,0.9862,1,1,CP290JD,CP290JD
2025-07-26_09-15-23-842_FB644HF-FRA.jpg,FB-644-HF,FB-644-HF,0.9956,1,1,FB644HF,FB644HF
2025-07-26_09-09-22-013_GK082EV-FRA.jpg,GK-082-EV,GK-082-EV,0.9980,1,1,GK082EV,GK082EV
2025-07-26_12-05-33-492_AG561DW-FRA.jpg,AG-561-DW,AG-561-DW,0.9999,1,1,AG561DW,AG561DW
2025-07-26_10-25-01-019_FF623KL-FRA.jpg,.FF-623-KL.,.FF-623-KL.,1.0000,1,1,FF623KL,FF623KL
2025-07-26_13-10-13-075_ER784TM-FRA.jpg,ER.784TM,ER.784TM,0.9984,1,1,ER784TM,ER784TM
2025-07-26_11-59-46-705_CE561DH-FRA.jpg,CE-561-DH,CE-561-DH,1.0000,1,1,CE561DH,CE561DH
2025-07-26_18-23-54-689_GL614ST-FRA.jpg,GL-614-ST,GL-614-ST,0.9814,1,1,GL614ST,GL614ST
2025-07-26_17-46-29-203_BK274NS-FRA.jpg,BK-274-NS,BK-274-NS,1.0000,1,1,BK274NS,BK274NS
2025-07-26_10-28-01-359_AA206XA-FRA.jpg,AA-206-XA,AA-206-XA,1.0000,1,1,AA206XA,AA206XA
2025-07-26_18-03-32-866_AY876HT-FRA.jpg,AY-876-HT,AY-876-HT,0.9999,1,1,AY876HT,AY876HT
2025-07-26_15-20-35-447_BL983FL-FRA.jpg,BL-983-FL,BL-983-FL,1.0000,1,1,BL983FL,BL983FL
2025-07-26_12-17-42-998_EP305EQ-FRA.jpg,EP-305.EQ,EP-305.EQ,0.9998,1,1,EP305EQ,EP305EQ
2025-07-26_12-10-56-654_AC734AM-FRA.jpg,AC-734-AM,AC-734-AM,1.0000,1,1,AC734AM,AC734AM
2025-07-26_14-28-15-665_GH386NZ-FRA.jpg,GH-386-NZ,GH-386-NZ,0.9975,1,1,GH386NZ,GH386NZ
2025-07-26_10-55-53-432_ER828XV-FRA.jpg,ER-828.XV,ER-828.XV,0.9990,1,1,ER828XV,ER828XV
2025-07-26_11-46-52-781_FK469WD-FRA.jpg,FK-469.WD,FK-469.WD,0.9999,1,1,FK469WD,FK469WD
2025-07-26_10-35-39-301_CR610YP-FRA.jpg,CR-610-YP,CR-610-YP,0.9988,1,1,CR610YP,CR610YP
2025-07-26_09-38-06-345_CP079AK-FRA.jpg,CP-079-AK,CP-079-AK,0.9999,1,1,CP079AK,CP079AK
2025-07-26_10-49-57-013_EJ131SL-FRA.jpg,EJ-131-SL,EJ-131-SL,0.9582,1,1,EJ131SL,EJ131SL
2025-07-26_10-40-39-964_ES971QC-FRA.jpg,ES-971-QC,ES-971-QC,1.0000,1,1,ES971QC,ES971QC
2025-07-26_09-58-48-001_HD712KT-FRA.jpg,HD-712-KT,HD-712-KT,1.0000,1,1,HD712KT,HD712KT
2025-07-26_09-03-45-402_AN045JH-FRA.jpg,AN-045-JH,AN-045-JH,1.0000,1,1,AN045JH,AN045JH
2025-07-26_15-51-39-613_ER019BS-FRA.jpg,ER-019-BS,ER-019-BS,0.9969,1,1,ER019BS,ER019BS
2025-07-26_13-18-29-531_EB399DF-FRA.jpg,EB-399-DF,EB-399-DF,0.9997,1,1,EB399DF,EB399DF
2025-07-26_11-11-50-218_GM059RE-FRA.jpg,GM-059-RE,GM-059-RE,0.9976,1,1,GM059RE,GM059RE
2025-07-26_13-23-31-043_ET058PW-FRA.jpg,ET-058-PW,ET-058-PW,1.0000,1,1,ET058PW,ET058PW
2025-07-26_12-26-15-136_BJ356NH-FRA.jpg,BJ-356-NH,BJ-356-NH,0.9674,1,1,BJ356NH,BJ356NH
2025-07-26_10-41-28-695_DR204XE-FRA.jpg,DR-204-XE,DR-204-XE,0.9956,1,1,DR204XE,DR204XE
2025-07-26_12-42-02-357_FY575SZ-FRA.jpg,FY-575-SZ,FY-575-SZ,0.9502,1,1,FY575SZ,FY575SZ
2025-07-26_11-36-29-820_EN660NX-FRA.jpg,EN-660-NX,EN-660-NX,0.9887,1,1,EN660NX,EN660NX
2025-07-26_09-47-11-032_GR265QK-FRA.jpg,GR-265-QK,GR-265-QK,1.0000,1,1,GR265QK,GR265QK
2025-07-26_10-51-26-719_FL113YQ-FRA.jpg,FL-113-YQ,FL-113-YQ,0.9623,1,1,FL113YQ,FL113YQ
2025-07-26_12-10-26-084_BH644NF-FRA.jpg,BH-644-NF,BH-644-NF,0.9410,1,1,BH644NF,BH644NF
2025-07-26_14-15-16-778_FY025QQ-FRA.jpg,FY-025-QQ,FY-025-QQ,0.9868,1,1,FY025QQ,FY025QQ
2025-07-26_09-24-58-836_DP344EC-FRA.jpg,DP-344-EC.,DP-344-EC.,0.9980,1,1,DP344EC,DP344EC
2025-07-26_14-59-39-473_EN581KF-FRA.jpg,EN-581-KF,EN-581-KF,1.0000,1,1,EN581KF,EN581KF
2025-07-26_16-29-57-273_GQ657VB-FRA.jpg,GQ-657-VB,GQ-657-VB,0.9454,1,1,GQ657VB,GQ657VB
2025-07-26_13-23-26-573_CC174VX-FRA.jpg,CC-174-VX,CC-174-VX,1.0000,1,1,CC174VX,CC174VX
2025-07-26_15-42-27-325_ES892DQ-FRA.jpg,ES-892-DQ,ES-892-DQ,0.9998,1,1,ES892DQ,ES892DQ
2025-07-26_12-33-48-957_CM083NA-FRA.jpg,CM-083-NA,CM-083-NA,0.9984,1,1,CM083NA,CM083NA
2025-07-26_13-58-22-932_CA478SQ-FRA.jpg,CA-478-SQ,CA-478-SQ,0.9720,1,1,CA478SQ,CA478SQ
2025-07-26_13-26-55-283_GW439DC-FRA.jpg,GW-439-DC,GW-439-DC,0.9999,1,1,GW439DC,GW439DC
2025-07-26_12-37-29-625_EL825VW-FRA.jpg,EL-825-VW,EL-825-VW,1.0000,1,1,EL825VW,EL825VW
2025-07-26_10-32-03-854_CX615AY-FRA.jpg,CX-615-AY,CX-615-AY,0.9995,1,1,CX615AY,CX615AY
2025-07-26_17-30-31-768_GV571LW-FRA.jpg,GV-571-LW.,GV-571-LW.,0.9989,1,1,GV571LW,GV571LW
2025-07-26_14-25-39-861_BS683AZ-FRA.jpg,BS-683-AZ,BS-683-AZ,0.9997,1,1,BS683AZ,BS683AZ
2025-07-26_10-05-39-929_DZ099ZR-FRA.jpg,DZ-099-ZR.,DZ-099-ZR.,1.0000,1,1,DZ099ZR,DZ099ZR
2025-07-26_13-09-06-458_HE342LZ-FRA.jpg,HE-342-LZ.,HE-342-LZ.,0.9658,1,1,HE342LZ,HE342LZ
2025-07-26_09-53-36-947_FV220KF-FRA.jpg,FV-220-KF,FV-220-KF,0.9983,1,1,FV220KF,FV220KF
2025-07-26_14-16-37-538_AV412RF-FRA.jpg,AV-412-RF,AV-412-RF,1.0000,1,1,AV412RF,AV412RF
2025-07-26_12-21-04-322_HB963TK-FRA.jpg,HB-963-TK.,HB-963-TK.,0.9656,1,1,HB963TK,HB963TK
2025-07-26_09-51-56-120_CZ099KP-FRA.jpg,CZ-099-KP,CZ-099-KP,1.0000,1,1,CZ099KP,CZ099KP
2025-07-26_12-35-56-544_DP272BK-FRA.jpg,DP-272-BK.,DP-272-BK.,1.0000,1,1,DP272BK,DP272BK
2025-07-26_12-12-07-986_DB959TZ-FRA.jpg,DB-959-TZ,DB-959-TZ,0.9538,1,1,DB959TZ,DB959TZ
2025-07-26_10-40-08-656_EE950WD-FRA.jpg,EE-950-WD,EE-950-WD,0.9998,1,1,EE950WD,EE950WD
2025-07-26_14-09-35-410_GX977VR-FRA.jpg,GX-977-VR,GX-977-VR,1.0000,1,1,GX977VR,GX977VR
2025-07-26_12-26-09-332_DB383LA-FRA.jpg,DB-383-LA,DB-383-LA,0.9921,1,1,DB383LA,DB383LA
2025-07-26_12-03-50-576_FA088HQ-FRA.jpg,FA088HQ,FA088HQ,1.0000,1,1,FA088HQ,FA088HQ
2025-07-26_12-31-36-295_AH421VM-FRA.jpg,AH-421-VM,AH-421-VM,0.9999,1,1,AH421VM,AH421VM
2025-07-26_11-14-45-209_FB448KK-FRA.jpg,FB-448-KK,FB-448-KK,1.0000,1,1,FB448KK,FB448KK
2025-07-26_11-39-13-657_GW148PY-FRA.jpg,GW-148-PY.,GW-148-PY.,0.9864,1,1,GW148PY,GW148PY
2025-07-26_12-04-43-288_FN390WZ-FRA.jpg,FN-390-WZ,FN-390-WZ,0.9958,1,1,FN390WZ,FN390WZ
2025-07-26_14-46-42-270_GP460QV-FRA.jpg,GP-460-QV,GP-460-QV,0.9999,1,1,GP460QV,GP460QV
2025-07-26_13-46-26-765_GE854VD-FRA.jpg,.GE-854-VD,.GE-854-VD,0.9979,1,1,GE854VD,GE854VD
2025-07-26_10-56-10-479_AT549ZL-FRA.jpg,AT-549-ZL,AT-549-ZL,0.9866,1,1,AT549ZL,AT549ZL
2025-07-26_09-51-58-330_CZ099KP-FRA.jpg,CZ-099-KP,CZ-099-KP,0.9985,1,1,CZ099KP,CZ099KP
2025-07-26_09-13-49-049_HB904RT-FRA.jpg,HB-904-RT,HB-904-RT,0.9576,1,1,HB904RT,HB904RT
2025-07-26_10-22-15-379_GL312XH-FRA.jpg,GL-312-XH,GL-312-XH,1.0000,1,1,GL312XH,GL312XH
2025-07-26_18-03-01-938_GE900QY-FRA.jpg,GE.900QY,GE.900QY,0.9994,1,1,GE900QY,GE900QY
2025-07-26_11-45-48-920_AG678LR-FRA.jpg,AG-678-LR,AG-678-LR,0.9603,1,1,AG678LR,AG678LR
2025-07-26_12-34-05-017_BL090BY-FRA.jpg,BL-090-BY,BL-090-BY,0.9999,1,1,BL090BY,BL090BY
2025-07-26_17-40-30-936_GL535FK-FRA.jpg,GL.-535-FK,GL.-535-FK,0.9994,1,1,GL535FK,GL535FK
2025-07-26_11-15-42-003_EB286LN-FRA.jpg,EB-286-LN,EB-286-LN,0.9948,1,1,EB286LN,EB286LN
2025-07-26_10-52-40-339_CH155BQ-FRA.jpg,CH-155-BQ,CH-155-BQ,0.9999,1,1,CH155BQ,CH155BQ
2025-07-26_12-10-19-376_GY649PG-FRA.jpg,GY-649-PG,GY-649-PG,1.0000,1,1,GY649PG,GY649PG
2025-07-26_18-14-08-555_AP884KQ-FRA.jpg,AP-884.KQ,AP-884.KQ,0.9999,1,1,AP884KQ,AP884KQ
2025-07-26_10-07-27-026_BX888TS-FRA.jpg,BX-888-TS,BX-888-TS,0.9514,1,1,BX888TS,BX888TS
2025-07-26_15-37-53-872_CC778ZP-FRA.jpg,CC-778-ZP,CC-778-ZP,0.9999,1,1,CC778ZP,CC778ZP
2025-07-26_16-14-56-181_EQ760XG-FRA.jpg,EQ-760XG,EQ-760XG,1.0000,1,1,EQ760XG,EQ760XG
2025-07-26_12-32-24-800_EY351KT-FRA.jpg,EY-351-KT,EY-351-KT,1.0000,1,1,EY351KT,EY351KT
2025-07-26_11-18-07-023_DQ868EE-FRA.jpg,DQ-868-EE,DQ-868-EE,0.9806,1,1,DQ868EE,DQ868EE
2025-07-26_13-49-24-524_FN089VK-FRA.jpg,FN-089-VK.,FN-089-VK.,0.9638,1,1,FN089VK,FN089VK
2025-07-26_10-33-19-161_FD460LL-FRA.jpg,FD-460-LL,FD-460-LL,1.0000,1,1,FD460LL,FD460LL
2025-07-26_14-19-06-812_FM639EG-FRA.jpg,FM-639-EG,FM-639-EG,0.9639,1,1,FM639EG,FM639EG
2025-07-26_11-24-14-727_FT187ZK-FRA.jpg,FT-187-ZK,FT-187-ZK,1.0000,1,1,FT187ZK,FT187ZK
2025-07-26_11-25-50-663_DF954PV-FRA.jpg,DF-954-PV,DF-954-PV,0.9524,1,1,DF954PV,DF954PV
2025-07-26_12-12-43-313_BR651EV-FRA.jpg,BR-651-EV,BR-651-EV,1.0000,1,1,BR651EV,BR651EV
2025-07-26_10-42-53-462_BS859DA-FRA.jpg,BS-859-DA,BS-859-DA,1.0000,1,1,BS859DA,BS859DA
2025-07-26_13-12-48-022_CM951HR-FRA.jpg,CM-951-HR,CM-951-HR,0.9497,1,1,CM951HR,CM951HR
2025-07-26_14-46-07-750_FR630GM-FRA.jpg,FR-630-GM,FR-630-GM,0.9999,1,1,FR630GM,FR630GM
2025-07-26_16-15-57-137_GS713LZ-FRA.jpg,GS-713-LZ,GS-713-LZ,1.0000,1,1,GS713LZ,GS713LZ
2025-07-26_12-06-49-764_FT689JB-FRA.jpg,FT-689-JB,FT-689-JB,0.9981,1,1,FT689JB,FT689JB
2025-07-26_13-09-08-106_DR706TP-FRA.jpg,DR-706-TP,DR-706-TP,0.9959,1,1,DR706TP,DR706TP
2025-07-26_16-06-25-491_DW396EW-FRA.jpg,DW-396-EW,DW-396-EW,0.9999,1,1,DW396EW,DW396EW
2025-07-26_15-03-44-410_FK163AC-FRA.jpg,FK-163-AC,FK-163-AC,0.9908,1,1,FK163AC,FK163AC
2025-07-26_10-22-26-895_FC966PX-FRA.jpg,FC966PX,FC966PX,0.9599,1,1,FC966PX,FC966PX
2025-07-26_17-41-30-917_4144SP19-FRA.jpg,4144SP19,4144SP19,0.9444,1,1,4144SP19,4144SP19
2025-07-26_13-05-49-619_AX815DA-FRA.jpg,AX-815-DA,AX-815-DA,0.9453,1,1,AX815DA,AX815DA
2025-07-26_12-03-53-680_BK490DB-FRA.jpg,BK-490-DB,BK-490-DB,0.9872,1,1,BK490DB,BK490DB
2025-07-26_12-29-16-374_FH431DY-FRA.jpg,FH-431-DY,FH-431-DY,1.0000,1,1,FH431DY,FH431DY
2025-07-26_11-00-33-784_AC792MZ-FRA.jpg,AC-792-MZ,AC-792-MZ,0.9803,1,1,AC792MZ,AC792MZ
2025-07-26_09-27-14-434_FS989LW-FRA.jpg,FS-989-LW,FS-989-LW,1.0000,1,1,FS989LW,FS989LW
2025-07-26_10-11-17-358_ER901BS-FRA.jpg,ER-901-BS,ER-901-BS,0.9983,1,1,ER901BS,ER901BS
2025-07-26_15-28-08-456_GZ087LC-FRA.jpg,GZ-087-LC,GZ-087-LC,0.9996,1,1,GZ087LC,GZ087LC
2025-07-26_14-19-28-450_GW164CC-FRA.jpg,GW-164-CC,GW-164-CC,0.9119,1,1,GW164CC,GW164CC
2025-07-26_15-54-22-919_BW845RD-FRA.jpg,BW.845RD,BW.845RD,1.0000,1,1,BW845RD,BW845RD
2025-07-26_15-15-46-978_EX683SH-FRA.jpg,EX-683-SH,EX-683-SH,0.9999,1,1,EX683SH,EX683SH
2025-07-26_14-37-48-275_FY871HT-FRA.jpg,FY-871-HT.,FY-871-HT.,0.9999,1,1,FY871HT,FY871HT
2025-07-26_12-59-32-642_CD603NY-FRA.jpg,CD-603-NY,CD-603-NY,1.0000,1,1,CD603NY,CD603NY
2025-07-26_14-35-04-409_GJ186GG-FRA.jpg,GJ-186-GG,GJ-186-GG,0.9524,1,1,GJ186GG,GJ186GG
2025-07-26_11-14-47-801_AG429PE-ITA.jpg,AG-429-PE,AG-429-PE,1.0000,1,1,AG429PE,AG429PE
2025-07-26_14-14-47-490_AL125GL-FRA.jpg,AL-125-GL,AL-125-GL,0.9999,1,1,AL125GL,AL125GL
2025-07-26_11-43-07-914_EJ300MT-FRA.jpg,EJ-300-MT,EJ-300-MT,1.0000,1,1,EJ300MT,EJ300MT
2025-07-26_12-03-23-753_BL943CK-FRA.jpg,BL-943-CK,BL-943-CK,0.9999,1,1,BL943CK,BL943CK
2025-07-26_12-59-22-801_BD653BH-FRA.jpg,BD-653-BH,BD-653-BH,0.9999,1,1,BD653BH,BD653BH
2025-07-26_16-31-30-004_CR175BB-FRA.jpg,CR-175-BB,CR-175-BB,0.9999,1,1,CR175BB,CR175BB
2025-07-26_11-26-51-519_GT321ZY-FRA.jpg,GT-321-ZY,GT-321-ZY,0.9999,1,1,GT321ZY,GT321ZY
2025-07-26_13-23-29-711_EL063LE-FRA.jpg,EL-063-LE.,EL-063-LE.,0.9798,1,1,EL063LE,EL063LE
2025-07-26_09-21-53-243_GP806XS-FRA.jpg,GP-806XS,GP-806XS,0.9378,1,1,GP806XS,GP806XS
2025-07-26_09-04-52-955_HC815GN-FRA.jpg,HC-815-GN,HC-815-GN,0.9844,1,1,HC815GN,HC815GN
2025-07-26_12-53-34-197_FG392EN-FRA.jpg,FG.392-EN,FG.392-EN,0.9999,1,1,FG392EN,FG392EN
2025-07-26_10-57-22-982_DH662ZS-FRA.jpg,DH-662-ZS,DH-662-ZS,0.9999,1,1,DH662ZS,DH662ZS
2025-07-26_12-56-44-850_FZ613TL-FRA.jpg,FZ-613-TL.,FZ-613-TL.,0.9999,1,1,FZ613TL,FZ613TL
2025-07-26_14-59-28-658_EZ888RJ-FRA.jpg,EZ-888-RJ,EZ-888-RJ,0.9968,1,1,EZ888RJ,EZ888RJ
2025-07-26_12-25-58-619_AR908NR-FRA.jpg,AR-908-NR,AR-908-NR,1.0000,1,1,AR908NR,AR908NR
2025-07-26_10-07-42-340_GW861QC-FRA.jpg,GW-861-QC,GW-861-QC,0.9999,1,1,GW861QC,GW861QC
2025-07-26_11-15-47-387_GY663FF-FRA.jpg,.GY-663-FF.,.GY-663-FF.,0.9952,1,1,GY663FF,GY663FF
2025-07-26_14-33-17-571_EC431HB-FRA.jpg,EC-431-HB,EC-431-HB,0.9999,1,1,EC431HB,EC431HB
2025-07-26_14-03-03-144_DM644SR-FRA.jpg,DM-644-SR,DM-644-SR,0.9996,1,1,DM644SR,DM644SR
2025-07-26_12-55-34-827_BJ584EZ-FRA.jpg,BJ-584-EZ,BJ-584-EZ,1.0000,1,1,BJ584EZ,BJ584EZ
2025-07-26_09-31-22-926_EQ585EY-FRA.jpg,EQ-585-EY,EQ-585-EY,0.9989,1,1,EQ585EY,EQ585EY
2025-07-26_11-00-21-016_DM131LW-FRA.jpg,DM-131-LW,DM-131-LW,0.9896,1,1,DM131LW,DM131LW
2025-07-26_10-33-34-158_AL782TY-FRA.jpg,AL-782-TY,AL-782-TY,0.9951,1,1,AL782TY,AL782TY
2025-07-26_12-40-56-393_GH872SL-FRA.jpg,GH872.SL,GH872.SL,0.9991,1,1,GH872SL,GH872SL
2025-07-26_16-18-16-472_DG013DZ-FRA.jpg,DG-013-DZ,DG-013-DZ,1.0000,1,1,DG013DZ,DG013DZ
2025-07-26_11-26-04-569_FC223FC-FRA.jpg,FC-223-FC,FC-223-FC,0.9997,1,1,FC223FC,FC223FC
2025-07-26_10-55-11-015_DE837HA-FRA.jpg,DE-837-HA,DE-837-HA,1.0000,1,1,DE837HA,DE837HA
2025-07-26_13-12-59-812_AG460CF-FRA.jpg,AG-460-CF,AG-460-CF,0.9830,1,1,AG460CF,AG460CF
2025-07-26_12-06-04-480_FN762MX-FRA.jpg,FN-762-MX,FN-762-MX,0.9998,1,1,FN762MX,FN762MX
2025-07-26_12-52-09-895_CN690GG-FRA.jpg,CN-690-GG,CN-690-GG,1.0000,1,1,CN690GG,CN690GG
2025-07-26_10-16-37-199_AN374VP-FRA.jpg,AN-374-VP,AN-374-VP,1.0000,1,1,AN374VP,AN374VP
2025-07-26_15-56-27-175_ED901PG-FRA.jpg,ED-901-PG.,ED-901-PG.,1.0000,1,1,ED901PG,ED901PG
2025-07-26_10-47-59-138_AD990EN-FRA.jpg,AD-990-EN,AD-990-EN,0.9409,1,1,AD990EN,AD990EN
2025-07-26_13-10-45-676_BF311MN-FRA.jpg,BF-311-MN,BF-311-MN,0.9988,1,1,BF311MN,BF311MN
2025-07-26_11-13-56-149_FR667BJ-FRA.jpg,FR-667-BJ,FR-667-BJ,0.9464,1,1,FR667BJ,FR667BJ
2025-07-26_14-08-42-306_EA260VZ-FRA.jpg,EA-260-VZ,EA-260-VZ,1.0000,1,1,EA260VZ,EA260VZ
2025-07-26_12-37-46-658_GX701VV-FRA.jpg,GX-701-VV,GX-701-VV,0.9989,1,1,GX701VV,GX701VV
2025-07-26_16-50-24-128_AL378QM-FRA.jpg,AL378QM,AL378QM,1.0000,1,1,AL378QM,AL378QM
2025-07-26_13-09-22-659_FM659DD-FRA.jpg,FM-659-DD,FM-659-DD,0.9998,1,1,FM659DD,FM659DD
2025-07-26_10-05-36-832_AK601RR-FRA.jpg,AK601-RR,AK601-RR,0.9999,1,1,AK601RR,AK601RR
2025-07-26_13-06-25-391_AN289YG-FRA.jpg,AN-289-YG,AN-289-YG,1.0000,1,1,AN289YG,AN289YG
2025-07-26_09-54-36-445_FR364LB-FRA.jpg,FR-364LB,FR-364LB,0.9557,1,1,FR364LB,FR364LB
2025-07-26_11-25-49-434_AC239XT-FRA.jpg,AC-239-XT,AC-239-XT,0.9979,1,1,AC239XT,AC239XT
2025-07-26_09-09-49-619_FB477SB-FRA.jpg,FB477-SB,FB477-SB,0.9999,1,1,FB477SB,FB477SB
2025-07-26_09-50-19-233_EQ453NR-FRA.jpg,EQ-453-NR,EQ-453-NR,0.9996,1,1,EQ453NR,EQ453NR
2025-07-26_10-45-08-271_CD907JB-FRA.jpg,CD.907.JB,CD.907.JB,0.9908,1,1,CD907JB,CD907JB
2025-07-26_11-39-21-096_CD689PV-FRA.jpg,CD-689-PV,CD-689-PV,0.9942,1,1,CD689PV,CD689PV
2025-07-26_09-12-56-265_FS213CN-FRA.jpg,FS213CN,FS213CN,0.9879,1,1,FS213CN,FS213CN
2025-07-26_13-05-32-791_GQ005WF-FRA.jpg,GQ.005.WF,GQ.005.WF,0.9999,1,1,GQ005WF,GQ005WF
2025-07-26_14-26-53-056_FW382YC-FRA.jpg,FW-382-YC,FW-382-YC,1.0000,1,1,FW382YC,FW382YC
2025-07-26_12-09-57-638_GL001YK-FRA.jpg,GL-001-YK,GL-001-YK,0.9993,1,1,GL001YK,GL001YK
2025-07-26_09-52-16-791_GK683RQ-FRA.jpg,GK-683-RQ,GK-683-RQ,0.9523,1,1,GK683RQ,GK683RQ
2025-07-26_12-09-52-765_AH544AL-FRA.jpg,AH-544-AL,AH-544-AL,0.9999,1,1,AH544AL,AH544AL
2025-07-26_13-25-16-877_BN650ZB-FRA.jpg,BN-650.ZB,BN-650.ZB,0.9994,1,1,BN650ZB,BN650ZB
2025-07-26_11-35-49-368_CX859YK-FRA.jpg,CX-859-YK,CX-859-YK,0.9997,1,1,CX859YK,CX859YK
2025-07-26_10-44-55-623_DH889QQ-FRA.jpg,DH-889-QQ,DH-889-QQ,0.9759,1,1,DH889QQ,DH889QQ
2025-07-26_12-30-25-776_ES688RP-FRA.jpg,ES-688-RP,ES-688-RP,0.9982,1,1,ES688RP,ES688RP
2025-07-26_10-58-14-727_GM375KX-FRA.jpg,GM-375-KX,GM-375-KX,0.9996,1,1,GM375KX,GM375KX
2025-07-26_14-34-36-410_EP364SW-FRA.jpg,EP-364-SW,EP-364-SW,1.0000,1,1,EP364SW,EP364SW
2025-07-26_13-09-19-121_FZ472YS-FRA.jpg,FZ-472-YS,FZ-472-YS,0.9999,1,1,FZ472YS,FZ472YS
2025-07-26_17-14-19-261_GM996DQ-FRA.jpg,GM-996-DQ,GM-996-DQ,0.9999,1,1,GM996DQ,GM996DQ
2025-07-26_12-05-21-589_CL889JW-FRA.jpg,CL-889-JW,CL-889-JW,0.9989,1,1,CL889JW,CL889JW
2025-07-26_12-57-30-198_GD607XN-FRA.jpg,GD-607-XN,GD-607-XN,0.9985,1,1,GD607XN,GD607XN
2025-07-26_12-05-42-849_AJ353TT-FRA.jpg,AJ-353-TT,AJ-353-TT,1.0000,1,1,AJ353TT,AJ353TT
2025-07-26_15-11-55-071_DN863LK-FRA.jpg,DN-863-LK,DN-863-LK,0.9999,1,1,DN863LK,DN863LK
2025-07-26_10-44-48-806_CT842SF-FRA.jpg,CT-842-SF.,CT-842-SF.,0.9815,1,1,CT842SF,CT842SF
2025-07-26_09-59-25-696_BH224ZN-FRA.jpg,BH-224ZN,BH-224ZN,1.0000,1,1,BH224ZN,BH224ZN
2025-07-26_17-25-40-468_HD899AW-FRA.jpg,HD-899-AW,HD-899-AW,1.0000,1,1,HD899AW,HD899AW
2025-07-26_09-20-53-269_CW151XQ-FRA.jpg,CW.151XQ,CW.151XQ,0.9984,1,1,CW151XQ,CW151XQ
2025-07-26_10-18-17-875_GF104FP-FRA.jpg,GF-104-FP.,GF-104-FP.,0.9992,1,1,GF104FP,GF104FP
2025-07-26_11-18-35-263_CD996YG-FRA.jpg,CD-996-YG,CD-996-YG,1.0000,1,1,CD996YG,CD996YG
2025-07-26_10-55-23-427_GZ087HB-FRA.jpg,GZ-087-HB,GZ-087-HB,1.0000,1,1,GZ087HB,GZ087HB
2025-07-26_12-53-28-869_BV395RN-FRA.jpg,BV-395-RN,BV-395-RN,1.0000,1,1,BV395RN,BV395RN
2025-07-26_16-39-04-720_EN123YD-FRA.jpg,EN-123-YD,EN-123-YD,0.9740,1,1,EN123YD,EN123YD
2025-07-26_12-25-05-185_EW128CV-FRA.jpg,EW-128-CV,EW-128-CV,0.9993,1,1,EW128CV,EW128CV
2025-07-26_09-36-44-497_EX653ZT-FRA.jpg,EX-653-ZT,EX-653-ZT,1.0000,1,1,EX653ZT,EX653ZT
2025-07-26_15-29-20-781_EN981NS-FRA.jpg,EN-981-NS,EN-981-NS,1.0000,1,1,EN981NS,EN981NS
2025-07-26_11-59-27-326_AC938NL-FRA.jpg,AC-938-NL.,AC-938-NL.,0.9997,1,1,AC938NL,AC938NL
2025-07-26_14-55-02-219_FH436GB-FRA.jpg,FH-436GB,FH-436GB,0.9733,1,1,FH436GB,FH436GB
2025-07-26_13-45-26-218_FP685AF-FRA.jpg,FP685AF,FP685AF,1.0000,1,1,FP685AF,FP685AF
2025-07-26_12-08-49-680_GT205AT-FRA.jpg,GT-205-AT,GT-205-AT,0.9935,1,1,GT205AT,GT205AT
2025-07-26_13-09-32-258_BS165BS-FRA.jpg,BS-165-BS,BS-165-BS,1.0000,1,1,BS165BS,BS165BS
2025-07-26_16-53-58-750_FY009XK-FRA.jpg,FY-009-XK,FY-009-XK,0.9749,1,1,FY009XK,FY009XK
2025-07-26_16-39-23-604_EY129XK-FRA.jpg,EY-129-XK,EY-129-XK,1.0000,1,1,EY129XK,EY129XK
2025-07-26_10-29-40-180_CC679LC-FRA.jpg,CC-679-LC,CC-679-LC,0.9998,1,1,CC679LC,CC679LC
2025-07-26_12-37-51-443_AJ036KM-FRA.jpg,AJ.036.KM,AJ.036.KM,1.0000,1,1,AJ036KM,AJ036KM
2025-07-26_13-33-19-304_GL666FB-FRA.jpg,GL-666-FB,GL-666-FB,0.9692,1,1,GL666FB,GL666FB
2025-07-26_16-39-33-674_BV470XY-FRA.jpg,BV-470-XY,BV-470-XY,0.9854,1,1,BV470XY,BV470XY
2025-07-26_16-21-43-990_EX380YD-FRA.jpg,EX-380-YD,EX-380-YD,0.9916,1,1,EX380YD,EX380YD
2025-07-26_10-21-56-441_HC933BQ-FRA.jpg,HC-933-BQ,HC-933-BQ,1.0000,1,1,HC933BQ,HC933BQ
2025-07-26_16-40-22-398_AB923EV-FRA.jpg,AB-923-EV,AB-923-EV,0.9996,1,1,AB923EV,AB923EV
2025-07-26_17-13-54-424_GB137HF-FRA.jpg,GB-137-HF,GB-137-HF,0.9999,1,1,GB137HF,GB137HF
2025-07-26_12-07-39-064_EL894SR-FRA.jpg,EL-894-SR,EL-894-SR,0.9517,1,1,EL894SR,EL894SR
2025-07-26_12-53-53-709_FD497HA-FRA.jpg,FD-497-HA,FD-497-HA,1.0000,1,1,FD497HA,FD497HA
2025-07-26_09-29-08-474_GC129XY-FRA.jpg,GC-129-XY,GC-129-XY,0.9466,1,1,GC129XY,GC129XY
2025-07-26_14-08-02-963_GC713KR-FRA.jpg,GC-713-KR,GC-713-KR,1.0000,1,1,GC713KR,GC713KR
2025-07-26_09-58-46-107_BT519GS-FRA.jpg,BT-519-GS,BT-519-GS,0.9989,1,1,BT519GS,BT519GS
2025-07-26_13-10-16-101_DH215ZS-FRA.jpg,DH-215-ZS,DH-215-ZS,0.9999,1,1,DH215ZS,DH215ZS
2025-07-26_14-23-56-609_GF261SX-FRA.jpg,GF-261-SX,GF-261-SX,0.9986,1,1,GF261SX,GF261SX
2025-07-26_09-26-58-973_BJ176AY-FRA.jpg,BJ-176.AY,BJ-176.AY,1.0000,1,1,BJ176AY,BJ176AY
2025-07-26_12-06-26-178_DJ112TB-FRA.jpg,DJ-112-TB,DJ-112-TB,0.9797,1,1,DJ112TB,DJ112TB
2025-07-26_09-12-51-991_BH174QZ-FRA.jpg,BH-174-QZ,BH-174-QZ,0.9999,1,1,BH174QZ,BH174QZ
2025-07-26_09-17-04-567_AX209PY-FRA.jpg,AX-209-PY,AX-209-PY,0.9522,1,1,AX209PY,AX209PY
2025-07-26_10-57-05-953_BB918ZV-FRA.jpg,BB-918-ZV.,BB-918-ZV.,0.9954,1,1,BB918ZV,BB918ZV
2025-07-26_18-21-08-272_FW792JX-FRA.jpg,FW-792-JX,FW-792-JX,0.9896,1,1,FW792JX,FW792JX
2025-07-26_12-21-14-463_GH653PZ-FRA.jpg,GH-653-PZ,GH-653-PZ,0.9784,1,1,GH653PZ,GH653PZ
2025-07-26_11-02-13-130_FT152LC-FRA.jpg,FT152L.C,FT152L.C,0.9936,1,1,FT152LC,FT152LC
2025-07-26_10-21-33-130_FP932KY-FRA.jpg,FP-932-KY,FP-932-KY,1.0000,1,1,FP932KY,FP932KY
2025-07-26_10-41-00-765_EH668NE-FRA.jpg,EH-668-NE,EH-668-NE,0.9996,1,1,EH668NE,EH668NE
2025-07-26_10-04-55-812_GK007JV-FRA.jpg,GK-007-JV.,GK-007-JV.,0.9997,1,1,GK007JV,GK007JV
2025-07-26_12-43-45-928_GL786JV-FRA.jpg,GL-786-JV,GL-786-JV,0.9770,1,1,GL786JV,GL786JV
2025-07-26_11-09-27-098_EM520BZ-FRA.jpg,EM520BZ,EM520BZ,0.9824,1,1,EM520BZ,EM520BZ
2025-07-26_12-53-48-269_CQ859VR-FRA.jpg,CQ.859.VR,CQ.859.VR,0.9998,1,1,CQ859VR,CQ859VR
2025-07-26_13-13-28-440_EW436AX-FRA.jpg,EW-436-AX,EW-436-AX,1.0000,1,1,EW436AX,EW436AX
2025-07-26_13-25-15-073_GX006LK-FRA.jpg,GX-006-LK,GX-006-LK,1.0000,1,1,GX006LK,GX006LK
2025-07-26_10-08-49-570_EV794EZ-FRA.jpg,EV-794-EZ,EV-794-EZ,0.9982,1,1,EV794EZ,EV794EZ
2025-07-26_14-28-11-956_DS101XJ-FRA.jpg,DS-101-XJ,DS-101-XJ,0.9941,1,1,DS101XJ,DS101XJ
2025-07-26_11-55-29-417_BY707QG-FRA.jpg,BY-707-QG,BY-707-QG,0.9999,1,1,BY707QG,BY707QG
2025-07-26_13-17-47-970_AM305CF-FRA.jpg,AM-305-CF,AM-305-CF,1.0000,1,1,AM305CF,AM305CF
2025-07-26_11-16-32-532_GQ058TG-FRA.jpg,GQ-058-TG,GQ-058-TG,1.0000,1,1,GQ058TG,GQ058TG
2025-07-26_11-44-06-114_BG939JQ-FRA.jpg,BG-939-JQ,BG-939-JQ,0.9996,1,1,BG939JQ,BG939JQ
2025-07-26_10-54-55-509_DK877JJ-FRA.jpg,DK-877-JJ,DK-877-JJ,1.0000,1,1,DK877JJ,DK877JJ
2025-07-26_11-57-23-995_AT063CG-FRA.jpg,AT.063.CG,AT.063.CG,1.0000,1,1,AT063CG,AT063CG
2025-07-26_11-59-49-082_EY714VA-FRA.jpg,EY-714-VA,EY-714-VA,0.9999,1,1,EY714VA,EY714VA
2025-07-26_14-46-45-809_FQ626RL-FRA.jpg,FQ-626-RL,FQ-626-RL,0.9995,1,1,FQ626RL,FQ626RL
2025-07-26_11-39-12-337_EE867AX-FRA.jpg,EE-867-AX,EE-867-AX,1.0000,1,1,EE867AX,EE867AX
2025-07-26_14-15-14-583_FY025QQ-FRA.jpg,FY-025-QQ,FY-025-QQ,0.9672,1,1,FY025QQ,FY025QQ
2025-07-26_13-20-20-044_FW801ND-FRA.jpg,FW-801-ND,FW-801-ND,0.9997,1,1,FW801ND,FW801ND
2025-07-26_12-12-45-296_BR651EV-FRA.jpg,BR-651-EV,BR-651-EV,1.0000,1,1,BR651EV,BR651EV
2025-07-26_12-18-00-409_EJ676RZ-FRA.jpg,.EJ-676-RZ.,.EJ-676-RZ.,0.9995,1,1,EJ676RZ,EJ676RZ
2025-07-26_09-44-39-121_AA974ZR-FRA.jpg,AA-974-ZR,AA-974-ZR,1.0000,1,1,AA974ZR,AA974ZR
2025-07-26_09-21-32-995_DA806FV-FRA.jpg,DA-806-FV,DA-806-FV,0.9877,1,1,DA806FV,DA806FV
2025-07-26_17-20-10-052_GZ291DL-FRA.jpg,GZ.291DL,GZ.291DL,0.9745,1,1,GZ291DL,GZ291DL
2025-07-26_10-47-36-967_FG606LV-FRA.jpg,FG-606-LV,FG-606-LV,1.0000,1,1,FG606LV,FG606LV
2025-07-26_11-36-25-040_BZ593CZ-FRA.jpg,BZ-593-CZ,BZ-593-CZ,0.9995,1,1,BZ593CZ,BZ593CZ
2025-07-26_10-50-54-031_GM380FB-FRA.jpg,GM-380-FB,GM-380-FB,1.0000,1,1,GM380FB,GM380FB
2025-07-26_12-43-30-728_CQ584QL-FRA.jpg,CQ-584-QL,CQ-584-QL,1.0000,1,1,CQ584QL,CQ584QL
2025-07-26_13-19-03-983_2791XW37-FRA.jpg,2791XW.37,2791XW.37,0.9997,1,1,2791XW37,2791XW37
2025-07-26_12-06-42-363_AL144RV-FRA.jpg,AL-144-RV,AL-144-RV,1.0000,1,1,AL144RV,AL144RV
2025-07-26_10-37-10-320_FK902EE-FRA.jpg,FK-902-EE.,FK-902-EE.,0.9929,1,1,FK902EE,FK902EE
2025-07-26_09-31-20-922_FV166ET-FRA.jpg,FV-166-ET.,FV-166-ET.,0.9981,1,1,FV166ET,FV166ET
2025-07-26_10-55-55-992_GK583BG-FRA.jpg,GK-583-BG,GK-583-BG,0.9956,1,1,GK583BG,GK583BG
2025-07-26_16-24-20-797_CJ715RY-FRA.jpg,CJ-715-RY,CJ-715-RY,1.0000,1,1,CJ715RY,CJ715RY
2025-07-26_17-47-33-210_EV090BL-FRA.jpg,EV-090-BL.,EV-090-BL.,0.9621,1,1,EV090BL,EV090BL
2025-07-26_18-03-09-887_EW191MX-FRA.jpg,EW-191-MX.,EW-191-MX.,0.9677,1,1,EW191MX,EW191MX
2025-07-26_13-04-50-993_EN912VW-FRA.jpg,EN-912-VW,EN-912-VW,0.9623,1,1,EN912VW,EN912VW
2025-07-26_13-25-36-845_EY346FR-FRA.jpg,EY-346-FR,EY-346-FR,1.0000,1,1,EY346FR,EY346FR
2025-07-26_09-29-22-700_CR443DX-FRA.jpg,CR-443-DX,CR-443-DX,0.9927,1,1,CR443DX,CR443DX
2025-07-26_17-31-46-096_FJ832BL-FRA.jpg,FJ-832-BL.,FJ-832-BL.,0.9963,1,1,FJ832BL,FJ832BL
2025-07-26_10-47-55-047_BK156MZ-FRA.jpg,BK-156-MZ,BK-156-MZ,0.9699,1,1,BK156MZ,BK156MZ
2025-07-26_09-04-11-730_GX715KK-FRA.jpg,GX-715-KK.,GX-715-KK.,0.9997,1,1,GX715KK,GX715KK
2025-07-26_11-18-11-538_ES184TT-FRA.jpg,ES-184-TT.,ES-184-TT.,0.9841,1,1,ES184TT,ES184TT
2025-07-26_16-07-29-658_BQ056MC-FRA.jpg,BQ.056MC,BQ.056MC,0.9964,1,1,BQ056MC,BQ056MC
2025-07-26_10-18-45-368_ES382WA-FRA.jpg,.ES-382-WA,.ES-382-WA,0.9999,1,1,ES382WA,ES382WA
2025-07-26_10-05-39-532_BY761YP-FRA.jpg,BY-761-YP,BY-761-YP,1.0000,1,1,BY761YP,BY761YP
2025-07-26_15-22-09-871_DG992FF-FRA.jpg,DG-992FF,DG-992FF,0.9888,1,1,DG992FF,DG992FF
2025-07-26_10-12-57-252_GM353AZ-FRA.jpg,GM-353-AZ,GM-353-AZ,0.9971,1,1,GM353AZ,GM353AZ
2025-07-26_13-01-53-601_HA370KR-FRA.jpg,HA-370-KR,HA-370-KR,0.9673,1,1,HA370KR,HA370KR
2025-07-26_17-49-52-122_EB351GP-FRA.jpg,EB-351-GP,EB-351-GP,0.9725,1,1,EB351GP,EB351GP
2025-07-26_15-33-20-373_BN793HN-FRA.jpg,BN-793-HN,BN-793-HN,0.9425,1,1,BN793HN,BN793HN
2025-07-26_09-39-56-262_FY797PY-FRA.jpg,FY-797-PY,FY-797-PY,0.9999,1,1,FY797PY,FY797PY
2025-07-26_12-23-44-263_CY275QN-FRA.jpg,CY-275-QN,CY-275-QN,0.9933,1,1,CY275QN,CY275QN
2025-07-26_15-33-01-522_AK818BE-FRA.jpg,AK-818-BE,AK-818-BE,0.9506,1,1,AK818BE,AK818BE
2025-07-26_15-59-47-342_AW821CN-FRA.jpg,AW-821-CN,AW-821-CN,0.9860,1,1,AW821CN,AW821CN
2025-07-26_09-54-34-542_FR364LB-FRA.jpg,FR-364-LB,FR-364-LB,1.0000,1,1,FR364LB,FR364LB
2025-07-26_10-55-51-394_ER828XV-FRA.jpg,ER-828-XV,ER-828-XV,0.9755,1,1,ER828XV,ER828XV
2025-07-26_16-24-49-120_GP168AF-FRA.jpg,GP-168-AF,GP-168-AF,0.9999,1,1,GP168AF,GP168AF
2025-07-26_16-15-45-280_AH952YC-FRA.jpg,AH-952-YC,AH-952-YC,0.9991,1,1,AH952YC,AH952YC
2025-07-26_11-25-59-573_GF026MF-FRA.jpg,GF-026-MF.,GF-026-MF.,0.9865,1,1,GF026MF,GF026MF
2025-07-26_13-12-30-532_EG102RY-FRA.jpg,EG-102-RY,EG-102-RY,0.9994,1,1,EG102RY,EG102RY
2025-07-26_17-42-34-392_DA872RB-FRA.jpg,DA-872-RB,DA-872-RB,0.9992,1,1,DA872RB,DA872RB
2025-07-26_09-17-53-337_EX743QB-FRA.jpg,EX743QB,EX743QB,0.9999,1,1,EX743QB,EX743QB
2025-07-26_13-14-55-010_AD536AN-FRA.jpg,AD-536-AN,AD-536-AN,0.9999,1,1,AD536AN,AD536AN
2025-07-26_10-06-42-531_FN091ML-FRA.jpg,FN-091.ML,FN-091.ML,0.9629,1,1,FN091ML,FN091ML
2025-07-26_11-13-30-844_ES047TE-FRA.jpg,ES-047-TE,ES-047-TE,0.9995,1,1,ES047TE,ES047TE
2025-07-26_12-11-16-296_FV943XL-FRA.jpg,FV-943-XL.,FV-943-XL.,0.9999,1,1,FV943XL,FV943XL
2025-07-26_10-49-59-309_EN297BW-FRA.jpg,EN-297-BW,EN-297-BW,1.0000,1,1,EN297BW,EN297BW
2025-07-26_11-29-25-194_BT394PB-FRA.jpg,BT-394-PB,BT-394-PB,0.9901,1,1,BT394PB,BT394PB
2025-07-26_09-03-59-350_FV018BT-FRA.jpg,FV-018-BT.,FV-018-BT.,0.9997,1,1,FV018BT,FV018BT
2025-07-26_17-34-18-691_AA713SY-FRA.jpg,AA-713-SY,AA-713-SY,0.9922,1,1,AA713SY,AA713SY
2025-07-26_16-40-31-992_GR455VN-FRA.jpg,GR.455.VN,GR.455.VN,0.9874,1,1,GR455VN,GR455VN
2025-07-26_11-36-14-735_AQ583XY-FRA.jpg,AQ-583-XY,AQ-583-XY,0.9999,1,1,AQ583XY,AQ583XY
2025-07-26_11-27-30-332_BS640GC-FRA.jpg,BS-640-GC,BS-640-GC,0.9716,1,1,BS640GC,BS640GC
2025-07-26_18-04-58-231_WW091FV-FRA.jpg,WW-091-FV.,WW-091-FV.,0.9992,1,1,WW091FV,WW091FV
2025-07-26_10-13-45-427_CV978BL-FRA.jpg,CV-978-BL,CV-978-BL,0.9927,1,1,CV978BL,CV978BL
2025-07-26_10-40-46-185_GD327EY-FRA.jpg,GD-327-EY,GD-327-EY,0.9996,1,1,GD327EY,GD327EY
2025-07-26_15-45-02-792_FT686CB-FRA.jpg,FT-686-CB,FT-686-CB,1.0000,1,1,FT686CB,FT686CB
2025-07-26_11-22-32-865_AF314SR-FRA.jpg,AF-314-SR,AF-314-SR,1.0000,1,1,AF314SR,AF314SR
2025-07-26_10-23-05-039_HB528HS-FRA.jpg,HB-528-HS,HB-528-HS,0.9988,1,1,HB528HS,HB528HS
2025-07-26_11-15-21-045_DT414MD-FRA.jpg,DT-414-MD,DT-414-MD,1.0000,1,1,DT414MD,DT414MD
2025-07-26_12-35-51-519_FF024LR-FRA.jpg,FF-024-LR,FF-024-LR,0.9997,1,1,FF024LR,FF024LR
2025-07-26_10-25-17-651_FN070AJ-FRA.jpg,FN-070-AJ,FN-070-AJ,1.0000,1,1,FN070AJ,FN070AJ
2025-07-26_12-32-34-377_EY538NR-FRA.jpg,EY-538-NR,EY-538-NR,0.9988,1,1,EY538NR,EY538NR
2025-07-26_12-15-52-488_FK398RA-FRA.jpg,FK-398-RA,FK-398-RA,0.9999,1,1,FK398RA,FK398RA
2025-07-26_14-20-35-616_DY677SF-FRA.jpg,DY-677-SF,DY-677-SF,0.9851,1,1,DY677SF,DY677SF
2025-07-26_10-13-47-513_CV978BL-FRA.jpg,CV.978.BL,CV.978.BL,1.0000,1,1,CV978BL,CV978BL
2025-07-26_09-32-41-230_BV637VZ-FRA.jpg,BV.637.VZ,BV.637.VZ,0.9997,1,1,BV637VZ,BV637VZ
2025-07-26_09-11-26-591_GX500NP-FRA.jpg,GX-500-NP,GX-500-NP,0.9996,1,1,GX500NP,GX500NP
2025-07-26_15-54-16-598_DA264GR-FRA.jpg,DA264GR,DA264GR,0.9999,1,1,DA264GR,DA264GR
2025-07-26_09-47-23-729_BH091YB-FRA.jpg,BH-091-YB,BH-091-YB,0.9894,1,1,BH091YB,BH091YB
2025-07-26_10-25-34-217_FG463YQ-FRA.jpg,FG-463-YQ,FG-463-YQ,1.0000,1,1,FG463YQ,FG463YQ
2025-07-26_10-52-07-927_ET503WH-FRA.jpg,ET-503-WH,ET-503-WH,0.9887,1,1,ET503WH,ET503WH
2025-07-26_11-13-55-402_GT515QY-FRA.jpg,GT-515-QY.,GT-515-QY.,0.9800,1,1,GT515QY,GT515QY
2025-07-26_10-59-14-984_BL119FN-FRA.jpg,BL-119-FN,BL-119-FN,1.0000,1,1,BL119FN,BL119FN
2025-07-26_13-07-56-232_AQ051SH-FRA.jpg,AQ-051-SH,AQ-051-SH,0.9999,1,1,AQ051SH,AQ051SH
2025-07-26_16-01-09-378_HB028YC-FRA.jpg,HB028YC,HB028YC,0.9591,1,1,HB028YC,HB028YC
2025-07-26_13-23-48-660_GB095RR-FRA.jpg,GB-095-RR,GB-095-RR,1.0000,1,1,GB095RR,GB095RR
2025-07-26_10-50-11-358_EY757WB-FRA.jpg,EY-757-WB,EY-757-WB,0.9812,1,1,EY757WB,EY757WB
2025-07-26_14-03-40-174_DM644SR-FRA.jpg,DM.644SR,DM.644SR,0.9999,1,1,DM644SR,DM644SR
2025-07-26_14-14-28-936_GL929WT-FRA.jpg,GL929-WT.,GL929-WT.,0.9994,1,1,GL929WT,GL929WT
2025-07-26_14-12-39-460_BG249SK-FRA.jpg,BG-249-SK,BG-249-SK,0.9997,1,1,BG249SK,BG249SK
2025-07-26_12-58-30-402_GQ124FW-FRA.jpg,GQ-124-FW,GQ-124-FW,1.0000,1,1,GQ124FW,GQ124FW
2025-07-26_09-01-14-288_DL429MX-FRA.jpg,DL-429-MX,DL-429-MX,0.9231,1,1,DL429MX,DL429MX
2025-07-26_13-05-46-671_AN302VW-FRA.jpg,AN-302-VW,AN-302-VW,0.9419,1,1,AN302VW,AN302VW
2025-07-26_10-39-12-178_CP951ZZ-FRA.jpg,CP-951-ZZ,CP-951-ZZ,0.9780,1,1,CP951ZZ,CP951ZZ
2025-07-26_11-36-29-275_FF972VJ-FRA.jpg,FF.972.VJ,FF.972.VJ,1.0000,1,1,FF972VJ,FF972VJ
2025-07-26_10-20-32-909_EX874VR-FRA.jpg,EX-874VR,EX-874VR,0.9563,1,1,EX874VR,EX874VR
2025-07-26_18-01-27-930_EW972KB-FRA.jpg,EW-972-KB,EW-972-KB,1.0000,1,1,EW972KB,EW972KB
2025-07-26_14-06-41-295_GZ957QS-FRA.jpg,GZ-957-QS,GZ-957-QS,0.9987,1,1,GZ957QS,GZ957QS
2025-07-26_13-09-21-301_CK585LN-FRA.jpg,CK-585-LN,CK-585-LN,0.9965,1,1,CK585LN,CK585LN
2025-07-26_09-26-47-715_EY371AA-FRA.jpg,EY-371-AA,EY-371-AA,0.9973,1,1,EY371AA,EY371AA
2025-07-26_13-51-20-994_GE383SE-FRA.jpg,GE383SE,GE383SE,0.9968,1,1,GE383SE,GE383SE
2025-07-26_18-03-15-412_AK536ZX-FRA.jpg,AK-536-ZX,AK-536-ZX,0.9985,1,1,AK536ZX,AK536ZX
2025-07-26_14-45-50-059_EZ800DR-FRA.jpg,EZ-800-DR,EZ-800-DR,0.9986,1,1,EZ800DR,EZ800DR
2025-07-26_16-00-11-035_BL613MA-FRA.jpg,BL-613.MA,BL-613.MA,0.9431,1,1,BL613MA,BL613MA
2025-07-26_11-11-37-500_GW688FJ-FRA.jpg,GW-688-FJ,GW-688-FJ,1.0000,1,1,GW688FJ,GW688FJ
2025-07-26_09-49-15-818_CZ839JL-FRA.jpg,CZ-839-JL.,CZ-839-JL.,0.9622,1,1,CZ839JL,CZ839JL
2025-07-26_09-36-18-627_DR113SL-FRA.jpg,DR-113-SL,DR-113-SL,1.0000,1,1,DR113SL,DR113SL
2025-07-26_11-21-56-372_GP049GP-FRA.jpg,GP-049-GP,GP-049-GP,0.9307,1,1,GP049GP,GP049GP
2025-07-26_10-36-53-228_FX882RS-FRA.jpg,FX-882-RS,FX-882-RS,0.9984,1,1,FX882RS,FX882RS
2025-07-26_13-07-36-859_FX932CY-FRA.jpg,FX-932-CY.,FX-932-CY.,0.9855,1,1,FX932CY,FX932CY
2025-07-26_13-57-53-571_EV520YA-FRA.jpg,EV-520-YA,EV-520-YA,0.9809,1,1,EV520YA,EV520YA
2025-07-26_14-28-01-274_GQ342HF-FRA.jpg,GQ-342-HF,GQ-342-HF,0.9933,1,1,GQ342HF,GQ342HF
2025-07-26_10-47-45-329_EA094FX-FRA.jpg,EA-094-FX,EA-094-FX,0.9548,1,1,EA094FX,EA094FX
2025-07-26_10-47-57-377_AK761XM-FRA.jpg,AK-761-XM,AK-761-XM,0.9756,1,1,AK761XM,AK761XM
2025-07-26_16-53-59-418_DR857LZ-FRA.jpg,DR-857-LZ,DR-857-LZ,0.9587,1,1,DR857LZ,DR857LZ
2025-07-26_17-20-08-795_EY241VQ-FRA.jpg,EY.241.VQ,EY.241.VQ,1.0000,1,1,EY241VQ,EY241VQ
2025-07-26_18-03-25-704_EY393PD-FRA.jpg,EY393-PD,EY393-PD,0.9914,1,1,EY393PD,EY393PD
2025-07-26_13-12-35-700_DJ080CY-FRA.jpg,DJ-080-CY,DJ-080-CY,0.9779,1,1,DJ080CY,DJ080CY
2025-07-26_13-59-49-501_DS367SV-FRA.jpg,DS-367-SV,DS-367-SV,0.9966,1,1,DS367SV,DS367SV
2025-07-26_09-27-17-836_GX583BL-FRA.jpg,GX-583-BL,GX-583-BL,1.0000,1,1,GX583BL,GX583BL
2025-07-26_10-05-32-322_CA683CL-FRA.jpg,CA-683-CL,CA-683-CL,0.9994,1,1,CA683CL,CA683CL
2025-07-26_10-29-40-353_FF009XG-FRA.jpg,FF-009-XG,FF-009-XG,0.9968,1,1,FF009XG,FF009XG
2025-07-26_14-58-39-558_CN716JL-FRA.jpg,CN-716-JL.,CN-716-JL.,1.0000,1,1,CN716JL,CN716JL
2025-07-26_10-28-52-869_CY152GW-FRA.jpg,CY-152-GW,CY-152-GW,0.9838,1,1,CY152GW,CY152GW
2025-07-26_14-18-04-084_DK593YA-FRA.jpg,DK-593-YA,DK-593-YA,0.9996,1,1,DK593YA,DK593YA
2025-07-26_10-25-53-361_EE493YJ-FRA.jpg,EE-493-YJ,EE-493-YJ,1.0000,1,1,EE493YJ,EE493YJ
2025-07-26_12-25-58-155_ES401ZK-FRA.jpg,ES-401-ZK,ES-401-ZK,0.9994,1,1,ES401ZK,ES401ZK
2025-07-26_12-58-34-321_EK303PY-FRA.jpg,EK-303-PY,EK-303-PY,0.9912,1,1,EK303PY,EK303PY
2025-07-26_15-19-59-047_AX174LG-FRA.jpg,AX-174-LG,AX-174-LG,0.9999,1,1,AX174LG,AX174LG
2025-07-26_12-26-27-749_EF426HL-FRA.jpg,EF-426-HL.,EF-426-HL.,1.0000,1,1,EF426HL,EF426HL
2025-07-26_12-49-47-834_EK210KF-FRA.jpg,EK-210-KF,EK-210-KF,0.9573,1,1,EK210KF,EK210KF
2025-07-26_12-05-12-553_AM863QE-FRA.jpg,AM-863-QE,AM-863-QE,0.9984,1,1,AM863QE,AM863QE
2025-07-26_11-24-55-502_FN068PL-FRA.jpg,FN-068-PL.,FN-068-PL.,0.9609,1,1,FN068PL,FN068PL
2025-07-26_12-19-42-422_BT881WS-FRA.jpg,BT-881-WS,BT-881-WS,0.9992,1,1,BT881WS,BT881WS
2025-07-26_12-37-42-665_GV958BL-FRA.jpg,GV-958-BL.,GV-958-BL.,0.9863,1,1,GV958BL,GV958BL
2025-07-26_11-36-58-711_DW054YC-FRA.jpg,DW-054-YC,DW-054-YC,0.9999,1,1,DW054YC,DW054YC
2025-07-26_13-25-26-573_GN446RA-FRA.jpg,GN-446-RA,GN-446-RA,1.0000,1,1,GN446RA,GN446RA
2025-07-26_09-08-42-656_FE315VN-FRA.jpg,FE-315-VN,FE-315-VN,0.9449,1,1,FE315VN,FE315VN
2025-07-26_10-47-00-367_GA116HV-FRA.jpg,GA.116-HV,GA.116-HV,0.9998,1,1,GA116HV,GA116HV
2025-07-26_16-33-10-564_EG285TX-FRA.jpg,EG-285-TX,EG-285-TX,0.9995,1,1,EG285TX,EG285TX
2025-07-26_10-17-26-408_FR501GV-FRA.jpg,FR-501-GV,FR-501-GV,0.9985,1,1,FR501GV,FR501GV
2025-07-26_11-46-08-398_EP432PL-FRA.jpg,EP-432-PL,EP-432-PL,1.0000,1,1,EP432PL,EP432PL
2025-07-26_17-40-00-331_BC674AK-FRA.jpg,BC-674-AK,BC-674-AK,1.0000,1,1,BC674AK,BC674AK
2025-07-26_15-16-16-934_HA415KD-FRA.jpg,HA-415-KD,HA-415-KD,0.9999,1,1,HA415KD,HA415KD
2025-07-26_09-07-46-966_HD847YS-FRA.jpg,HD-847-YS,HD-847-YS,1.0000,1,1,HD847YS,HD847YS
2025-07-26_09-58-52-426_GT310XS-FRA.jpg,GT-310-XS,GT-310-XS,0.9767,1,1,GT310XS,GT310XS
2025-07-26_14-25-41-798_EC098XZ-FRA.jpg,EC-098-XZ,EC-098-XZ,0.9981,1,1,EC098XZ,EC098XZ
2025-07-26_10-40-40-323_AT668YB-FRA.jpg,AT-668-YB,AT-668-YB,0.9999,1,1,AT668YB,AT668YB
2025-07-26_12-12-58-484_GC688EC-FRA.jpg,GC-688-EC,GC-688-EC,1.0000,1,1,GC688EC,GC688EC
2025-07-26_15-10-37-197_FC439JX-FRA.jpg,FC-439-JX,FC-439-JX,0.9991,1,1,FC439JX,FC439JX
2025-07-26_10-42-21-102_3727VV22-FRA.jpg,3727-VV-22,3727-VV-22,0.9966,1,1,3727VV22,3727VV22
2025-07-26_18-22-32-730_GX850MR-FRA.jpg,GX850MR,GX850MR,1.0000,1,1,GX850MR,GX850MR
2025-07-26_16-05-30-848_CJ724XK-FRA.jpg,CJ-724-XK,CJ-724-XK,0.9998,1,1,CJ724XK,CJ724XK
2025-07-26_10-21-01-979_CY925GY-FRA.jpg,CY-925-GY.,CY-925-GY.,0.9753,1,1,CY925GY,CY925GY
2025-07-26_09-18-40-871_BB708HS-FRA.jpg,BB-708HS,BB-708HS,0.9989,1,1,BB708HS,BB708HS
2025-07-26_16-17-54-786_EE714KV-FRA.jpg,EE714-KV,EE714-KV,0.9994,1,1,EE714KV,EE714KV
2025-07-26_12-53-42-406_FV538JG-FRA.jpg,FV-538-JG,FV-538-JG,1.0000,1,1,FV538JG,FV538JG
2025-07-26_14-16-39-244_CF293VC-FRA.jpg,CF-293-VC,CF-293-VC,1.0000,1,1,CF293VC,CF293VC
2025-07-26_09-15-26-131_FB644HF-FRA.jpg,FB-644-HF.,FB-644-HF.,0.9918,1,1,FB644HF,FB644HF
2025-07-26_09-41-10-219_DQ226VE-FRA.jpg,DQ-226-VE,DQ-226-VE,0.9676,1,1,DQ226VE,DQ226VE
2025-07-26_13-04-50-179_EB510AS-FRA.jpg,EB-510-AS,EB-510-AS,0.9911,1,1,EB510AS,EB510AS
2025-07-26_13-24-39-020_FZ778GR-FRA.jpg,FZ-778-GR,FZ-778-GR,1.0000,1,1,FZ778GR,FZ778GR
2025-07-26_16-08-06-273_BC224DF-FRA.jpg,BC-224-DF,BC-224-DF,1.0000,1,1,BC224DF,BC224DF
2025-07-26_13-24-47-324_HA403NP-FRA.jpg,HA-403-NP,HA-403-NP,0.9931,1,1,HA403NP,HA403NP
2025-07-26_12-04-14-532_BY503ER-FRA.jpg,BY-503-ER,BY-503-ER,1.0000,1,1,BY503ER,BY503ER
2025-07-26_15-50-26-173_CP249ZT-FRA.jpg,CP-249-ZT,CP-249-ZT,0.9999,1,1,CP249ZT,CP249ZT
2025-07-26_12-40-22-551_FH148MH-FRA.jpg,FH-148-MH,FH-148-MH,0.9999,1,1,FH148MH,FH148MH
2025-07-26_11-47-56-522_EB029DS-FRA.jpg,EB029DS,EB029DS,0.9997,1,1,EB029DS,EB029DS
2025-07-26_14-51-02-639_FA159HP-FRA.jpg,FA-159-HP,FA-159-HP,0.9144,1,1,FA159HP,FA159HP
2025-07-26_12-23-36-470_BE611BL-FRA.jpg,BE-611-BL,BE-611-BL,0.9990,1,1,BE611BL,BE611BL
2025-07-26_10-52-36-690_GC637TM-FRA.jpg,GC-637-TM,GC-637-TM,0.9950,1,1,GC637TM,GC637TM
2025-07-26_12-03-49-376_FX367SP-FRA.jpg,FX-367-SP,FX-367-SP,1.0000,1,1,FX367SP,FX367SP
2025-07-26_17-54-44-920_DW695XJ-FRA.jpg,DW-695-XJ,DW-695-XJ,0.9709,1,1,DW695XJ,DW695XJ
2025-07-26_11-38-14-425_FS528BJ-FRA.jpg,FS-528-BJ,FS-528-BJ,1.0000,1,1,FS528BJ,FS528BJ
2025-07-26_12-21-04-871_BY442YR-FRA.jpg,BY-442-YR,BY-442-YR,0.9999,1,1,BY442YR,BY442YR
2025-07-26_15-27-44-297_FA976SD-FRA.jpg,FA-976-SD,FA-976-SD,0.9999,1,1,FA976SD,FA976SD
2025-07-26_12-48-46-481_DM124RY-FRA.jpg,DM-124-RY.,DM-124-RY.,0.9997,1,1,DM124RY,DM124RY
2025-07-26_10-49-02-751_BF292KG-FRA.jpg,BF-292-KG,BF-292-KG,0.9536,1,1,BF292KG,BF292KG
2025-07-26_16-22-54-516_GS425QF-FRA.jpg,GS425QF,GS425QF,0.9893,1,1,GS425QF,GS425QF
2025-07-26_09-18-23-846_DZ213SX-FRA.jpg,DZ-213-SX,DZ-213-SX,0.9862,1,1,DZ213SX,DZ213SX
2025-07-26_11-43-48-368_FJ078BM-FRA.jpg,FJ-078-BM,FJ-078-BM,1.0000,1,1,FJ078BM,FJ078BM
2025-07-26_10-58-11-833_EY966BC-FRA.jpg,EY-966-BC,EY-966-BC,0.9999,1,1,EY966BC,EY966BC
2025-07-26_11-04-59-525_GY216RL-FRA.jpg,GY-216-RL,GY-216-RL,0.9832,1,1,GY216RL,GY216RL
2025-07-26_13-24-36-484_GR824XA-FRA.jpg,GR-824-XA,GR-824-XA,0.9999,1,1,GR824XA,GR824XA
2025-07-26_14-39-34-158_GS134PF-FRA.jpg,GS-134-PF,GS-134-PF,1.0000,1,1,GS134PF,GS134PF
2025-07-26_14-11-12-482_FR870TM-FRA.jpg,FR-870-TM,FR-870-TM,0.9955,1,1,FR870TM,FR870TM
2025-07-26_12-43-48-397_FK351WP-FRA.jpg,FK-351-WP,FK-351-WP,0.9998,1,1,FK351WP,FK351WP
2025-07-26_09-52-02-946_AV537EN-FRA.jpg,AV-537-EN,AV-537-EN,0.9999,1,1,AV537EN,AV537EN
2025-07-26_14-29-29-955_FZ624PN-FRA.jpg,FZ-624-PN,FZ-624-PN,0.9853,1,1,FZ624PN,FZ624PN
2025-07-26_10-30-25-307_EG791TV-FRA.jpg,EG-791-TV,EG-791-TV,0.9999,1,1,EG791TV,EG791TV
2025-07-26_12-29-16-917_CH051AB-FRA.jpg,CH-051.AB,CH-051.AB,0.9980,1,1,CH051AB,CH051AB
2025-07-26_13-09-08-380_BN258VE-FRA.jpg,BN-258-VE,BN-258-VE,1.0000,1,1,BN258VE,BN258VE
2025-07-26_15-11-44-336_HD205PJ-FRA.jpg,HD-205-PJ,HD-205-PJ,1.0000,1,1,HD205PJ,HD205PJ
2025-07-26_13-32-22-508_GN137YD-FRA.jpg,GN-137-YD,GN-137-YD,0.9973,1,1,GN137YD,GN137YD
2025-07-26_11-27-02-012_GV708GE-FRA.jpg,GV-708-GE,GV-708-GE,0.9987,1,1,GV708GE,GV708GE
2025-07-26_17-56-31-044_DW449AE-FRA.jpg,DW-449-AE.,DW-449-AE.,1.0000,1,1,DW449AE,DW449AE
2025-07-26_11-18-56-845_EQ531MZ-FRA.jpg,EQ-531-MZ.,EQ-531-MZ.,0.9983,1,1,EQ531MZ,EQ531MZ
2025-07-26_17-03-08-671_ED539XZ-ITA.jpg,ED-539-XZ,ED-539-XZ,1.0000,1,1,ED539XZ,ED539XZ
2025-07-26_12-50-10-713_DS713DX-FRA.jpg,DS-713-DX,DS-713-DX,0.9965,1,1,DS713DX,DS713DX
2025-07-26_10-40-38-816_CK990WD-FRA.jpg,CK-990-WD,CK-990-WD,0.9999,1,1,CK990WD,CK990WD
2025-07-26_12-56-48-642_FE243HZ-FRA.jpg,FE-243-HZ.,FE-243-HZ.,0.9563,1,1,FE243HZ,FE243HZ
2025-07-26_12-06-53-365_FD270ZE-FRA.jpg,FD-270-ZE,FD-270-ZE,0.9999,1,1,FD270ZE,FD270ZE
2025-07-26_12-35-31-267_GX890WQ-FRA.jpg,GX-890-WQ,GX-890-WQ,0.9999,1,1,GX890WQ,GX890WQ
2025-07-26_11-43-12-586_EF257RS-FRA.jpg,EF-257-RS,EF-257-RS,0.9989,1,1,EF257RS,EF257RS
2025-07-26_09-11-30-551_FS057LL-FRA.jpg,FS-057-LL.,FS-057-LL.,0.9927,1,1,FS057LL,FS057LL
2025-07-26_15-39-07-968_ER289JN-FRA.jpg,ER-289-JN,ER-289-JN,0.9999,1,1,ER289JN,ER289JN
2025-07-26_10-34-31-891_AK210WV-FRA.jpg,AK.210-WV,AK.210-WV,1.0000,1,1,AK210WV,AK210WV
2025-07-26_10-33-19-938_FQ037TY-FRA.jpg,FQ-037-TY,FQ-037-TY,0.9998,1,1,FQ037TY,FQ037TY
2025-07-26_11-29-24-675_DJ152PF-FRA.jpg,DJ-152-PF,DJ-152-PF,0.9076,1,1,DJ152PF,DJ152PF
2025-07-26_12-38-42-157_GM616LD-FRA.jpg,GM-616-LD,GM-616-LD,0.9803,1,1,GM616LD,GM616LD
2025-07-26_10-19-27-465_HD895LR-FRA.jpg,HD-895-LR,HD-895-LR,0.9929,1,1,HD895LR,HD895LR
2025-07-26_13-37-35-804_EN956TJ-FRA.jpg,EN-956-TJ,EN-956-TJ,0.9955,1,1,EN956TJ,EN956TJ
2025-07-26_16-31-39-235_GB764DK-FRA.jpg,GB-764-DK,GB-764-DK,1.0000,1,1,GB764DK,GB764DK
2025-07-26_09-09-49-887_GB256RW-FRA.jpg,GB-256-RW,GB-256-RW,1.0000,1,1,GB256RW,GB256RW
2025-07-26_18-25-12-043_AH566YG-FRA.jpg,AH-566-YG,AH-566-YG,0.9999,1,1,AH566YG,AH566YG
2025-07-26_13-10-03-593_GJ818KJ-FRA.jpg,GJ-818-KJ,GJ-818-KJ,1.0000,1,1,GJ818KJ,GJ818KJ
2025-07-26_13-22-10-234_FR880HS-FRA.jpg,FR-880-HS,FR-880-HS,0.9945,1,1,FR880HS,FR880HS
2025-07-26_12-12-43-106_FL829HS-FRA.jpg,FL-829-HS,FL-829-HS,0.9921,1,1,FL829HS,FL829HS
2025-07-26_09-26-17-696_DW941TX-FRA.jpg,DW-941-TX,DW-941-TX,0.9906,1,1,DW941TX,DW941TX
2025-07-26_12-12-27-216_GF626YS-FRA.jpg,GF-626-YS,GF-626-YS,1.0000,1,1,GF626YS,GF626YS
2025-07-26_09-36-04-435_EG561TN-FRA.jpg,EG-561-TN,EG-561-TN,1.0000,1,1,EG561TN,EG561TN
2025-07-26_16-07-22-314_FG316EP-FRA.jpg,FG-316-EP,FG-316-EP,1.0000,1,1,FG316EP,FG316EP
2025-07-26_18-23-33-472_GY570MB-FRA.jpg,GY-570-MB,GY-570-MB,0.9993,1,1,GY570MB,GY570MB
2025-07-26_13-25-26-954_GF458BG-FRA.jpg,GF-458-BG,GF-458-BG,0.9996,1,1,GF458BG,GF458BG
2025-07-26_14-12-39-930_HE524RL-FRA.jpg,HE-524-RL,HE-524-RL,0.9387,1,1,HE524RL,HE524RL
2025-07-26_11-10-34-002_WW487AD-FRA.jpg,WW-487-AD,WW-487-AD,0.9915,1,1,WW487AD,WW487AD
2025-07-26_15-06-41-167_EH769FP-FRA.jpg,EH-769-FP,EH-769-FP,1.0000,1,1,EH769FP,EH769FP
2025-07-26_09-25-49-620_BJ017KK-FRA.jpg,BJ-017-KK,BJ-017-KK,0.9773,1,1,BJ017KK,BJ017KK
2025-07-26_16-49-35-550_AD898LE-FRA.jpg,AD-898-LE,AD-898-LE,1.0000,1,1,AD898LE,AD898LE
2025-07-26_09-28-32-522_GT856GR-FRA.jpg,GT-856-GR,GT-856-GR,1.0000,1,1,GT856GR,GT856GR
2025-07-26_10-12-43-834_GR162LG-FRA.jpg,GR-162-LG,GR-162-LG,0.9412,1,1,GR162LG,GR162LG
2025-07-26_13-59-37-939_HC805BN-FRA.jpg,HC-805-BN,HC-805-BN,0.9976,1,1,HC805BN,HC805BN
2025-07-26_14-08-53-403_AV158YV-FRA.jpg,AV-158-YV,AV-158-YV,0.9883,1,1,AV158YV,AV158YV
2025-07-26_12-32-31-157_CR070ZA-FRA.jpg,CR-070-ZA,CR-070-ZA,0.9995,1,1,CR070ZA,CR070ZA
2025-07-26_10-23-07-510_DG533QL-FRA.jpg,.DG-533-QL,.DG-533-QL,0.9998,1,1,DG533QL,DG533QL
2025-07-26_10-17-45-115_DZ936WL-FRA.jpg,DZ.936.WL.,DZ.936.WL.,0.9997,1,1,DZ936WL,DZ936WL
2025-07-26_14-12-40-498_FV079ZF-FRA.jpg,FV-079-ZF.,FV-079-ZF.,0.9975,1,1,FV079ZF,FV079ZF
2025-07-26_15-30-57-901_FQ967WP-FRA.jpg,FQ-967-WP,FQ-967-WP,0.9896,1,1,FQ967WP,FQ967WP
2025-07-26_10-52-46-992_GV393KE-FRA.jpg,GV-393-KE,GV-393-KE,0.9987,1,1,GV393KE,GV393KE
2025-07-26_16-19-35-939_FT138WL-FRA.jpg,FT-138-WL,FT-138-WL,0.9987,1,1,FT138WL,FT138WL
2025-07-26_10-18-38-688_EE481WQ-FRA.jpg,EE-481.WQ,EE-481.WQ,1.0000,1,1,EE481WQ,EE481WQ
2025-07-26_09-22-38-609_DN770VJ-FRA.jpg,DN-770-VJ,DN-770-VJ,0.9998,1,1,DN770VJ,DN770VJ
2025-07-26_12-41-13-587_DA370WB-FRA.jpg,DA-370-WB,DA-370-WB,0.9995,1,1,DA370WB,DA370WB
2025-07-26_16-19-40-515_FF965KV-FRA.jpg,FF965KV,FF965KV,0.9988,1,1,FF965KV,FF965KV
2025-07-26_14-00-40-812_FF212WE-FRA.jpg,FF-212-WE,FF-212-WE,1.0000,1,1,FF212WE,FF212WE
2025-07-26_11-02-27-410_CY604SB-FRA.jpg,CY-604-SB,CY-604-SB,0.9936,1,1,CY604SB,CY604SB
2025-07-26_15-40-57-221_EY727GR-FRA.jpg,EY-727-GR.,EY-727-GR.,1.0000,1,1,EY727GR,EY727GR
2025-07-26_14-21-59-591_EK240DL-FRA.jpg,EK-240-DL,EK-240-DL,1.0000,1,1,EK240DL,EK240DL
2025-07-26_09-06-32-348_DS003LB-FRA.jpg,DS-003-L-B,DS-003-L-B,0.9999,1,1,DS003LB,DS003LB
2025-07-26_10-35-15-423_GT536RT-FRA.jpg,GT-536-RT.,GT-536-RT.,0.9727,1,1,GT536RT,GT536RT
2025-07-26_10-52-30-367_DM275GZ-FRA.jpg,DM-275-GZ,DM-275-GZ,0.9968,1,1,DM275GZ,DM275GZ
2025-07-26_10-51-36-997_GB832EK-FRA.jpg,GB-832-EK,GB-832-EK,0.9553,1,1,GB832EK,GB832EK
2025-07-26_16-54-30-321_EM303WW-FRA.jpg,EM-303-WW,EM-303-WW,1.0000,1,1,EM303WW,EM303WW
2025-07-26_10-48-15-404_DZ933DA-FRA.jpg,DZ-933-DA,DZ-933-DA,0.9968,1,1,DZ933DA,DZ933DA
2025-07-26_13-40-19-828_FP850TW-FRA.jpg,FP-850-TW,FP-850-TW,0.9948,1,1,FP850TW,FP850TW
2025-07-26_09-56-06-542_FW818RQ-FRA.jpg,FW-818-RQ,FW-818-RQ,1.0000,1,1,FW818RQ,FW818RQ
2025-07-26_09-10-45-932_HE781CQ-FRA.jpg,HE-781-CQ,HE-781-CQ,0.9998,1,1,HE781CQ,HE781CQ
2025-07-26_15-16-44-184_FR165KE-FRA.jpg,FR-165-KE,FR-165-KE,0.9635,1,1,FR165KE,FR165KE
2025-07-26_13-13-27-955_EA382NH-FRA.jpg,EA-382-NH,EA-382-NH,1.0000,1,1,EA382NH,EA382NH
2025-07-26_14-11-55-107_EV980MD-FRA.jpg,EV-980-MD,EV-980-MD,0.9453,1,1,EV980MD,EV980MD
2025-07-26_10-58-17-476_CR865WJ-FRA.jpg,CR-865-WJ,CR-865-WJ,0.9595,1,1,CR865WJ,CR865WJ
2025-07-26_12-04-45-301_DE685BR-FRA.jpg,DE-685-BR,DE-685-BR,1.0000,1,1,DE685BR,DE685BR
2025-07-26_10-04-04-187_AF065MX-FRA.jpg,AF-065-MX,AF-065-MX,0.9909,1,1,AF065MX,AF065MX
2025-07-26_13-09-57-375_GM871VE-FRA.jpg,GM-871-VE,GM-871-VE,1.0000,1,1,GM871VE,GM871VE
2025-07-26_12-12-03-966_EN462WE-FRA.jpg,EN-462-WE,EN-462-WE,0.9982,1,1,EN462WE,EN462WE
2025-07-26_12-26-15-756_EE278HC-FRA.jpg,EE-278-HC,EE-278-HC,0.9979,1,1,EE278HC,EE278HC
2025-07-26_14-42-20-001_CC422VG-FRA.jpg,CC-422-VG,CC-422-VG,0.9388,1,1,CC422VG,CC422VG
2025-07-26_09-27-12-111_CF287SD-FRA.jpg,CF287SD,CF287SD,0.9998,1,1,CF287SD,CF287SD
2025-07-26_16-12-52-986_CB542TX-FRA.jpg,CB-542-TX,CB-542-TX,0.9996,1,1,CB542TX,CB542TX
2025-07-26_13-04-18-171_CQ532SG-FRA.jpg,CQ-532-SG,CQ-532-SG,1.0000,1,1,CQ532SG,CQ532SG
2025-07-26_12-42-04-602_FX457CS-FRA.jpg,FX-457-CS,FX-457-CS,0.9998,1,1,FX457CS,FX457CS
2025-07-26_13-00-54-956_FN528YM-FRA.jpg,FN528YM,FN528YM,0.9977,1,1,FN528YM,FN528YM
2025-07-26_13-16-47-653_FS078PE-FRA.jpg,FS-078-PE,FS-078-PE,1.0000,1,1,FS078PE,FS078PE
2025-07-26_11-40-50-976_GV531LE-FRA.jpg,GV.531.LE,GV.531.LE,0.9991,1,1,GV531LE,GV531LE
2025-07-26_13-12-24-928_GS045LR-FRA.jpg,.GS-045-LR.,.GS-045-LR.,0.9998,1,1,GS045LR,GS045LR
2025-07-26_14-08-58-537_FM524VG-FRA.jpg,FM-524-VG,FM-524-VG,0.9999,1,1,FM524VG,FM524VG
2025-07-26_16-28-50-801_AX353JE-FRA.jpg,AX-353-JE.,AX-353-JE.,0.9786,1,1,AX353JE,AX353JE
2025-07-26_13-31-29-242_DP411NE-FRA.jpg,DP-411-NE,DP-411-NE,0.9999,1,1,DP411NE,DP411NE
2025-07-26_14-41-08-052_DF789DR-FRA.jpg,DF-789-DR,DF-789-DR,1.0000,1,1,DF789DR,DF789DR
2025-07-26_16-38-26-070_AC140RS-FRA.jpg,AC-140-RS,AC-140-RS,1.0000,1,1,AC140RS,AC140RS
2025-07-26_14-38-19-181_GN631BB-FRA.jpg,GN-631-BB,GN-631-BB,0.9597,1,1,GN631BB,GN631BB
2025-07-26_09-14-37-312_GP498BW-FRA.jpg,GP-498-BW,GP-498-BW,0.9995,1,1,GP498BW,GP498BW
2025-07-26_17-03-29-373_FX834MS-FRA.jpg,FX-834-MS,FX-834-MS,1.0000,1,1,FX834MS,FX834MS
2025-07-26_10-36-32-463_AJ978YH-FRA.jpg,AJ-978.YH,AJ-978.YH,0.9847,1,1,AJ978YH,AJ978YH
2025-07-26_11-26-00-213_GH238JV-FRA.jpg,GH-238-JV,GH-238-JV,1.0000,1,1,GH238JV,GH238JV
2025-07-26_10-31-52-518_CQ425RF-FRA.jpg,CQ-425-RF,CQ-425-RF,0.9999,1,1,CQ425RF,CQ425RF
2025-07-26_09-16-40-466_EK049YD-FRA.jpg,EK-049.YD,EK-049.YD,0.9746,1,1,EK049YD,EK049YD
2025-07-26_16-12-51-916_DT397GE-FRA.jpg,DT-397-GE,DT-397-GE,0.9976,1,1,DT397GE,DT397GE
2025-07-26_16-14-44-758_FR579XF-FRA.jpg,FR-579-XF,FR-579-XF,0.9939,1,1,FR579XF,FR579XF
2025-07-26_12-26-52-796_DM013VS-FRA.jpg,DM-013-VS,DM-013-VS,1.0000,1,1,DM013VS,DM013VS
2025-07-26_09-39-53-513_FY797PY-FRA.jpg,FY-797-PY,FY-797-PY,1.0000,1,1,FY797PY,FY797PY
2025-07-26_12-53-58-629_CE269GS-FRA.jpg,CE-269-GS,CE-269-GS,1.0000,1,1,CE269GS,CE269GS
2025-07-26_09-53-44-244_DZ525EC-FRA.jpg,DZ-525-EC,DZ-525-EC,0.9850,1,1,DZ525EC,DZ525EC
2025-07-26_09-18-26-297_DS129MW-FRA.jpg,.DS129MW.,.DS129MW.,0.9999,1,1,DS129MW,DS129MW
2025-07-26_10-28-46-514_EX606CJ-FRA.jpg,EX-606.CJ,EX-606.CJ,0.9998,1,1,EX606CJ,EX606CJ
2025-07-26_13-31-49-225_CJ386LD-FRA.jpg,CJ-386-LD,CJ-386-LD,0.9999,1,1,CJ386LD,CJ386LD
2025-07-26_18-08-40-265_CE925RT-ITA.jpg,CE-925-RT,CE-925-RT,0.9672,1,1,CE925RT,CE925RT
2025-07-26_09-31-15-386_AC451LY-FRA.jpg,AC-451-LY,AC-451-LY,0.9999,1,1,AC451LY,AC451LY
2025-07-26_11-31-06-836_104EXZ91-FRA.jpg,104EXZ-91.,104EXZ-91.,0.9993,1,1,104EXZ91,104EXZ91
2025-07-26_12-30-21-669_EW111PA-FRA.jpg,EW-111-PA.,EW-111-PA.,0.9987,1,1,EW111PA,EW111PA
2025-07-26_12-43-33-437_FH141NZ-FRA.jpg,FH-141-NZ,FH-141-NZ,1.0000,1,1,FH141NZ,FH141NZ
2025-07-26_10-17-42-486_FP820QL-FRA.jpg,FP-820-QL.,FP-820-QL.,0.9702,1,1,FP820QL,FP820QL
2025-07-26_09-10-16-300_GS769HL-FRA.jpg,GS-769-HL,GS-769-HL,0.9997,1,1,GS769HL,GS769HL
2025-07-26_13-01-37-450_ED188MY-FRA.jpg,ED-188-MY,ED-188-MY,0.9940,1,1,ED188MY,ED188MY
2025-07-26_11-05-17-617_GR276DZ-FRA.jpg,GR-276-DZ,GR-276-DZ,0.9889,1,1,GR276DZ,GR276DZ
2025-07-26_12-27-10-312_GD393ED-FRA.jpg,GD-393-ED,GD-393-ED,0.9673,1,1,GD393ED,GD393ED
2025-07-26_11-10-02-045_GT926LQ-FRA.jpg,GT-926-LQ,GT-926-LQ,1.0000,1,1,GT926LQ,GT926LQ
2025-07-26_09-20-49-715_CS275AY-FRA.jpg,CS-275-AY,CS-275-AY,1.0000,1,1,CS275AY,CS275AY
2025-07-26_11-16-13-532_DA783RS-FRA.jpg,DA-783-RS,DA-783-RS,0.9998,1,1,DA783RS,DA783RS
2025-07-26_10-30-17-929_ED721LR-FRA.jpg,ED-721-LR,ED-721-LR,0.9988,1,1,ED721LR,ED721LR
2025-07-26_16-47-35-010_CM153NW-FRA.jpg,CM-153-NW,CM-153-NW,0.9998,1,1,CM153NW,CM153NW
2025-07-26_12-24-33-498_DQ576DR-FRA.jpg,DQ.576.DR,DQ.576.DR,0.9999,1,1,DQ576DR,DQ576DR
2025-07-26_14-50-52-134_GE218NH-FRA.jpg,GE218NH,GE218NH,0.9997,1,1,GE218NH,GE218NH
2025-07-26_09-10-29-515_EJ711GT-FRA.jpg,EJ-711-GT,EJ-711-GT,0.9999,1,1,EJ711GT,EJ711GT
2025-07-26_12-01-07-322_GP601QB-FRA.jpg,GP-601-QB,GP-601-QB,0.9999,1,1,GP601QB,GP601QB
2025-07-26_12-37-46-079_FH485CL-FRA.jpg,FH-485-CL,FH-485-CL,0.9912,1,1,FH485CL,FH485CL
2025-07-26_13-09-26-338_CD524KY-FRA.jpg,CD-524-KY,CD-524-KY,0.9963,1,1,CD524KY,CD524KY
2025-07-26_13-01-58-137_FY321EX-FRA.jpg,FY-321-EX,FY-321-EX,1.0000,1,1,FY321EX,FY321EX
2025-07-26_10-47-28-879_DY825KX-FRA.jpg,DY-825-KX,DY-825-KX,0.9999,1,1,DY825KX,DY825KX
2025-07-26_09-04-23-247_HD767GM-FRA.jpg,HD-767-GM,HD-767-GM,0.9286,1,1,HD767GM,HD767GM
2025-07-26_17-33-51-874_CR096WY-FRA.jpg,CR-096-WY,CR-096-WY,1.0000,1,1,CR096WY,CR096WY
2025-07-26_10-07-56-089_DH444EQ-FRA.jpg,DH-444-EQ,DH-444-EQ,0.9942,1,1,DH444EQ,DH444EQ
2025-07-26_14-39-38-030_GS134PF-FRA.jpg,GS-134-PF,GS-134-PF,0.9998,1,1,GS134PF,GS134PF
2025-07-26_14-31-01-381_EA146GG-FRA.jpg,EA-146-GG,EA-146-GG,1.0000,1,1,EA146GG,EA146GG
2025-07-26_13-34-08-105_GS399NQ-FRA.jpg,GS-399-NQ,GS-399-NQ,0.9998,1,1,GS399NQ,GS399NQ
2025-07-26_10-42-24-015_GG064XN-FRA.jpg,GG-064-XN,GG-064-XN,1.0000,1,1,GG064XN,GG064XN
2025-07-26_09-33-31-310_FT848CJ-FRA.jpg,FT-848-CJ,FT-848-CJ,1.0000,1,1,FT848CJ,FT848CJ
2025-07-26_10-58-34-694_FZ628GG-FRA.jpg,FZ-628-GG,FZ-628-GG,0.9998,1,1,FZ628GG,FZ628GG
2025-07-26_09-36-30-912_CG473FC-FRA.jpg,CG-473-FC,CG-473-FC,0.9999,1,1,CG473FC,CG473FC
2025-07-26_12-37-32-972_GN779ES-FRA.jpg,GN-779-ES,GN-779-ES,0.9843,1,1,GN779ES,GN779ES
2025-07-26_13-14-24-196_HD309SY-FRA.jpg,HD-309-SY,HD-309-SY,0.9980,1,1,HD309SY,HD309SY
2025-07-26_16-50-08-930_CS893PW-FRA.jpg,CS-893-PW,CS-893-PW,1.0000,1,1,CS893PW,CS893PW
2025-07-26_11-29-59-374_AT457RB-FRA.jpg,AT.457-RB.,AT.457-RB.,0.9994,1,1,AT457RB,AT457RB
2025-07-26_09-24-11-890_EL507WD-FRA.jpg,EL.507.WD,EL.507.WD,0.9999,1,1,EL507WD,EL507WD
2025-07-26_16-51-29-431_EG828TF-FRA.jpg,EG-828-TF,EG-828-TF,0.9964,1,1,EG828TF,EG828TF
2025-07-26_11-15-44-246_EB286LN-FRA.jpg,EB-286-LN,EB-286-LN,0.9909,1,1,EB286LN,EB286LN
2025-07-26_12-10-58-212_DQ941RQ-FRA.jpg,DQ-941-RQ,DQ-941-RQ,1.0000,1,1,DQ941RQ,DQ941RQ
2025-07-26_10-22-26-703_DP618FZ-FRA.jpg,DP-618-FZ,DP-618-FZ,1.0000,1,1,DP618FZ,DP618FZ
2025-07-26_14-25-52-292_AW137MT-FRA.jpg,AW-137-MT.,AW-137-MT.,0.9999,1,1,AW137MT,AW137MT
2025-07-26_10-48-20-809_DX513HF-FRA.jpg,DX-513-HF,DX-513-HF,1.0000,1,1,DX513HF,DX513HF
2025-07-26_10-18-53-388_EV619SC-FRA.jpg,EV-619-SC,EV-619-SC,0.9998,1,1,EV619SC,EV619SC
2025-07-26_11-00-44-447_CM584HQ-FRA.jpg,CM-584-HQ,CM-584-HQ,1.0000,1,1,CM584HQ,CM584HQ
2025-07-26_10-58-06-551_DV973ZQ-FRA.jpg,DV.973.ZQ,DV.973.ZQ,1.0000,1,1,DV973ZQ,DV973ZQ
2025-07-26_11-44-00-501_CP387CL-FRA.jpg,CP-387-CL,CP-387-CL,0.9489,1,1,CP387CL,CP387CL
2025-07-26_12-44-18-160_FP501FJ-FRA.jpg,FP-501-FJ,FP-501-FJ,0.9864,1,1,FP501FJ,FP501FJ
2025-07-26_18-01-14-605_FZ500QV-FRA.jpg,FZ-500-QV,FZ-500-QV,1.0000,1,1,FZ500QV,FZ500QV
2025-07-26_12-06-20-806_EY645NJ-FRA.jpg,EY-645-NJ,EY-645-NJ,0.9995,1,1,EY645NJ,EY645NJ
2025-07-26_10-47-25-008_GD284KV-FRA.jpg,GD.284KV,GD.284KV,0.9738,1,1,GD284KV,GD284KV
2025-07-26_09-25-59-283_FJ837KZ-FRA.jpg,FJ.837-KZ,FJ.837-KZ,0.9873,1,1,FJ837KZ,FJ837KZ
2025-07-26_09-26-02-397_CR917AL-FRA.jpg,CR-917-AL,CR-917-AL,0.9998,1,1,CR917AL,CR917AL
2025-07-26_09-34-02-901_FC338ZE-ITA.jpg,FC.338.ZE,FC.338.ZE,0.9999,1,1,FC338ZE,FC338ZE
2025-07-26_14-31-37-032_CE809VS-FRA.jpg,CE-809-VS,CE-809-VS,0.9903,1,1,CE809VS,CE809VS
2025-07-26_11-37-16-256_BH608JE-FRA.jpg,BH-608-JE,BH-608-JE,0.9939,1,1,BH608JE,BH608JE
2025-07-26_09-29-02-928_GK760WC-FRA.jpg,GK-760-WC,GK-760-WC,0.9938,1,1,GK760WC,GK760WC
2025-07-26_10-23-28-285_GX769GE-FRA.jpg,GX-769-GE,GX-769-GE,0.9991,1,1,GX769GE,GX769GE
2025-07-26_09-55-29-204_GF703YM-FRA.jpg,GF-703-YM,GF-703-YM,0.9924,1,1,GF703YM,GF703YM
2025-07-26_18-21-04-499_GH441GZ-FRA.jpg,GH-441-GZ.,GH-441-GZ.,0.9999,1,1,GH441GZ,GH441GZ
2025-07-26_10-26-35-782_GX998SF-FRA.jpg,GX-998-SF,GX-998-SF,0.9807,1,1,GX998SF,GX998SF
2025-07-26_13-28-14-202_FR493ED-FRA.jpg,FR-493-ED,FR-493-ED,0.9799,1,1,FR493ED,FR493ED
2025-07-26_11-35-16-066_WW583FZ-FRA.jpg,WW-583-FZ.,WW-583-FZ.,0.9563,1,1,WW583FZ,WW583FZ
2025-07-26_10-38-19-616_HC374ZB-FRA.jpg,HC-374ZB,HC-374ZB,0.9968,1,1,HC374ZB,HC374ZB
2025-07-26_12-37-06-132_WW484GH-FRA.jpg,WW-484-GH,WW-484-GH,0.9996,1,1,WW484GH,WW484GH
2025-07-26_12-02-37-990_EB701TW-ITA.jpg,EB-701-TW,EB-701-TW,1.0000,1,1,EB701TW,EB701TW
2025-07-26_15-23-13-175_EW732EE-FRA.jpg,EW-732-EE,EW-732-EE,0.9972,1,1,EW732EE,EW732EE
2025-07-26_15-43-05-619_GP680WK-FRA.jpg,GP-680-WK,GP-680-WK,0.9938,1,1,GP680WK,GP680WK
2025-07-26_10-08-00-492_GH614RD-FRA.jpg,GH-614-RD,GH-614-RD,0.9857,1,1,GH614RD,GH614RD
2025-07-26_14-00-12-909_FE420QH-FRA.jpg,FE-420-QH,FE-420-QH,0.9999,1,1,FE420QH,FE420QH
2025-07-26_10-14-16-091_GX699QP-FRA.jpg,GX-699-QP,GX-699-QP,0.9999,1,1,GX699QP,GX699QP
2025-07-26_10-07-34-510_ER644LY-FRA.jpg,ER-644-LY,ER-644-LY,1.0000,1,1,ER644LY,ER644LY
2025-07-26_14-10-35-179_DJ262NA-FRA.jpg,DJ-262-NA,DJ-262-NA,0.9947,1,1,DJ262NA,DJ262NA
2025-07-26_12-53-40-756_FV538JG-FRA.jpg,FV-538-JG,FV-538-JG,0.9737,1,1,FV538JG,FV538JG
2025-07-26_10-14-49-635_DH747DL-FRA.jpg,DH-747-DL.,DH-747-DL.,0.9709,1,1,DH747DL,DH747DL
2025-07-26_14-28-18-183_GH386NZ-FRA.jpg,GH-386-NZ,GH-386-NZ,0.9993,1,1,GH386NZ,GH386NZ
2025-07-26_13-27-19-171_CX589XV-FRA.jpg,CX-589-XV,CX-589-XV,0.9999,1,1,CX589XV,CX589XV
2025-07-26_10-07-39-856_GW861QC-FRA.jpg,GW-861-QC,GW-861-QC,0.9960,1,1,GW861QC,GW861QC
2025-07-26_11-39-21-456_GB053TK-FRA.jpg,GB-053-TK,GB-053-TK,0.9982,1,1,GB053TK,GB053TK
2025-07-26_11-06-35-853_HD938PE-FRA.jpg,HD-938-PE,HD-938-PE,0.9998,1,1,HD938PE,HD938PE
2025-07-26_12-26-15-486_BZ367SA-FRA.jpg,BZ-367-SA,BZ-367-SA,0.9968,1,1,BZ367SA,BZ367SA
2025-07-26_18-22-00-300_BA737BK-FRA.jpg,BA737BK,BA737BK,0.9997,1,1,BA737BK,BA737BK
2025-07-26_10-33-15-478_HA176KW-FRA.jpg,HA-176-KW,HA-176-KW,1.0000,1,1,HA176KW,HA176KW
2025-07-26_12-21-25-090_CK566BV-FRA.jpg,CK-566-BV,CK-566-BV,0.9998,1,1,CK566BV,CK566BV
2025-07-26_12-26-14-985_DK799QY-FRA.jpg,DK-799-QY,DK-799-QY,1.0000,1,1,DK799QY,DK799QY
2025-07-26_10-37-05-656_FF228KA-FRA.jpg,FF-228-KA,FF-228-KA,1.0000,1,1,FF228KA,FF228KA
2025-07-26_11-05-14-935_FW555QC-FRA.jpg,FW-555-QC,FW-555-QC,0.9983,1,1,FW555QC,FW555QC
2025-07-26_12-44-14-334_HD648DK-FRA.jpg,HD-648-DK,HD-648-DK,1.0000,1,1,HD648DK,HD648DK
2025-07-26_18-26-36-902_EX475SY-FRA.jpg,EX-475-SY.,EX-475-SY.,0.9988,1,1,EX475SY,EX475SY
2025-07-26_10-56-05-115_GP306XS-FRA.jpg,GP-306-XS,GP-306-XS,0.9994,1,1,GP306XS,GP306XS
2025-07-26_12-53-43-320_BK263FW-FRA.jpg,BK-263-FW,BK-263-FW,0.9946,1,1,BK263FW,BK263FW
2025-07-26_12-30-43-757_CF024CK-FRA.jpg,CF-024-CK,CF-024-CK,0.9993,1,1,CF024CK,CF024CK
2025-07-26_12-32-34-041_DM003JH-FRA.jpg,DM-003-JH,DM-003-JH,1.0000,1,1,DM003JH,DM003JH
2025-07-26_12-48-50-936_GE170JE-FRA.jpg,GE-170-JE,GE-170-JE,0.9999,1,1,GE170JE,GE170JE
2025-07-26_12-49-47-287_AL794MR-FRA.jpg,AL-794-MR,AL-794-MR,0.9859,1,1,AL794MR,AL794MR
2025-07-26_14-50-56-109_GM346FY-FRA.jpg,GM-346-FY,GM-346-FY,0.9455,1,1,GM346FY,GM346FY
2025-07-26_09-12-04-313_DA573HZ-FRA.jpg,DA-573-HZ,DA-573-HZ,0.9999,1,1,DA573HZ,DA573HZ
2025-07-26_10-56-28-434_FR815GD-FRA.jpg,FR-815-GD,FR-815-GD,0.9990,1,1,FR815GD,FR815GD
2025-07-26_13-38-13-014_BW590VB-FRA.jpg,BW-590-VB,BW-590-VB,1.0000,1,1,BW590VB,BW590VB
2025-07-26_10-29-16-173_CX730RA-FRA.jpg,CX-730-RA,CX-730-RA,1.0000,1,1,CX730RA,CX730RA
2025-07-26_11-35-06-648_AN939TL-FRA.jpg,AN-939-TL,AN-939-TL,1.0000,1,1,AN939TL,AN939TL
2025-07-26_12-49-59-827_AY492ES-FRA.jpg,AY-492-ES,AY-492-ES,0.9985,1,1,AY492ES,AY492ES
2025-07-26_10-33-35-428_FQ499TQ-FRA.jpg,FQ.499.TQ,FQ.499.TQ,0.9994,1,1,FQ499TQ,FQ499TQ
2025-07-26_11-43-49-786_GM563TP-FRA.jpg,GM-563-TP,GM-563-TP,1.0000,1,1,GM563TP,GM563TP
2025-07-26_14-11-48-867_AJ710YP-FRA.jpg,AJ-710-YP,AJ-710-YP,1.0000,1,1,AJ710YP,AJ710YP
2025-07-26_14-09-07-514_FS886ZD-FRA.jpg,FS-886-ZD,FS-886-ZD,0.9621,1,1,FS886ZD,FS886ZD
2025-07-26_10-40-52-423_GD730SW-FRA.jpg,GD-730-SW,GD-730-SW,0.9953,1,1,GD730SW,GD730SW
2025-07-26_11-46-44-862_GK798NE-FRA.jpg,GK-798-NE.,GK-798-NE.,0.9983,1,1,GK798NE,GK798NE
2025-07-26_11-38-35-481_GK789SX-FRA.jpg,GK-789-SX,GK-789-SX,1.0000,1,1,GK789SX,GK789SX
2025-07-26_09-44-48-641_HD882KM-FRA.jpg,HD-882-KM,HD-882-KM,0.9807,1,1,HD882KM,HD882KM
2025-07-26_12-39-30-206_DL931DF-FRA.jpg,DL-931-DF,DL-931-DF,0.9689,1,1,DL931DF,DL931DF
2025-07-26_11-04-20-709_FF900JS-FRA.jpg,FF-900-JS,FF-900-JS,0.9996,1,1,FF900JS,FF900JS
2025-07-26_16-57-31-768_CK029EN-FRA.jpg,CK-029-EN,CK-029-EN,0.9999,1,1,CK029EN,CK029EN
2025-07-26_16-15-22-389_GM620ZW-FRA.jpg,GM-620-ZW,GM-620-ZW,0.9624,1,1,GM620ZW,GM620ZW
2025-07-26_17-49-52-988_FF653KK-FRA.jpg,FF653KK,FF653KK,0.9900,1,1,FF653KK,FF653KK
2025-07-26_12-12-31-973_DH545TQ-FRA.jpg,DH-545-TQ,DH-545-TQ,0.9462,1,1,DH545TQ,DH545TQ
2025-07-26_17-55-06-061_FB160XF-FRA.jpg,FB-160-XF,FB-160-XF,0.9761,1,1,FB160XF,FB160XF
2025-07-26_12-05-43-589_DF817PV-FRA.jpg,.DF-817-PV.,.DF-817-PV.,0.9721,1,1,DF817PV,DF817PV
2025-07-26_12-47-28-135_AX880PY-FRA.jpg,AX-880-PY,AX-880-PY,0.9997,1,1,AX880PY,AX880PY
2025-07-26_10-08-06-325_GZ911HK-FRA.jpg,GZ-911.HK,GZ-911.HK,1.0000,1,1,GZ911HK,GZ911HK
2025-07-26_10-20-39-133_FM891KZ-FRA.jpg,FM-891-KZ,FM-891-KZ,1.0000,1,1,FM891KZ,FM891KZ
2025-07-26_16-28-57-561_BK386BF-FRA.jpg,BK-386-BF,BK-386-BF,0.9999,1,1,BK386BF,BK386BF
2025-07-26_12-13-55-866_FS069PP-FRA.jpg,FS-069-PP,FS-069-PP,0.9948,1,1,FS069PP,FS069PP
2025-07-26_14-24-14-583_GL472WC-FRA.jpg,GL-472-WC,GL-472-WC,0.9999,1,1,GL472WC,GL472WC
2025-07-26_10-21-36-885_BR096JM-FRA.jpg,BR-096-JM,BR-096-JM,1.0000,1,1,BR096JM,BR096JM
2025-07-26_09-21-31-433_DR784RZ-FRA.jpg,DR-784-RZ,DR-784-RZ,1.0000,1,1,DR784RZ,DR784RZ
2025-07-26_12-21-20-472_BN631EL-FRA.jpg,BN-631-EL.,BN-631-EL.,0.9881,1,1,BN631EL,BN631EL
2025-07-26_10-53-25-351_AD124ET-FRA.jpg,AD-124-ET,AD-124-ET,0.9999,1,1,AD124ET,AD124ET
2025-07-26_12-37-09-940_HE721EL-FRA.jpg,HE-721-EL,HE-721-EL,1.0000,1,1,HE721EL,HE721EL
2025-07-26_09-13-55-002_GT545BV-FRA.jpg,GT.545-BV,GT.545-BV,0.9966,1,1,GT545BV,GT545BV
2025-07-26_13-22-39-263_GM583LD-FRA.jpg,GM-583-LD,GM-583-LD,0.9561,1,1,GM583LD,GM583LD
2025-07-26_16-23-17-199_EJ709WE-FRA.jpg,EJ709WE,EJ709WE,0.9950,1,1,EJ709WE,EJ709WE
2025-07-26_10-29-23-292_BG508AC-FRA.jpg,BG-508-AC,BG-508-AC,1.0000,1,1,BG508AC,BG508AC
2025-07-26_17-38-44-377_FA416PX-FRA.jpg,FA-416-PX,FA-416-PX,0.9997,1,1,FA416PX,FA416PX
2025-07-26_11-25-16-687_DH642LB-FRA.jpg,DH-642-LB,DH-642-LB,1.0000,1,1,DH642LB,DH642LB
2025-07-26_10-23-35-219_EC356BE-FRA.jpg,EC-356-BE,EC-356-BE,0.9999,1,1,EC356BE,EC356BE
2025-07-26_09-05-39-433_AD047HQ-FRA.jpg,AD-047-HQ,AD-047-HQ,1.0000,1,1,AD047HQ,AD047HQ
2025-07-26_09-40-59-740_FG863JH-FRA.jpg,FG-863-JH,FG-863-JH,0.9999,1,1,FG863JH,FG863JH
2025-07-26_18-13-34-468_GK861FN-FRA.jpg,GK861FN,GK861FN,0.9928,1,1,GK861FN,GK861FN
2025-07-26_09-58-42-349_FC098WT-FRA.jpg,FC-098-WT,FC-098-WT,0.9999,1,1,FC098WT,FC098WT
2025-07-26_12-04-02-027_HB722GX-FRA.jpg,HB-722-GX,HB-722-GX,0.9602,1,1,HB722GX,HB722GX
2025-07-26_15-05-41-549_GX611BT-FRA.jpg,GX-611-BT,GX-611-BT,0.9999,1,1,GX611BT,GX611BT
2025-07-26_12-49-10-784_BT965DM-FRA.jpg,BT.965.DM,BT.965.DM,0.9999,1,1,BT965DM,BT965DM
2025-07-26_09-20-07-880_CT250PY-FRA.jpg,CT-250-PY,CT-250-PY,0.9996,1,1,CT250PY,CT250PY
2025-07-26_13-10-01-580_GJ818KJ-FRA.jpg,GJ-818-KJ,GJ-818-KJ,1.0000,1,1,GJ818KJ,GJ818KJ
2025-07-26_11-45-55-439_CB219BF-FRA.jpg,CB-219-BF,CB-219-BF,1.0000,1,1,CB219BF,CB219BF
2025-07-26_16-38-01-680_FQ239QD-FRA.jpg,FQ-239-QD,FQ-239-QD,0.9998,1,1,FQ239QD,FQ239QD
2025-07-26_09-29-10-127_EY543KN-FRA.jpg,EY-543-KN,EY-543-KN,0.9872,1,1,EY543KN,EY543KN
2025-07-26_11-01-18-688_EH349CT-FRA.jpg,EH-349-CT,EH-349-CT,0.9993,1,1,EH349CT,EH349CT
2025-07-26_10-21-32-483_CZ557NN-FRA.jpg,CZ-557-NN,CZ-557-NN,0.9998,1,1,CZ557NN,CZ557NN
2025-07-26_10-05-50-440_DB611GM-FRA.jpg,DB-611-GM,DB-611-GM,0.9651,1,1,DB611GM,DB611GM
2025-07-26_13-48-33-088_BK011JH-FRA.jpg,BK-011-JH,BK-011-JH,0.9999,1,1,BK011JH,BK011JH
2025-07-26_12-54-52-005_CD389GK-FRA.jpg,CD-389-GK,CD-389-GK,1.0000,1,1,CD389GK,CD389GK
2025-07-26_11-06-04-535_CP568CM-FRA.jpg,CP-568-CM,CP-568-CM,1.0000,1,1,CP568CM,CP568CM
2025-07-26_16-00-31-760_HA080HY-FRA.jpg,HA-080-HY,HA-080-HY,0.9919,1,1,HA080HY,HA080HY
2025-07-26_14-52-22-058_AR844EK-FRA.jpg,AR-844-EK.,AR-844-EK.,0.9970,1,1,AR844EK,AR844EK
2025-07-26_13-22-56-555_GZ787AW-FRA.jpg,GZ-787-AW,GZ-787-AW,1.0000,1,1,GZ787AW,GZ787AW
2025-07-26_13-09-35-360_GR515CW-FRA.jpg,GR-515-CW,GR-515-CW,0.9969,1,1,GR515CW,GR515CW
2025-07-26_17-10-40-478_ER664SC-FRA.jpg,ER-664-SC,ER-664-SC,0.9993,1,1,ER664SC,ER664SC
2025-07-26_10-50-56-075_GM380FB-FRA.jpg,GM-380-FB,GM-380-FB,0.9740,1,1,GM380FB,GM380FB
2025-07-26_14-40-21-454_GS584ER-FRA.jpg,GS-584-ER.,GS-584-ER.,1.0000,1,1,GS584ER,GS584ER
2025-07-26_12-06-54-143_HC114NX-FRA.jpg,HC-114-NX,HC-114-NX,1.0000,1,1,HC114NX,HC114NX
2025-07-26_10-35-06-520_GM600XJ-FRA.jpg,GM-600-XJ,GM-600-XJ,0.9998,1,1,GM600XJ,GM600XJ
2025-07-26_14-36-10-760_BT898WL-FRA.jpg,BT-898-WL,BT-898-WL,1.0000,1,1,BT898WL,BT898WL
2025-07-26_14-20-14-903_BH305QD-FRA.jpg,BH-305-QD,BH-305-QD,0.9985,1,1,BH305QD,BH305QD
2025-07-26_11-49-14-682_DF131GD-FRA.jpg,DF-131-GD,DF-131-GD,1.0000,1,1,DF131GD,DF131GD
2025-07-26_12-49-06-852_DV598TF-FRA.jpg,DV-598-TF,DV-598-TF,0.9927,1,1,DV598TF,DV598TF
2025-07-26_12-16-30-179_BW985DL-FRA.jpg,BW-985-DL,BW-985-DL,0.9882,1,1,BW985DL,BW985DL
2025-07-26_12-10-54-284_FV064NS-FRA.jpg,FV-064-NS,FV-064-NS,0.9966,1,1,FV064NS,FV064NS
2025-07-26_16-51-44-571_HE514QW-FRA.jpg,HE-514-QW,HE-514-QW,0.9697,1,1,HE514QW,HE514QW
2025-07-26_11-47-58-202_EB029DS-FRA.jpg,EB-029-DS,EB-029-DS,0.9999,1,1,EB029DS,EB029DS
2025-07-26_11-38-31-612_GR956GX-FRA.jpg,GR-956-GX,GR-956-GX,1.0000,1,1,GR956GX,GR956GX
2025-07-26_15-44-22-339_CA227KN-FRA.jpg,CA-227-KN.,CA-227-KN.,1.0000,1,1,CA227KN,CA227KN
2025-07-26_17-26-31-468_FL161HX-FRA.jpg,FL-161-HX.,FL-161-HX.,0.9999,1,1,FL161HX,FL161HX
2025-07-26_12-35-45-005_GH768QE-FRA.jpg,GH-768-QE,GH-768-QE,1.0000,1,1,GH768QE,GH768QE
2025-07-26_12-45-51-666_FD918QH-FRA.jpg,FD-918-QH,FD-918-QH,0.9964,1,1,FD918QH,FD918QH
2025-07-26_12-47-31-746_BJ477ZG-FRA.jpg,BJ-477-ZG,BJ-477-ZG,0.9999,1,1,BJ477ZG,BJ477ZG
2025-07-26_10-40-42-323_DJ317JL-FRA.jpg,DJ-317-JL,DJ-317-JL,1.0000,1,1,DJ317JL,DJ317JL
2025-07-26_11-27-05-052_FJ998ML-FRA.jpg,FJ-998-ML.,FJ-998-ML.,0.9834,1,1,FJ998ML,FJ998ML
2025-07-26_12-11-30-333_GD430TZ-FRA.jpg,GD-430-TZ,GD-430-TZ,0.9986,1,1,GD430TZ,GD430TZ
2025-07-26_12-06-48-347_FZ332SD-FRA.jpg,FZ-332-SD,FZ-332-SD,0.9622,1,1,FZ332SD,FZ332SD
2025-07-26_10-31-59-839_KG184GS-FRA.jpg,KG184GS,KG184GS,0.9920,1,1,KG184GS,KG184GS
2025-07-26_12-26-17-534_AM587TG-FRA.jpg,AM-587-TG,AM-587-TG,1.0000,1,1,AM587TG,AM587TG
2025-07-26_10-48-30-991_HB551MQ-FRA.jpg,.HB.551.MQ.,.HB.551.MQ.,0.9816,1,1,HB551MQ,HB551MQ
2025-07-26_13-11-08-113_GW524RW-FRA.jpg,GW-524-RW,GW-524-RW,0.9989,1,1,GW524RW,GW524RW
2025-07-26_13-20-21-364_GB116DN-FRA.jpg,GB-116-DN,GB-116-DN,0.9997,1,1,GB116DN,GB116DN
2025-07-26_10-14-13-614_EB237TF-FRA.jpg,EB-237-TF,EB-237-TF,0.9997,1,1,EB237TF,EB237TF
2025-07-26_12-12-52-806_HD524LL-FRA.jpg,HD-524-LL,HD-524-LL,1.0000,1,1,HD524LL,HD524LL
2025-07-26_11-58-50-980_AC050GQ-FRA.jpg,.AC050GQ,.AC050GQ,0.9999,1,1,AC050GQ,AC050GQ
2025-07-26_11-19-47-467_BL837QX-FRA.jpg,BL-837-QX.,BL-837-QX.,1.0000,1,1,BL837QX,BL837QX
2025-07-26_13-09-08-721_DX965QN-FRA.jpg,DX-965-QN,DX-965-QN,0.9707,1,1,DX965QN,DX965QN
2025-07-26_14-10-05-689_GG158BL-FRA.jpg,GG.158.BL,GG.158.BL,0.9933,1,1,GG158BL,GG158BL
2025-07-26_16-39-51-316_FV088BB-FRA.jpg,FV-088-BB,FV-088-BB,1.0000,1,1,FV088BB,FV088BB
2025-07-26_13-17-07-180_AZ641MZ-FRA.jpg,AZ-641-MZ,AZ-641-MZ,1.0000,1,1,AZ641MZ,AZ641MZ
2025-07-26_10-50-49-845_ER012JQ-FRA.jpg,ER-012-JQ,ER-012-JQ,1.0000,1,1,ER012JQ,ER012JQ
2025-07-26_16-22-35-528_FV922YR-FRA.jpg,FV-922-YR,FV-922-YR,1.0000,1,1,FV922YR,FV922YR
2025-07-26_12-50-18-655_BL106TF-FRA.jpg,BL-106-TF.,BL-106-TF.,0.9996,1,1,BL106TF,BL106TF
2025-07-26_16-54-16-921_BY698HG-FRA.jpg,BY-698-HG,BY-698-HG,0.9927,1,1,BY698HG,BY698HG
2025-07-26_13-04-03-398_EL274YR-FRA.jpg,EL-274-YR,EL-274-YR,0.9492,1,1,EL274YR,EL274YR
2025-07-26_11-11-22-678_GX885NB-FRA.jpg,GX-885-NB,GX-885-NB,1.0000,1,1,GX885NB,GX885NB
2025-07-26_15-47-38-307_CQ855CV-FRA.jpg,CQ.855.CV,CQ.855.CV,1.0000,1,1,CQ855CV,CQ855CV
2025-07-26_10-40-59-187_DB043RR-FRA.jpg,DB-043-RR,DB-043-RR,0.9983,1,1,DB043RR,DB043RR
2025-07-26_13-12-58-335_BH705PF-FRA.jpg,BH-705.PF,BH-705.PF,0.9970,1,1,BH705PF,BH705PF
2025-07-26_15-04-17-229_FR809NF-FRA.jpg,FR.809.NF,FR.809.NF,0.9995,1,1,FR809NF,FR809NF
2025-07-26_16-56-28-606_HC686NP-FRA.jpg,HC686NP.,HC686NP.,0.9999,1,1,HC686NP,HC686NP
2025-07-26_11-34-31-528_DV602FN-FRA.jpg,DV-602-FN,DV-602-FN,0.9849,1,1,DV602FN,DV602FN
2025-07-26_13-09-11-737_HD998WG-FRA.jpg,HD-998-WG,HD-998-WG,0.9997,1,1,HD998WG,HD998WG
2025-07-26_12-07-19-864_BP743ZT-FRA.jpg,BP-743-ZT,BP-743-ZT,0.9998,1,1,BP743ZT,BP743ZT
2025-07-26_12-49-34-527_FT996PM-FRA.jpg,FT.996.PM,FT.996.PM,0.9999,1,1,FT996PM,FT996PM
2025-07-26_11-26-54-554_EE644XD-FRA.jpg,EE-644-XD,EE-644-XD,0.9995,1,1,EE644XD,EE644XD
2025-07-26_13-57-48-812_AP823HQ-FRA.jpg,AP-823.HQ,AP-823.HQ,0.9848,1,1,AP823HQ,AP823HQ
2025-07-26_12-48-53-444_GM837GP-FRA.jpg,GM-837-GP,GM-837-GP,1.0000,1,1,GM837GP,GM837GP
2025-07-26_18-18-32-794_GR407EH-FRA.jpg,GR-407-EH,GR-407-EH,0.9526,1,1,GR407EH,GR407EH
2025-07-26_12-47-30-003_AX880PY-FRA.jpg,AX-880-PY,AX-880-PY,0.9999,1,1,AX880PY,AX880PY
2025-07-26_12-42-51-974_ET420FG-FRA.jpg,ET-420-FG,ET-420-FG,1.0000,1,1,ET420FG,ET420FG
2025-07-26_09-26-40-256_ET722XL-FRA.jpg,ET-722-XL,ET-722-XL,0.9927,1,1,ET722XL,ET722XL
2025-07-26_14-11-47-167_CF253XM-FRA.jpg,CF-253-XM,CF-253-XM,1.0000,1,1,CF253XM,CF253XM
2025-07-26_13-10-59-999_FQ787ZS-FRA.jpg,FQ-787-ZS,FQ-787-ZS,0.9998,1,1,FQ787ZS,FQ787ZS
2025-07-26_15-21-06-917_GN762NA-FRA.jpg,GN-762-NA,GN-762-NA,0.9964,1,1,GN762NA,GN762NA
2025-07-26_10-09-37-971_DV688PY-FRA.jpg,DV-688-PY,DV-688-PY,0.9959,1,1,DV688PY,DV688PY
2025-07-26_16-43-05-646_GB838VA-FRA.jpg,GB-838VA,GB-838VA,0.9991,1,1,GB838VA,GB838VA
2025-07-26_14-29-43-613_CM916RJ-FRA.jpg,CM-916-RJ,CM-916-RJ,1.0000,1,1,CM916RJ,CM916RJ
2025-07-26_10-09-35-812_CM146ZX-FRA.jpg,CM-146-ZX,CM-146-ZX,0.9999,1,1,CM146ZX,CM146ZX
2025-07-26_12-10-58-334_FM774ET-FRA.jpg,FM-774-ET,FM-774-ET,0.9775,1,1,FM774ET,FM774ET
2025-07-26_12-05-35-512_GC607HB-FRA.jpg,GC-607-HB,GC-607-HB,1.0000,1,1,GC607HB,GC607HB
2025-07-26_10-55-40-872_CA402AH-FRA.jpg,CA-402-AH,CA-402-AH,0.9668,1,1,CA402AH,CA402AH
2025-07-26_13-25-32-749_GE453EP-FRA.jpg,GE-453-EP,GE-453-EP,1.0000,1,1,GE453EP,GE453EP
2025-07-26_13-03-22-590_DQ673KS-FRA.jpg,DQ-673-KS,DQ-673-KS,0.9999,1,1,DQ673KS,DQ673KS
2025-07-26_13-30-30-026_BJ396QG-FRA.jpg,BJ396QG,BJ396QG,0.9997,1,1,BJ396QG,BJ396QG
2025-07-26_12-16-48-874_FG828HT-FRA.jpg,FG-828-HT.,FG-828-HT.,0.9836,1,1,FG828HT,FG828HT
2025-07-26_18-25-08-921_AH566YG-FRA.jpg,AH-566-YG,AH-566-YG,0.9940,1,1,AH566YG,AH566YG
2025-07-26_09-10-24-366_CQ130ZP-FRA.jpg,CQ-130-ZP,CQ-130-ZP,0.9979,1,1,CQ130ZP,CQ130ZP
2025-07-26_11-24-12-650_FT187ZK-FRA.jpg,FT-187-ZK,FT-187-ZK,0.9390,1,1,FT187ZK,FT187ZK
2025-07-26_13-19-50-300_EW561AP-FRA.jpg,EW.561.AP,EW.561.AP,0.9883,1,1,EW561AP,EW561AP
2025-07-26_16-42-56-657_BL389KZ-FRA.jpg,BL389KZ,BL389KZ,1.0000,1,1,BL389KZ,BL389KZ
2025-07-26_11-58-41-000_GM280EM-FRA.jpg,GM-280-EM,GM-280-EM,0.9993,1,1,GM280EM,GM280EM
2025-07-26_10-41-03-028_BR933WL-FRA.jpg,BR-933-WL,BR-933-WL,0.9962,1,1,BR933WL,BR933WL
2025-07-26_11-35-43-030_FW751KR-FRA.jpg,FW-751-KR,FW-751-KR,0.9999,1,1,FW751KR,FW751KR
2025-07-26_14-51-27-278_ET945AX-FRA.jpg,ET-945-AX,ET-945-AX,0.9998,1,1,ET945AX,ET945AX
2025-07-26_13-41-46-444_FP850TW-FRA.jpg,FP-850-TW,FP-850-TW,0.9875,1,1,FP850TW,FP850TW
2025-07-26_13-23-30-680_FC671VH-FRA.jpg,FC-671-VH,FC-671-VH,0.9739,1,1,FC671VH,FC671VH
2025-07-26_13-35-46-568_GY471XT-FRA.jpg,GY-471-XT,GY-471-XT,1.0000,1,1,GY471XT,GY471XT
2025-07-26_17-27-28-369_GY390WD-FRA.jpg,GY-390-WD,GY-390-WD,0.9956,1,1,GY390WD,GY390WD
2025-07-26_14-27-41-273_FC383VK-FRA.jpg,FC-383-VK,FC-383-VK,0.9989,1,1,FC383VK,FC383VK
2025-07-26_10-12-22-814_DP212WY-FRA.jpg,DP-212-WY,DP-212-WY,0.9989,1,1,DP212WY,DP212WY
2025-07-26_13-19-19-077_GZ610SH-FRA.jpg,GZ-610-SH,GZ-610-SH,0.9987,1,1,GZ610SH,GZ610SH
2025-07-26_12-15-58-568_AN092SE-FRA.jpg,AN-092-SE,AN-092-SE,0.9968,1,1,AN092SE,AN092SE
2025-07-26_15-30-05-966_GM857NB-FRA.jpg,GM-857-NB,GM-857-NB,1.0000,1,1,GM857NB,GM857NB
2025-07-26_11-27-08-077_HC852HM-FRA.jpg,HC-852-HM,HC-852-HM,0.9883,1,1,HC852HM,HC852HM
2025-07-26_11-42-44-079_GQ426NM-FRA.jpg,GQ.426NM,GQ.426NM,1.0000,1,1,GQ426NM,GQ426NM
2025-07-26_09-04-07-909_CN059EC-FRA.jpg,CN-059-EC,CN-059-EC,0.9967,1,1,CN059EC,CN059EC
2025-07-26_12-42-11-702_HB904EJ-FRA.jpg,HB-904-EJ,HB-904-EJ,1.0000,1,1,HB904EJ,HB904EJ
2025-07-26_16-24-17-679_GW739NM-FRA.jpg,GW-739-NM,GW-739-NM,0.9856,1,1,GW739NM,GW739NM
2025-07-26_09-47-15-465_GR265QK-FRA.jpg,GR-265-QK,GR-265-QK,1.0000,1,1,GR265QK,GR265QK
2025-07-26_13-14-05-182_EG172MW-FRA.jpg,EG-172-MW,EG-172-MW,0.9961,1,1,EG172MW,EG172MW
2025-07-26_13-09-03-274_EJ239VL-FRA.jpg,EJ-239-VL.,EJ-239-VL.,0.9443,1,1,EJ239VL,EJ239VL
2025-07-26_10-49-48-989_AQ314VT-FRA.jpg,AQ-314-VT,AQ-314-VT,0.9490,1,1,AQ314VT,AQ314VT
2025-07-26_09-26-39-473_AD801ZC-FRA.jpg,AD-801-ZC,AD-801-ZC,0.9999,1,1,AD801ZC,AD801ZC
2025-07-26_11-13-33-836_GL632AN-FRA.jpg,GL-632-AN.,GL-632-AN.,1.0000,1,1,GL632AN,GL632AN
2025-07-26_11-02-50-375_GP335XX-FRA.jpg,GP-335-XX,GP-335-XX,0.9988,1,1,GP335XX,GP335XX
2025-07-26_10-09-58-091_GK381TZ-FRA.jpg,GK-381-TZ,GK-381-TZ,0.9973,1,1,GK381TZ,GK381TZ
2025-07-26_09-10-50-254_CS090XQ-FRA.jpg,CS-090-XQ,CS-090-XQ,0.9987,1,1,CS090XQ,CS090XQ
2025-07-26_10-23-37-985_WW190SP-FRA.jpg,WW190-SP.,WW190-SP.,0.9993,1,1,WW190SP,WW190SP
2025-07-26_10-39-46-982_FX716EH-FRA.jpg,FX-716-EH.,FX-716-EH.,0.9977,1,1,FX716EH,FX716EH
2025-07-26_11-13-57-324_DV880XD-FRA.jpg,DV-880-XD,DV-880-XD,0.9878,1,1,DV880XD,DV880XD
2025-07-26_12-31-07-716_CJ806WM-FRA.jpg,CJ-806-WM,CJ-806-WM,1.0000,1,1,CJ806WM,CJ806WM
2025-07-26_09-09-37-476_CN486BK-FRA.jpg,CN-486-BK,CN-486-BK,0.9163,1,1,CN486BK,CN486BK
2025-07-26_12-08-52-504_DX709WQ-FRA.jpg,DX-709-WQ,DX-709-WQ,0.9996,1,1,DX709WQ,DX709WQ
2025-07-26_12-09-53-167_GK479MP-FRA.jpg,GK-479-MP,GK-479-MP,1.0000,1,1,GK479MP,GK479MP
2025-07-26_12-37-47-558_FF701ND-FRA.jpg,FF-701-ND,FF-701-ND,1.0000,1,1,FF701ND,FF701ND
2025-07-26_11-15-39-226_GE173JE-FRA.jpg,GE-173.JE,GE-173.JE,0.9999,1,1,GE173JE,GE173JE
2025-07-26_12-11-30-206_DJ642VZ-FRA.jpg,DJ-642-VZ,DJ-642-VZ,0.9981,1,1,DJ642VZ,DJ642VZ
2025-07-26_16-18-31-950_GS925PR-FRA.jpg,GS-925-PR.,GS-925-PR.,0.9719,1,1,GS925PR,GS925PR
2025-07-26_11-32-36-709_FC269YW-FRA.jpg,FC-269-YW,FC-269-YW,1.0000,1,1,FC269YW,FC269YW
2025-07-26_12-08-45-443_EZ391ZS-FRA.jpg,EZ-391-ZS,EZ-391-ZS,1.0000,1,1,EZ391ZS,EZ391ZS
2025-07-26_15-14-18-302_GG131RX-FRA.jpg,GG-131-RX.,GG-131-RX.,1.0000,1,1,GG131RX,GG131RX
2025-07-26_11-16-04-781_BH231TN-FRA.jpg,BH-231-TN,BH-231-TN,0.9999,1,1,BH231TN,BH231TN
2025-07-26_14-21-41-954_AC692YG-FRA.jpg,AC-692-YG,AC-692-YG,0.9962,1,1,AC692YG,AC692YG
2025-07-26_14-42-17-820_CC422VG-FRA.jpg,CC-422-VG,CC-422-VG,0.9899,1,1,CC422VG,CC422VG
2025-07-26_11-44-36-034_FL578ZV-FRA.jpg,FL-578-ZV,FL-578-ZV,0.9905,1,1,FL578ZV,FL578ZV
2025-07-26_12-04-44-383_GJ505GE-FRA.jpg,GJ505.GE,GJ505.GE,0.9793,1,1,GJ505GE,GJ505GE
2025-07-26_14-13-54-189_AA353BL-FRA.jpg,AA-353-BL,AA-353-BL,0.9802,1,1,AA353BL,AA353BL
2025-07-26_17-53-56-096_EZ108VS-FRA.jpg,EZ-108-VS,EZ-108-VS,1.0000,1,1,EZ108VS,EZ108VS
2025-07-26_16-17-06-055_FP455YQ-FRA.jpg,.FP-455-YQ,.FP-455-YQ,0.9998,1,1,FP455YQ,FP455YQ
2025-07-26_11-14-46-187_AG429PE-FRA.jpg,AG-429-PE,AG-429-PE,0.9999,1,1,AG429PE,AG429PE
2025-07-26_17-49-36-003_GN989HE-FRA.jpg,GN-989-HE,GN-989-HE,0.9944,1,1,GN989HE,GN989HE
2025-07-26_09-24-17-696_EZ843EY-FRA.jpg,EZ-843-EY,EZ-843-EY,0.9812,1,1,EZ843EY,EZ843EY
2025-07-26_11-34-01-656_BY827TS-FRA.jpg,BY-827-TS,BY-827-TS,0.9622,1,1,BY827TS,BY827TS
2025-07-26_10-31-52-240_BH738FT-FRA.jpg,BH-738-FT,BH-738-FT,0.9995,1,1,BH738FT,BH738FT
2025-07-26_12-24-55-812_BY287JE-FRA.jpg,BY-287-JE,BY-287-JE,0.9984,1,1,BY287JE,BY287JE
2025-07-26_11-31-36-094_FL299TN-FRA.jpg,FL-299-TN,FL-299-TN,0.9985,1,1,FL299TN,FL299TN
2025-07-26_10-55-41-754_GP768ZD-FRA.jpg,GP-768-ZD,GP-768-ZD,1.0000,1,1,GP768ZD,GP768ZD
2025-07-26_09-32-09-374_GE198KC-FRA.jpg,GE.198.KC,GE.198.KC,0.9498,1,1,GE198KC,GE198KC
2025-07-26_12-49-50-041_CV998VD-FRA.jpg,CV-998-VD,CV-998-VD,0.9480,1,1,CV998VD,CV998VD
2025-07-26_10-22-14-329_GK429KZ-FRA.jpg,GK-429-KZ,GK-429-KZ,1.0000,1,1,GK429KZ,GK429KZ
2025-07-26_12-10-18-164_BM689GP-ITA.jpg,BM-689-GP,BM-689-GP,1.0000,1,1,BM689GP,BM689GP
2025-07-26_09-55-05-064_9763WF93-FRA.jpg,9763WF93,9763WF93,0.9921,1,1,9763WF93,9763WF93
2025-07-26_09-21-57-655_AV101MX-FRA.jpg,AV-101-MX,AV-101-MX,0.9983,1,1,AV101MX,AV101MX
2025-07-26_11-21-58-225_DD304BF-FRA.jpg,DD-304-BF,DD-304-BF,0.9999,1,1,DD304BF,DD304BF
2025-07-26_13-23-26-521_ER548HX-FRA.jpg,ER-548-HX,ER-548-HX,0.9623,1,1,ER548HX,ER548HX
2025-07-26_10-12-27-279_HD574JZ-FRA.jpg,HD-574-JZ,HD-574-JZ,0.9950,1,1,HD574JZ,HD574JZ
2025-07-26_10-33-08-961_BW767WJ-FRA.jpg,BW-767-WJ,BW-767-WJ,0.9999,1,1,BW767WJ,BW767WJ
2025-07-26_10-40-05-616_CV685JT-FRA.jpg,.CV-685-JT.,.CV-685-JT.,0.9996,1,1,CV685JT,CV685JT
2025-07-26_10-23-00-056_EL174VY-FRA.jpg,EL-174-VY,EL-174-VY,0.9999,1,1,EL174VY,EL174VY
2025-07-26_09-54-38-222_DW537BF-FRA.jpg,DW-537-BF,DW-537-BF,1.0000,1,1,DW537BF,DW537BF
2025-07-26_12-25-59-135_FN974VJ-FRA.jpg,FN-974-VJ,FN-974-VJ,0.9836,1,1,FN974VJ,FN974VJ
2025-07-26_11-40-31-006_EY761XR-FRA.jpg,EY-761-XR,EY-761-XR,1.0000,1,1,EY761XR,EY761XR
2025-07-26_11-04-56-985_EG433HK-FRA.jpg,EG-433-HK,EG-433-HK,1.0000,1,1,EG433HK,EG433HK
2025-07-26_11-20-22-771_DG002KS-FRA.jpg,DG-002-KS,DG-002-KS,1.0000,1,1,DG002KS,DG002KS
2025-07-26_16-39-53-217_GA116HV-FRA.jpg,GA-116-HV,GA-116-HV,1.0000,1,1,GA116HV,GA116HV
2025-07-26_11-09-57-582_GH224CR-FRA.jpg,GH-224-CR,GH-224-CR,0.9987,1,1,GH224CR,GH224CR
2025-07-26_09-03-59-348_CD519ZS-FRA.jpg,CD-519-ZS,CD-519-ZS,0.9987,1,1,CD519ZS,CD519ZS
2025-07-26_12-12-59-926_DX287YL-FRA.jpg,DX-287-YL,DX-287-YL,0.9843,1,1,DX287YL,DX287YL
2025-07-26_10-06-46-753_FE098HQ-FRA.jpg,FE-098-HQ,FE-098-HQ,0.9972,1,1,FE098HQ,FE098HQ
2025-07-26_10-21-41-439_BT011KD-FRA.jpg,BT-011-KD,BT-011-KD,0.9751,1,1,BT011KD,BT011KD
2025-07-26_10-58-45-442_CG388VX-FRA.jpg,CG-388-VX,CG-388-VX,0.9999,1,1,CG388VX,CG388VX
2025-07-26_11-48-09-361_EL468FN-FRA.jpg,EL-468-FN,EL-468-FN,1.0000,1,1,EL468FN,EL468FN
2025-07-26_10-46-10-451_BT044GS-FRA.jpg,BT-044-GS,BT-044-GS,0.9814,1,1,BT044GS,BT044GS
2025-07-26_10-21-40-123_CB700ZM-FRA.jpg,CB700ZM,CB700ZM,0.9996,1,1,CB700ZM,CB700ZM
2025-07-26_10-23-26-378_EF221GW-FRA.jpg,EF-221-GW,EF-221-GW,1.0000,1,1,EF221GW,EF221GW
2025-07-26_09-03-59-068_BB772BV-FRA.jpg,BB772.BV,BB772.BV,0.9410,1,1,BB772BV,BB772BV
2025-07-26_12-18-06-540_EW678BT-FRA.jpg,EW-678-BT,EW-678-BT,0.9999,1,1,EW678BT,EW678BT
2025-07-26_09-21-31-010_EM749BK-FRA.jpg,EM.749BK,EM.749BK,0.9995,1,1,EM749BK,EM749BK
2025-07-26_13-08-57-273_GY699BZ-FRA.jpg,GY-699-BZ,GY-699-BZ,0.9998,1,1,GY699BZ,GY699BZ
2025-07-26_10-01-45-738_DD614RP-FRA.jpg,DD-614-RP.,DD-614-RP.,0.9906,1,1,DD614RP,DD614RP
2025-07-26_10-15-23-752_AX687AC-FRA.jpg,AX-687-AC,AX-687-AC,1.0000,1,1,AX687AC,AX687AC
2025-07-26_14-25-31-756_BL580TC-FRA.jpg,BL-580-TC,BL-580-TC,1.0000,1,1,BL580TC,BL580TC
2025-07-26_13-47-56-308_AD857FQ-FRA.jpg,AD-857-FQ,AD-857-FQ,0.9949,1,1,AD857FQ,AD857FQ
2025-07-26_14-36-42-480_GF458HC-FRA.jpg,GF-458-HC,GF-458-HC,0.9865,1,1,GF458HC,GF458HC
2025-07-26_14-12-41-238_BV116JG-FRA.jpg,BV-116-JG,BV-116-JG,0.9986,1,1,BV116JG,BV116JG
2025-07-26_11-47-44-422_DH028YX-FRA.jpg,DH-028-YX,DH-028-YX,0.9962,1,1,DH028YX,DH028YX
2025-07-26_11-57-11-814_GP543GF-FRA.jpg,GP-543-GF,GP-543-GF,0.9962,1,1,GP543GF,GP543GF
2025-07-26_10-32-46-380_AC095LR-FRA.jpg,AC-095-LR,AC-095-LR,1.0000,1,1,AC095LR,AC095LR
2025-07-26_14-53-55-367_HC741GQ-FRA.jpg,HC-741-GQ,HC-741-GQ,1.0000,1,1,HC741GQ,HC741GQ
2025-07-26_09-13-54-215_GD107NB-ITA.jpg,GD-107-NB,GD-107-NB,0.9670,1,1,GD107NB,GD107NB
2025-07-26_10-23-24-059_AH340SR-FRA.jpg,AH-340-SR,AH-340-SR,1.0000,1,1,AH340SR,AH340SR
2025-07-26_09-58-54-001_EM450QL-FRA.jpg,EM-450-QL,EM-450-QL,0.9208,1,1,EM450QL,EM450QL
2025-07-26_16-50-14-895_GP232YF-FRA.jpg,GP-232-YF,GP-232-YF,0.9996,1,1,GP232YF,GP232YF
2025-07-26_11-21-58-932_GB173FX-FRA.jpg,GB-173-FX,GB-173-FX,1.0000,1,1,GB173FX,GB173FX
2025-07-26_10-14-22-314_GN902BG-FRA.jpg,GN-902-BG,GN-902-BG,0.9820,1,1,GN902BG,GN902BG
2025-07-26_10-34-25-379_EL163FF-FRA.jpg,EL-163-FF,EL-163-FF,0.9935,1,1,EL163FF,EL163FF
2025-07-26_11-10-37-565_AS540XJ-FRA.jpg,AS-540-XJ,AS-540-XJ,0.9998,1,1,AS540XJ,AS540XJ
2025-07-26_10-08-02-469_GW298PE-FRA.jpg,GW-298-PE,GW-298-PE,0.9975,1,1,GW298PE,GW298PE
2025-07-26_15-37-53-520_GZ325MK-FRA.jpg,GZ-325-MK,GZ-325-MK,1.0000,1,1,GZ325MK,GZ325MK
2025-07-26_14-46-46-831_GE327ZK-FRA.jpg,GE-327-ZK.,GE-327-ZK.,1.0000,1,1,GE327ZK,GE327ZK
2025-07-26_12-35-55-119_DP272BK-FRA.jpg,DP-272-BK,DP-272-BK,0.9506,1,1,DP272BK,DP272BK
2025-07-26_15-14-15-347_CD434FK-FRA.jpg,CD-434-FK,CD-434-FK,1.0000,1,1,CD434FK,CD434FK
2025-07-26_09-40-43-612_AT327KP-FRA.jpg,AT-327-KP,AT-327-KP,0.9445,1,1,AT327KP,AT327KP
2025-07-26_09-33-34-663_FW359CN-FRA.jpg,FW-359-CN.,FW-359-CN.,0.9936,1,1,FW359CN,FW359CN
2025-07-26_11-13-40-287_GC566TD-FRA.jpg,.GC-566-TD,.GC-566-TD,0.9987,1,1,GC566TD,GC566TD
2025-07-26_16-31-29-344_GV835DJ-FRA.jpg,GV-835-DJ,GV-835-DJ,0.9676,1,1,GV835DJ,GV835DJ
2025-07-26_11-31-40-270_DF426BY-FRA.jpg,DF-426-BY,DF-426-BY,0.9985,1,1,DF426BY,DF426BY
2025-07-26_09-42-50-685_FX047CL-FRA.jpg,FX-047-CL.,FX-047-CL.,0.9998,1,1,FX047CL,FX047CL
2025-07-26_10-17-50-008_CA757CA-FRA.jpg,CA-757-CA,CA-757-CA,0.9594,1,1,CA757CA,CA757CA
2025-07-26_09-26-36-993_CV359TA-FRA.jpg,CV-359-TA,CV-359-TA,1.0000,1,1,CV359TA,CV359TA
2025-07-26_09-12-56-691_GH968ZL-FRA.jpg,GH-968-ZL,GH-968-ZL,0.9984,1,1,GH968ZL,GH968ZL
2025-07-26_12-45-08-930_HD185BN-FRA.jpg,HD185.BN,HD185.BN,0.9508,1,1,HD185BN,HD185BN
2025-07-26_17-10-24-486_CW685PJ-FRA.jpg,CW-685-PJ.,CW-685-PJ.,1.0000,1,1,CW685PJ,CW685PJ
2025-07-26_09-55-12-624_ES825RD-FRA.jpg,ES-825-RD,ES-825-RD,1.0000,1,1,ES825RD,ES825RD
2025-07-26_17-18-54-017_EC899MP-FRA.jpg,EC-899-MP,EC-899-MP,0.9759,1,1,EC899MP,EC899MP
2025-07-26_10-23-29-039_CL799LP-FRA.jpg,CL-799-LP.,CL-799-LP.,0.9999,1,1,CL799LP,CL799LP
2025-07-26_11-25-20-791_FP966LB-FRA.jpg,FP-966-LB,FP-966-LB,0.9999,1,1,FP966LB,FP966LB
2025-07-26_13-08-53-992_FZ695KV-FRA.jpg,FZ-695-KV,FZ-695-KV,0.9641,1,1,FZ695KV,FZ695KV
2025-07-26_14-18-28-179_GQ411VV-FRA.jpg,GQ-411-VV.,GQ-411-VV.,0.9996,1,1,GQ411VV,GQ411VV
2025-07-26_17-35-07-776_EW905PY-FRA.jpg,EW-905-PY,EW-905-PY,0.9981,1,1,EW905PY,EW905PY
2025-07-26_12-25-56-219_GJ657WD-FRA.jpg,GJ-657-WD,GJ-657-WD,0.9584,1,1,GJ657WD,GJ657WD
2025-07-26_10-46-17-332_BT044GS-FRA.jpg,BT-044-GS,BT-044-GS,0.9999,1,1,BT044GS,BT044GS
2025-07-26_09-59-10-341_AN376TH-FRA.jpg,AN-376-TH,AN-376-TH,1.0000,1,1,AN376TH,AN376TH
2025-07-26_11-39-10-797_EE867AX-FRA.jpg,EE-867-AX,EE-867-AX,0.9998,1,1,EE867AX,EE867AX
2025-07-26_16-24-11-191_CH918KT-FRA.jpg,CH-918-KT,CH-918-KT,0.9814,1,1,CH918KT,CH918KT
2025-07-26_10-19-46-708_GN126XD-FRA.jpg,GN-126-XD,GN-126-XD,1.0000,1,1,GN126XD,GN126XD
2025-07-26_12-37-36-340_BS492LP-FRA.jpg,BS-492-LP,BS-492-LP,1.0000,1,1,BS492LP,BS492LP
2025-07-26_13-05-17-533_DW593XP-FRA.jpg,DW-593-XP,DW-593-XP,1.0000,1,1,DW593XP,DW593XP
2025-07-26_18-04-56-341_DV883VN-FRA.jpg,DV-883-VN,DV-883-VN,0.9999,1,1,DV883VN,DV883VN
2025-07-26_11-01-20-148_CJ390FB-FRA.jpg,CJ-390-FB,CJ-390-FB,0.9746,1,1,CJ390FB,CJ390FB
2025-07-26_16-48-01-196_FJ378TC-FRA.jpg,FJ-378-TC,FJ-378-TC,0.9998,1,1,FJ378TC,FJ378TC
2025-07-26_12-55-51-670_8930NG94-FRA.jpg,8930NG94,8930NG94,0.9930,1,1,8930NG94,8930NG94
2025-07-26_09-12-06-692_CC754DH-FRA.jpg,CC-754-DH,CC-754-DH,0.9999,1,1,CC754DH,CC754DH
2025-07-26_12-35-00-978_GP930JS-FRA.jpg,GP-930-JS,GP-930-JS,0.9896,1,1,GP930JS,GP930JS
2025-07-26_16-35-27-987_AV227ZE-FRA.jpg,.AV-227-ZE.,.AV-227-ZE.,0.9974,1,1,AV227ZE,AV227ZE
2025-07-26_12-53-33-217_GM710KQ-FRA.jpg,GM-710-KQ,GM-710-KQ,0.9976,1,1,GM710KQ,GM710KQ
2025-07-26_11-39-33-768_CY822LN-FRA.jpg,CY-822-LN,CY-822-LN,0.9981,1,1,CY822LN,CY822LN
2025-07-26_10-21-45-415_CP329ZS-FRA.jpg,CP-329-ZS,CP-329-ZS,0.9689,1,1,CP329ZS,CP329ZS
2025-07-26_10-47-21-559_BB932QY-FRA.jpg,BB-932-QY,BB-932-QY,1.0000,1,1,BB932QY,BB932QY
2025-07-26_10-55-50-773_BJ940NE-FRA.jpg,BJ-940-NE,BJ-940-NE,0.9905,1,1,BJ940NE,BJ940NE
2025-07-26_14-11-16-093_WW905CV-FRA.jpg,WW-905-CV,WW-905-CV,1.0000,1,1,WW905CV,WW905CV
2025-07-26_11-27-00-928_DR473XM-FRA.jpg,DR-473-XM,DR-473-XM,0.9981,1,1,DR473XM,DR473XM
2025-07-26_11-33-57-250_AK593QD-FRA.jpg,AK593QD,AK593QD,0.9628,1,1,AK593QD,AK593QD
2025-07-26_14-46-56-070_GX389YB-FRA.jpg,GX-389-YB,GX-389-YB,1.0000,1,1,GX389YB,GX389YB
2025-07-26_09-26-43-951_GT226WX-FRA.jpg,GT-226-WX.,GT-226-WX.,1.0000,1,1,GT226WX,GT226WX
2025-07-26_16-46-43-219_EC381NB-FRA.jpg,EC-381-NB,EC-381-NB,1.0000,1,1,EC381NB,EC381NB
2025-07-26_09-25-48-139_HB929GZ-FRA.jpg,HB-929-GZ,HB-929-GZ,0.9997,1,1,HB929GZ,HB929GZ
2025-07-26_12-08-09-514_CF810AA-FRA.jpg,CF-810-AA,CF-810-AA,0.9544,1,1,CF810AA,CF810AA
2025-07-26_13-11-31-742_DV517QH-FRA.jpg,DV-517-QH,DV-517-QH,1.0000,1,1,DV517QH,DV517QH
2025-07-26_12-32-39-777_CX681HR-FRA.jpg,CX-681-HR,CX-681-HR,0.9605,1,1,CX681HR,CX681HR
2025-07-26_10-21-40-429_EM051ZG-FRA.jpg,EM-051-ZG,EM-051-ZG,1.0000,1,1,EM051ZG,EM051ZG
2025-07-26_11-45-26-219_CW438HX-FRA.jpg,CW.438.HX,CW.438.HX,1.0000,1,1,CW438HX,CW438HX
2025-07-26_14-13-47-071_EH276HK-FRA.jpg,EH-276-HK,EH-276-HK,0.9999,1,1,EH276HK,EH276HK
2025-07-26_18-08-34-000_EZ616KL-FRA.jpg,EZ-616-KL.,EZ-616-KL.,0.9999,1,1,EZ616KL,EZ616KL
2025-07-26_10-26-30-293_GX998SF-FRA.jpg,GX-998-SF,GX-998-SF,0.9649,1,1,GX998SF,GX998SF
2025-07-26_18-17-33-318_CV073TL-FRA.jpg,CV-073-TL,CV-073-TL,0.9580,1,1,CV073TL,CV073TL
2025-07-26_09-21-05-215_BB600ZB-FRA.jpg,.BB-600-ZB,.BB-600-ZB,0.9489,1,1,BB600ZB,BB600ZB
2025-07-26_11-58-34-775_DQ669GM-FRA.jpg,DQ-669-GM,DQ-669-GM,0.9997,1,1,DQ669GM,DQ669GM
2025-07-26_14-33-31-246_GN137NB-FRA.jpg,GN-137-NB,GN-137-NB,0.9999,1,1,GN137NB,GN137NB
2025-07-26_16-15-00-436_CK968PE-FRA.jpg,CK-968-PE,CK-968-PE,0.9971,1,1,CK968PE,CK968PE
2025-07-26_11-29-03-103_GA780ED-FRA.jpg,GA-780-ED,GA-780-ED,0.9971,1,1,GA780ED,GA780ED
2025-07-26_11-29-28-774_AE896KR-FRA.jpg,AE-896-KR,AE-896-KR,0.9946,1,1,AE896KR,AE896KR
2025-07-26_11-36-52-852_CQ478WY-FRA.jpg,CQ-478-WY,CQ-478-WY,1.0000,1,1,CQ478WY,CQ478WY
2025-07-26_13-08-03-179_DV551TC-FRA.jpg,DV-551-TC,DV-551-TC,1.0000,1,1,DV551TC,DV551TC
2025-07-26_11-22-54-624_DR748BH-FRA.jpg,DR748-BH,DR748-BH,0.9862,1,1,DR748BH,DR748BH
2025-07-26_12-09-48-562_GX229WS-FRA.jpg,GX229WS,GX229WS,0.9620,1,1,GX229WS,GX229WS
2025-07-26_09-17-06-117_AX209PY-FRA.jpg,AX-209-PY,AX-209-PY,0.9999,1,1,AX209PY,AX209PY
2025-07-26_15-33-31-046_EL782BQ-FRA.jpg,EL-782-BQ,EL-782-BQ,0.9995,1,1,EL782BQ,EL782BQ
2025-07-26_10-00-03-463_AV792MH-FRA.jpg,AV-792-MH,AV-792-MH,0.9475,1,1,AV792MH,AV792MH
2025-07-26_13-44-10-204_FP826NZ-FRA.jpg,FP-826-NZ,FP-826-NZ,0.9771,1,1,FP826NZ,FP826NZ
2025-07-26_11-33-47-120_CW970CJ-FRA.jpg,CW-970-CJ,CW-970-CJ,0.9999,1,1,CW970CJ,CW970CJ
2025-07-26_10-55-36-632_EC280RP-FRA.jpg,EC-280-RP,EC-280-RP,0.9999,1,1,EC280RP,EC280RP
2025-07-26_11-29-26-064_GA939WG-FRA.jpg,GA-939-WG,GA-939-WG,1.0000,1,1,GA939WG,GA939WG
2025-07-26_09-21-02-451_FV929DM-FRA.jpg,FV-929-DM.,FV-929-DM.,0.9978,1,1,FV929DM,FV929DM
2025-07-26_10-22-10-199_5629TZ86-FRA.jpg,5629TZ86,5629TZ86,0.9732,1,1,5629TZ86,5629TZ86
2025-07-26_14-39-18-586_FD598CC-FRA.jpg,FD-598-CC,FD-598-CC,0.9968,1,1,FD598CC,FD598CC
2025-07-26_10-07-06-764_GF130LL-FRA.jpg,GF-130-LL.,GF-130-LL.,0.9557,1,1,GF130LL,GF130LL
2025-07-26_10-26-27-153_DM123LA-FRA.jpg,DM.123.LA,DM.123.LA,0.9773,1,1,DM123LA,DM123LA
2025-07-26_11-15-00-091_GQ063SL-FRA.jpg,GQ-063-SL,GQ-063-SL,1.0000,1,1,GQ063SL,GQ063SL
2025-07-26_10-56-25-661_AB538RH-FRA.jpg,AB-538-RH,AB-538-RH,1.0000,1,1,AB538RH,AB538RH
2025-07-26_12-07-09-913_GF596XZ-FRA.jpg,GF-596-XZ,GF-596-XZ,0.9999,1,1,GF596XZ,GF596XZ
2025-07-26_12-50-15-422_EJ492WC-FRA.jpg,EJ-492-WC,EJ-492-WC,0.9999,1,1,EJ492WC,EJ492WC
2025-07-26_16-50-53-208_FE714TK-FRA.jpg,FE-714-TK.,FE-714-TK.,0.9661,1,1,FE714TK,FE714TK
2025-07-26_11-11-15-650_DP234LE-FRA.jpg,DP-234-LE.,DP-234-LE.,0.9997,1,1,DP234LE,DP234LE
2025-07-26_12-21-21-587_EV635HV-FRA.jpg,EV-635-HV,EV-635-HV,0.9999,1,1,EV635HV,EV635HV
2025-07-26_11-44-22-485_AM696CL-FRA.jpg,AM-696-CL,AM-696-CL,0.9539,1,1,AM696CL,AM696CL
2025-07-26_10-26-26-417_BK124TE-FRA.jpg,BK-124-TE,BK-124-TE,0.9999,1,1,BK124TE,BK124TE
2025-07-26_16-06-02-804_GP136DJ-FRA.jpg,GP-136-DJ,GP-136-DJ,0.9999,1,1,GP136DJ,GP136DJ
2025-07-26_18-27-35-297_DD871NG-FRA.jpg,DD-871-NG,DD-871-NG,0.9999,1,1,DD871NG,DD871NG
2025-07-26_18-05-31-847_FA253BY-FRA.jpg,FA-253-BY,FA-253-BY,0.9811,1,1,FA253BY,FA253BY
2025-07-26_09-21-50-078_GK590FF-FRA.jpg,GK-590-FF,GK-590-FF,0.9478,1,1,GK590FF,GK590FF
2025-07-26_12-50-18-907_DR071AQ-FRA.jpg,DR-071-AQ,DR-071-AQ,1.0000,1,1,DR071AQ,DR071AQ
2025-07-26_11-58-32-696_BB933ZB-FRA.jpg,BB-933-ZB.,BB-933-ZB.,0.9998,1,1,BB933ZB,BB933ZB
2025-07-26_11-20-24-280_CT956WY-FRA.jpg,CT-956-WY,CT-956-WY,1.0000,1,1,CT956WY,CT956WY
2025-07-26_11-13-29-201_ES047TE-FRA.jpg,ES-047-TE,ES-047-TE,0.9999,1,1,ES047TE,ES047TE
2025-07-26_13-09-07-354_CQ198XN-FRA.jpg,CQ-198-XN,CQ-198-XN,0.9608,1,1,CQ198XN,CQ198XN
2025-07-26_18-21-01-260_GZ663CW-FRA.jpg,GZ-663-CW,GZ-663-CW,0.9999,1,1,GZ663CW,GZ663CW
2025-07-26_13-28-48-742_FW194ZH-FRA.jpg,FW-194-ZH,FW-194-ZH,0.9592,1,1,FW194ZH,FW194ZH
2025-07-26_10-54-56-089_GB288HV-FRA.jpg,GB-288-HV,GB-288-HV,0.9688,1,1,GB288HV,GB288HV
2025-07-26_16-13-26-372_ER022MC-FRA.jpg,ER-022-MC,ER-022-MC,1.0000,1,1,ER022MC,ER022MC
2025-07-26_14-21-37-480_DT660CC-FRA.jpg,DT-660-CC,DT-660-CC,0.9995,1,1,DT660CC,DT660CC
2025-07-26_18-03-23-224_BE780VN-FRA.jpg,BE-780-VN,BE-780-VN,1.0000,1,1,BE780VN,BE780VN
2025-07-26_17-10-26-078_HC317DR-FRA.jpg,HC-317-DR,HC-317-DR,0.9999,1,1,HC317DR,HC317DR
2025-07-26_13-24-51-184_GX622AX-FRA.jpg,GX-622-AX,GX-622-AX,0.9999,1,1,GX622AX,GX622AX
2025-07-26_14-08-29-081_BB203ZT-FRA.jpg,BB-203-ZT,BB-203-ZT,0.9744,1,1,BB203ZT,BB203ZT
2025-07-26_11-38-03-970_CT021BF-FRA.jpg,CT021.BF,CT021.BF,0.9998,1,1,CT021BF,CT021BF
2025-07-26_18-03-55-574_GC720GR-FRA.jpg,GC-720-GR,GC-720-GR,0.9849,1,1,GC720GR,GC720GR
2025-07-26_12-13-18-946_DP641JN-FRA.jpg,DP641JN,DP641JN,0.9399,1,1,DP641JN,DP641JN
2025-07-26_11-56-39-300_DA855PS-FRA.jpg,DA-855-PS,DA-855-PS,1.0000,1,1,DA855PS,DA855PS
2025-07-26_09-18-58-998_HA794WY-FRA.jpg,HA-794-WY,HA-794-WY,0.9998,1,1,HA794WY,HA794WY
2025-07-26_14-41-58-869_ED196FR-FRA.jpg,.ED-196-FR,.ED-196-FR,0.9999,1,1,ED196FR,ED196FR
2025-07-26_12-53-48-513_GJ197EM-FRA.jpg,GJ-197-EM,GJ-197-EM,0.9937,1,1,GJ197EM,GJ197EM
2025-07-26_11-01-34-449_BS735XB-FRA.jpg,BS-735-XB,BS-735-XB,1.0000,1,1,BS735XB,BS735XB
2025-07-26_09-19-59-633_BR759XC-FRA.jpg,BR-759-XC,BR-759-XC,0.9846,1,1,BR759XC,BR759XC
2025-07-26_14-00-28-115_ET347JA-FRA.jpg,ET-347-JA,ET-347-JA,0.9993,1,1,ET347JA,ET347JA
2025-07-26_11-15-40-181_AH355YF-FRA.jpg,AH-355-YF,AH-355-YF,0.9855,1,1,AH355YF,AH355YF
2025-07-26_14-19-41-520_GW061EH-FRA.jpg,GW-061-EH,GW-061-EH,0.9997,1,1,GW061EH,GW061EH
2025-07-26_10-42-57-525_DZ474MG-FRA.jpg,DZ-474.MG,DZ-474.MG,0.9972,1,1,DZ474MG,DZ474MG
2025-07-26_09-20-31-169_EL224VV-FRA.jpg,EL.224.VV,EL.224.VV,0.9982,1,1,EL224VV,EL224VV
2025-07-26_14-10-53-929_DB080DA-FRA.jpg,DB-080-DA,DB-080-DA,0.9885,1,1,DB080DA,DB080DA
2025-07-26_11-10-06-625_WW400CA-FRA.jpg,WW-400-CA,WW-400-CA,0.9996,1,1,WW400CA,WW400CA
2025-07-26_11-44-49-722_GL051EB-FRA.jpg,GL-051-EB,GL-051-EB,0.9635,1,1,GL051EB,GL051EB
2025-07-26_10-47-59-048_AN795TC-FRA.jpg,AN-795-TC,AN-795-TC,1.0000,1,1,AN795TC,AN795TC
2025-07-26_11-18-45-169_AW307ZQ-FRA.jpg,AW-307-ZQ,AW-307-ZQ,0.9981,1,1,AW307ZQ,AW307ZQ
2025-07-26_13-09-48-534_ES976LE-FRA.jpg,ES-976-LE,ES-976-LE,0.9916,1,1,ES976LE,ES976LE
2025-07-26_12-29-13-293_BT274TA-FRA.jpg,BT-274-TA,BT-274-TA,1.0000,1,1,BT274TA,BT274TA
2025-07-26_13-18-39-896_FN110EY-FRA.jpg,FN-110-EY,FN-110-EY,1.0000,1,1,FN110EY,FN110EY
2025-07-26_14-51-01-760_FX328DY-FRA.jpg,FX-328-DY,FX-328-DY,0.9999,1,1,FX328DY,FX328DY
2025-07-26_17-59-06-782_FX344EW-FRA.jpg,FX-344-EW,FX-344-EW,1.0000,1,1,FX344EW,FX344EW
2025-07-26_13-57-38-287_AM034AL-FRA.jpg,AM.034AL.,AM.034AL.,0.9999,1,1,AM034AL,AM034AL
2025-07-26_17-38-41-675_DX255SG-FRA.jpg,DX-255-SG,DX-255-SG,0.9702,1,1,DX255SG,DX255SG
2025-07-26_09-26-40-071_CT466PX-FRA.jpg,CT-466-PX.,CT-466-PX.,0.9998,1,1,CT466PX,CT466PX
2025-07-26_14-12-24-249_CQ218HA-FRA.jpg,CQ.218.HA.,CQ.218.HA.,0.9999,1,1,CQ218HA,CQ218HA
2025-07-26_11-44-33-831_HB025BH-FRA.jpg,HB-025-BH,HB-025-BH,0.9819,1,1,HB025BH,HB025BH
2025-07-26_09-19-26-734_FM137BY-FRA.jpg,FM-137-BY,FM-137-BY,0.9593,1,1,FM137BY,FM137BY
2025-07-26_13-08-24-221_DF760ZC-FRA.jpg,DF-760-ZC,DF-760-ZC,0.9944,1,1,DF760ZC,DF760ZC
2025-07-26_12-08-59-823_525EYR95-FRA.jpg,525EYR95,525EYR95,0.9849,1,1,525EYR95,525EYR95
2025-07-26_11-28-09-650_FV091TL-FRA.jpg,FV-091-TL,FV-091-TL,0.9863,1,1,FV091TL,FV091TL
2025-07-26_11-27-18-892_FK435JX-FRA.jpg,FK.435-JX,FK.435-JX,1.0000,1,1,FK435JX,FK435JX
2025-07-26_11-04-49-558_EX179HA-FRA.jpg,EX-179-HA,EX-179-HA,0.9997,1,1,EX179HA,EX179HA
2025-07-26_14-17-35-171_EH015TF-FRA.jpg,EH-015-TF,EH-015-TF,0.9992,1,1,EH015TF,EH015TF
2025-07-26_18-12-30-346_EM497GS-FRA.jpg,EM-497-GS,EM-497-GS,0.9977,1,1,EM497GS,EM497GS
2025-07-26_11-49-43-109_AF789QX-FRA.jpg,AF-789-QX,AF-789-QX,0.9996,1,1,AF789QX,AF789QX
2025-07-26_11-14-32-710_FB138PQ-FRA.jpg,FB-138-PQ.,FB-138-PQ.,0.9998,1,1,FB138PQ,FB138PQ
2025-07-26_10-08-36-221_FX638RW-FRA.jpg,FX-638-RW,FX-638-RW,0.9933,1,1,FX638RW,FX638RW
2025-07-26_13-47-40-735_EK134AR-FRA.jpg,EK-134-AR,EK-134-AR,0.9996,1,1,EK134AR,EK134AR
2025-07-26_11-43-05-955_GN798QY-FRA.jpg,GN-798-QY.,GN-798-QY.,0.9994,1,1,GN798QY,GN798QY
2025-07-26_11-58-54-420_GG264DG-FRA.jpg,GG.264DG,GG.264DG,0.9997,1,1,GG264DG,GG264DG
2025-07-26_10-17-00-230_DT594RH-FRA.jpg,DT-594-RH,DT-594-RH,0.9999,1,1,DT594RH,DT594RH
2025-07-26_10-52-28-880_CZ545SR-FRA.jpg,CZ-545-SR,CZ-545-SR,0.9789,1,1,CZ545SR,CZ545SR
2025-07-26_10-09-57-551_GW217SJ-FRA.jpg,GW-217-SJ,GW-217-SJ,0.9902,1,1,GW217SJ,GW217SJ
2025-07-26_09-05-40-238_GW552RY-FRA.jpg,GW-552-RY,GW-552-RY,0.9745,1,1,GW552RY,GW552RY
2025-07-26_09-46-28-987_ER778CQ-FRA.jpg,ER-778-CQ,ER-778-CQ,1.0000,1,1,ER778CQ,ER778CQ
2025-07-26_12-56-11-387_FD385DE-FRA.jpg,FD-385-DE,FD-385-DE,0.9999,1,1,FD385DE,FD385DE
2025-07-26_16-30-05-802_GW533BS-FRA.jpg,GW.533.BS,GW.533.BS,0.9572,1,1,GW533BS,GW533BS
2025-07-26_12-08-52-283_GG229SX-FRA.jpg,GG-229-SX,GG-229-SX,1.0000,1,1,GG229SX,GG229SX
2025-07-26_12-06-49-164_FT514BS-FRA.jpg,FT-514-BS,FT-514-BS,0.9828,1,1,FT514BS,FT514BS
2025-07-26_12-10-32-984_GH379PM-FRA.jpg,GH-379-PM,GH-379-PM,0.9485,1,1,GH379PM,GH379PM
2025-07-26_14-14-05-289_EP472XY-FRA.jpg,EP-472-XY,EP-472-XY,0.9997,1,1,EP472XY,EP472XY
2025-07-26_13-25-07-561_EN579LN-FRA.jpg,EN-579-LN,EN-579-LN,0.9586,1,1,EN579LN,EN579LN
2025-07-26_10-27-59-358_BN665HR-FRA.jpg,BN-665-HR,BN-665-HR,1.0000,1,1,BN665HR,BN665HR
2025-07-26_16-21-17-715_DP486DH-FRA.jpg,DP-486-DH,DP-486-DH,1.0000,1,1,DP486DH,DP486DH
2025-07-26_13-33-22-495_GW699TR-FRA.jpg,GW-699-TR,GW-699-TR,0.9703,1,1,GW699TR,GW699TR
2025-07-26_17-56-42-038_EQ019MM-FRA.jpg,EQ-019-MM,EQ-019-MM,0.9282,1,1,EQ019MM,EQ019MM
2025-07-26_10-41-47-236_BJ892AM-FRA.jpg,BJ-892-AM,BJ-892-AM,0.9969,1,1,BJ892AM,BJ892AM
2025-07-26_11-42-45-958_GQ426NM-FRA.jpg,GQ-426-NM,GQ-426-NM,0.9923,1,1,GQ426NM,GQ426NM
2025-07-26_10-36-30-541_AJ978YH-FRA.jpg,AJ-978-YH,AJ-978-YH,0.9670,1,1,AJ978YH,AJ978YH
2025-07-26_12-41-02-974_ES160TM-FRA.jpg,ES-160-TM,ES-160-TM,1.0000,1,1,ES160TM,ES160TM
2025-07-26_13-13-31-641_CV956LL-FRA.jpg,CV-956-LL.,CV-956-LL.,0.9748,1,1,CV956LL,CV956LL
2025-07-26_15-50-27-608_GR005KT-FRA.jpg,GR-005-KT,GR-005-KT,0.9991,1,1,GR005KT,GR005KT
2025-07-26_12-26-16-105_CM970FN-FRA.jpg,CM-970-FN,CM-970-FN,0.9991,1,1,CM970FN,CM970FN
2025-07-26_11-26-51-645_GR679KY-FRA.jpg,GR-679-KY,GR-679-KY,0.9496,1,1,GR679KY,GR679KY
2025-07-26_12-12-39-337_GG365AH-FRA.jpg,GG-365-AH,GG-365-AH,1.0000,1,1,GG365AH,GG365AH
2025-07-26_11-27-24-221_HD249HP-FRA.jpg,HD-249-HP,HD-249-HP,0.9998,1,1,HD249HP,HD249HP
2025-07-26_16-59-34-967_GV735DP-FRA.jpg,GV-735-DP,GV-735-DP,1.0000,1,1,GV735DP,GV735DP
2025-07-26_14-34-46-620_GV446GC-FRA.jpg,GV-446-GC,GV-446-GC,1.0000,1,1,GV446GC,GV446GC
2025-07-26_14-46-54-315_GX389YB-FRA.jpg,GX-389-YB,GX-389-YB,0.9730,1,1,GX389YB,GX389YB
2025-07-26_16-15-49-636_FR500WW-FRA.jpg,FR-500-WW.,FR-500-WW.,0.9927,1,1,FR500WW,FR500WW
2025-07-26_10-40-25-553_FF530GZ-FRA.jpg,FF-530-GZ,FF-530-GZ,1.0000,1,1,FF530GZ,FF530GZ
2025-07-26_12-47-15-455_BD567YR-FRA.jpg,BD-567-YR,BD-567-YR,0.9999,1,1,BD567YR,BD567YR
2025-07-26_10-04-46-839_BP295EE-FRA.jpg,BP-295.EE.,BP-295.EE.,0.9997,1,1,BP295EE,BP295EE
2025-07-26_18-03-28-947_CV927CX-FRA.jpg,CV-927-CX,CV-927-CX,1.0000,1,1,CV927CX,CV927CX
2025-07-26_13-08-39-752_FT722TA-FRA.jpg,FT-722-TA,FT-722-TA,1.0000,1,1,FT722TA,FT722TA
2025-07-26_15-21-08-615_FP176EC-FRA.jpg,FP-176-EC,FP-176-EC,0.9987,1,1,FP176EC,FP176EC
2025-07-26_09-57-37-232_BF331EB-FRA.jpg,BF-331-EB,BF-331-EB,1.0000,1,1,BF331EB,BF331EB
2025-07-26_11-35-59-920_CZ648PK-FRA.jpg,CZ-648-PK,CZ-648-PK,0.9936,1,1,CZ648PK,CZ648PK
2025-07-26_12-04-47-160_FD922LV-FRA.jpg,FD-922-LV,FD-922-LV,0.9946,1,1,FD922LV,FD922LV
2025-07-26_15-21-01-159_BG708QC-FRA.jpg,BG708-QC,BG708-QC,1.0000,1,1,BG708QC,BG708QC
2025-07-26_15-05-04-595_BL775VA-FRA.jpg,BL-775-VA,BL-775-VA,1.0000,1,1,BL775VA,BL775VA
2025-07-26_12-47-23-835_BC515QY-FRA.jpg,BC515QY,BC515QY,0.9853,1,1,BC515QY,BC515QY
2025-07-26_13-07-47-952_WW572VN-FRA.jpg,WW-572-VN,WW-572-VN,1.0000,1,1,WW572VN,WW572VN
2025-07-26_18-22-23-202_EQ194XP-FRA.jpg,EQ-194-XP,EQ-194-XP,0.9587,1,1,EQ194XP,EQ194XP
2025-07-26_13-02-07-038_AE454EN-FRA.jpg,AE-454-EN,AE-454-EN,1.0000,1,1,AE454EN,AE454EN
2025-07-26_10-31-17-357_BX620EG-FRA.jpg,BX-620-EG,BX-620-EG,1.0000,1,1,BX620EG,BX620EG
2025-07-26_11-06-34-258_FR770DC-FRA.jpg,FR-770-DC,FR-770-DC,0.9994,1,1,FR770DC,FR770DC
2025-07-26_18-07-43-291_FH340DF-FRA.jpg,FH-340-DF,FH-340-DF,0.9885,1,1,FH340DF,FH340DF
2025-07-26_09-59-10-428_BJ787NY-FRA.jpg,BJ-787-NY.,BJ-787-NY.,0.9991,1,1,BJ787NY,BJ787NY
2025-07-26_14-47-36-652_BD663YK-FRA.jpg,BD-663-YK,BD-663-YK,1.0000,1,1,BD663YK,BD663YK
2025-07-26_09-34-07-528_AF676RD-FRA.jpg,AF-676-RD,AF-676-RD,0.9976,1,1,AF676RD,AF676RD
2025-07-26_10-27-12-642_BX093SH-FRA.jpg,BX-093-SH,BX-093-SH,1.0000,1,1,BX093SH,BX093SH
2025-07-26_12-23-55-104_AM632DE-FRA.jpg,AM-632-DE,AM-632-DE,1.0000,1,1,AM632DE,AM632DE
2025-07-26_14-43-04-013_EB414NA-FRA.jpg,.EB-414NA.,.EB-414NA.,0.9995,1,1,EB414NA,EB414NA
2025-07-26_17-34-43-150_DX816TT-FRA.jpg,DX-816-TT.,DX-816-TT.,0.9780,1,1,DX816TT,DX816TT
2025-07-26_12-02-27-743_EB701TW-FRA.jpg,EB-701-TW,EB-701-TW,0.9916,1,1,EB701TW,EB701TW
2025-07-26_10-55-43-170_FJ378TC-FRA.jpg,FJ-378-TC,FJ-378-TC,0.9503,1,1,FJ378TC,FJ378TC
2025-07-26_11-40-53-042_GV531LE-FRA.jpg,GV-531-LE.,GV-531-LE.,0.9999,1,1,GV531LE,GV531LE
2025-07-26_16-03-07-592_DS880VT-FRA.jpg,DS-880-VT,DS-880-VT,1.0000,1,1,DS880VT,DS880VT
2025-07-26_18-02-39-148_GH127TQ-FRA.jpg,GH-127-TQ.,GH-127-TQ.,0.9999,1,1,GH127TQ,GH127TQ
2025-07-26_15-10-18-915_EN657VK-FRA.jpg,EN-657-VK,EN-657-VK,0.9996,1,1,EN657VK,EN657VK
2025-07-26_16-14-12-673_EK774SB-FRA.jpg,EK-774-SB,EK-774-SB,1.0000,1,1,EK774SB,EK774SB
2025-07-26_09-30-52-150_CR175BB-FRA.jpg,CR175BB,CR175BB,0.9993,1,1,CR175BB,CR175BB
2025-07-26_10-41-47-254_EH955LT-FRA.jpg,EH-955-LT,EH-955-LT,0.9999,1,1,EH955LT,EH955LT
2025-07-26_17-28-59-213_FJ301VJ-FRA.jpg,FJ.301.VJ,FJ.301.VJ,0.9827,1,1,FJ301VJ,FJ301VJ
2025-07-26_14-41-16-864_CY130GA-FRA.jpg,CY-130-GA,CY-130-GA,0.9999,1,1,CY130GA,CY130GA
2025-07-26_11-37-50-650_GE578HB-FRA.jpg,GE-578.HB,GE-578.HB,0.9765,1,1,GE578HB,GE578HB
2025-07-26_09-29-35-869_GC476KY-FRA.jpg,GC-476-KY,GC-476-KY,0.9984,1,1,GC476KY,GC476KY
2025-07-26_10-51-21-466_GH944KZ-FRA.jpg,GH-944-KZ,GH-944-KZ,0.9999,1,1,GH944KZ,GH944KZ
2025-07-26_10-16-42-918_DC960HC-FRA.jpg,DC-960-HC,DC-960-HC,1.0000,1,1,DC960HC,DC960HC
2025-07-26_11-34-37-669_CS785SV-FRA.jpg,CS-785-SV,CS-785-SV,0.9482,1,1,CS785SV,CS785SV
2025-07-26_10-31-37-849_FG060SW-FRA.jpg,FG-060-SW,FG-060-SW,0.9304,1,1,FG060SW,FG060SW
2025-07-26_16-39-16-611_FB330TA-FRA.jpg,FB-330-TA,FB-330-TA,0.9498,1,1,FB330TA,FB330TA
2025-07-26_13-45-46-250_GZ079NS-FRA.jpg,GZ-079-NS,GZ-079-NS,0.9998,1,1,GZ079NS,GZ079NS
2025-07-26_10-58-15-523_AT591YB-FRA.jpg,AT-591-YB,AT-591-YB,1.0000,1,1,AT591YB,AT591YB
2025-07-26_11-17-35-221_GH336MK-FRA.jpg,GH-336-MK.,GH-336-MK.,1.0000,1,1,GH336MK,GH336MK
2025-07-26_14-24-40-222_BZ801KV-FRA.jpg,BZ-801-KV,BZ-801-KV,0.9782,1,1,BZ801KV,BZ801KV
2025-07-26_10-56-07-474_BN793HN-FRA.jpg,BN-793-HN,BN-793-HN,1.0000,1,1,BN793HN,BN793HN
2025-07-26_11-45-47-584_CT342GT-FRA.jpg,CT-342-GT,CT-342-GT,0.9991,1,1,CT342GT,CT342GT
2025-07-26_14-25-20-723_CR375FG-FRA.jpg,CR-375-FG,CR-375-FG,0.9999,1,1,CR375FG,CR375FG
2025-07-26_10-18-18-773_FY704EJ-FRA.jpg,FY-704-EJ,FY-704-EJ,0.9999,1,1,FY704EJ,FY704EJ
2025-07-26_11-42-42-319_ES721NA-FRA.jpg,ES-721-NA,ES-721-NA,0.9972,1,1,ES721NA,ES721NA
2025-07-26_12-05-19-194_FP426JE-FRA.jpg,FP-426-JE.,FP-426-JE.,0.9661,1,1,FP426JE,FP426JE
2025-07-26_11-02-15-388_GA147CT-FRA.jpg,GA-147-CT,GA-147-CT,0.9918,1,1,GA147CT,GA147CT
2025-07-26_14-48-47-956_EW384ZQ-FRA.jpg,EW-384-ZQ,EW-384-ZQ,0.9993,1,1,EW384ZQ,EW384ZQ
2025-07-26_10-57-58-767_DC536ZC-FRA.jpg,DC-536-ZC,DC-536-ZC,0.9695,1,1,DC536ZC,DC536ZC
2025-07-26_12-54-12-587_ER443RJ-FRA.jpg,ER-443-RJ,ER-443-RJ,0.9852,1,1,ER443RJ,ER443RJ
2025-07-26_09-20-03-834_CZ605ME-FRA.jpg,CZ-605-ME,CZ-605-ME,0.9849,1,1,CZ605ME,CZ605ME
2025-07-26_10-44-45-958_CT842SF-FRA.jpg,CT-842-SF,CT-842-SF,0.9864,1,1,CT842SF,CT842SF
2025-07-26_17-34-46-414_GS709YD-FRA.jpg,GS709YD.,GS709YD.,0.9997,1,1,GS709YD,GS709YD
2025-07-26_10-39-09-097_BB349SD-FRA.jpg,BB-349-SD,BB-349-SD,0.9999,1,1,BB349SD,BB349SD
2025-07-26_12-24-22-218_ED759TQ-FRA.jpg,ED-759-TQ,ED-759-TQ,0.9982,1,1,ED759TQ,ED759TQ
2025-07-26_13-02-03-760_AX828EA-FRA.jpg,AX-828-EA,AX-828-EA,1.0000,1,1,AX828EA,AX828EA
2025-07-26_10-32-34-357_EQ775XB-FRA.jpg,EQ.775.XB,EQ.775.XB,0.9998,1,1,EQ775XB,EQ775XB
2025-07-26_12-59-46-334_EY268VH-FRA.jpg,EY-268-VH,EY-268-VH,0.9992,1,1,EY268VH,EY268VH
2025-07-26_10-32-34-813_BB144FD-FRA.jpg,BB-144-FD,BB-144-FD,0.9999,1,1,BB144FD,BB144FD
2025-07-26_11-17-44-183_EJ356MT-FRA.jpg,EJ-356-MT,EJ-356-MT,0.9960,1,1,EJ356MT,EJ356MT
2025-07-26_14-58-38-160_CN716JL-FRA.jpg,CN-716-JL,CN-716-JL,1.0000,1,1,CN716JL,CN716JL
2025-07-26_11-28-26-331_GQ435EK-FRA.jpg,GQ435EK,GQ435EK,0.9991,1,1,GQ435EK,GQ435EK
2025-07-26_15-11-29-891_EW372AE-FRA.jpg,EW-372-AE,EW-372-AE,1.0000,1,1,EW372AE,EW372AE
2025-07-26_11-29-28-193_GA939WG-FRA.jpg,GA-939-WG,GA-939-WG,0.9682,1,1,GA939WG,GA939WG
2025-07-26_13-12-55-381_ER703DQ-FRA.jpg,ER-703-DQ,ER-703-DQ,0.9999,1,1,ER703DQ,ER703DQ
2025-07-26_10-42-24-037_868ASG67-FRA.jpg,868ASG67,868ASG67,1.0000,1,1,868ASG67,868ASG67
2025-07-26_15-11-31-667_EW372AE-FRA.jpg,EW-372-AE,EW-372-AE,1.0000,1,1,EW372AE,EW372AE
2025-07-26_11-11-25-870_AL823FL-FRA.jpg,AL-823-FL,AL-823-FL,0.9512,1,1,AL823FL,AL823FL
2025-07-26_09-06-30-231_GW690BV-FRA.jpg,GW-690-BV,GW-690-BV,1.0000,1,1,GW690BV,GW690BV
2025-07-26_17-34-16-257_DC145HS-FRA.jpg,DC-145-HS,DC-145-HS,1.0000,1,1,DC145HS,DC145HS
2025-07-26_13-05-55-991_AX815DA-FRA.jpg,AX-815-DA,AX-815-DA,1.0000,1,1,AX815DA,AX815DA
2025-07-26_10-56-27-167_HD899AW-FRA.jpg,HD-899-AW,HD-899-AW,1.0000,1,1,HD899AW,HD899AW
2025-07-26_11-31-48-357_FN512VZ-FRA.jpg,FN512VZ,FN512VZ,0.9999,1,1,FN512VZ,FN512VZ
2025-07-26_11-31-46-110_FN512VZ-FRA.jpg,FN-512-VZ,FN-512-VZ,1.0000,1,1,FN512VZ,FN512VZ
2025-07-26_14-47-04-850_CV368VZ-FRA.jpg,CV-368-VZ,CV-368-VZ,1.0000,1,1,CV368VZ,CV368VZ
2025-07-26_16-39-00-634_HB202BX-FRA.jpg,HB-202-BX,HB-202-BX,0.9510,1,1,HB202BX,HB202BX
2025-07-26_12-32-15-940_GN441KY-FRA.jpg,GN-441-KY.,GN-441-KY.,1.0000,1,1,GN441KY,GN441KY
2025-07-26_12-54-17-968_CV554QJ-FRA.jpg,CV-554-QJ,CV-554-QJ,0.9982,1,1,CV554QJ,CV554QJ
2025-07-26_12-09-46-984_DX977RT-FRA.jpg,DX-977-RT,DX-977-RT,0.9289,1,1,DX977RT,DX977RT
2025-07-26_10-27-29-136_EA233MG-FRA.jpg,EA-233-MG,EA-233-MG,0.9999,1,1,EA233MG,EA233MG
2025-07-26_11-22-06-225_GZ638SX-FRA.jpg,GZ-638-SX,GZ-638-SX,0.9743,1,1,GZ638SX,GZ638SX
2025-07-26_10-45-57-077_CP509LH-FRA.jpg,CP-509-LH,CP-509-LH,0.9998,1,1,CP509LH,CP509LH
2025-07-26_17-10-27-121_GW411QJ-FRA.jpg,GW-411-QJ.,GW-411-QJ.,0.9998,1,1,GW411QJ,GW411QJ
2025-07-26_14-18-24-586_GY725XF-FRA.jpg,GY-725-XF,GY-725-XF,0.9984,1,1,GY725XF,GY725XF
2025-07-26_11-14-22-557_DB131JT-FRA.jpg,DB-131-JT,DB-131-JT,0.9985,1,1,DB131JT,DB131JT
2025-07-26_09-26-41-931_BH406LA-FRA.jpg,BH-406-LA,BH-406-LA,1.0000,1,1,BH406LA,BH406LA
2025-07-26_12-39-29-681_CK256NM-FRA.jpg,CK-256-NM,CK-256-NM,0.9997,1,1,CK256NM,CK256NM
2025-07-26_12-13-00-262_GC688EC-FRA.jpg,GC-688-EC,GC-688-EC,1.0000,1,1,GC688EC,GC688EC
2025-07-26_13-33-48-522_EE056GL-FRA.jpg,EE-056-GL.,EE-056-GL.,0.9997,1,1,EE056GL,EE056GL
2025-07-26_10-59-38-851_FH614XS-FRA.jpg,FH-614-XS,FH-614-XS,1.0000,1,1,FH614XS,FH614XS
2025-07-26_09-18-33-068_DQ446KR-FRA.jpg,DQ-446-KR,DQ-446-KR,0.9616,1,1,DQ446KR,DQ446KR
2025-07-26_13-04-14-965_BF408XQ-FRA.jpg,BF-408-XQ,BF-408-XQ,1.0000,1,1,BF408XQ,BF408XQ
2025-07-26_12-12-02-145_BD291VN-FRA.jpg,BD-291-VN,BD-291-VN,1.0000,1,1,BD291VN,BD291VN
2025-07-26_10-40-57-400_GV940ZB-FRA.jpg,GV-940-ZB,GV-940-ZB,0.9985,1,1,GV940ZB,GV940ZB
2025-07-26_11-22-06-430_GS665CT-FRA.jpg,GS-665-CT,GS-665-CT,0.9979,1,1,GS665CT,GS665CT
2025-07-26_17-00-44-296_FX341WK-FRA.jpg,FX-341-WK,FX-341-WK,0.9967,1,1,FX341WK,FX341WK
2025-07-26_15-32-27-293_AC696CY-FRA.jpg,AC-696-CY,AC-696-CY,0.9988,1,1,AC696CY,AC696CY
2025-07-26_14-55-38-132_GW463YC-FRA.jpg,GW-463-YC,GW-463-YC,0.9999,1,1,GW463YC,GW463YC
2025-07-26_18-06-40-302_EV580NZ-FRA.jpg,EV-580-NZ,EV-580-NZ,0.9991,1,1,EV580NZ,EV580NZ
2025-07-26_14-14-55-770_GR321NM-FRA.jpg,GR.321.NM,GR.321.NM,1.0000,1,1,GR321NM,GR321NM
2025-07-26_16-12-42-015_DC967WK-FRA.jpg,DC-967-WK,DC-967-WK,0.9999,1,1,DC967WK,DC967WK
2025-07-26_12-45-54-172_EA976QZ-FRA.jpg,EA-976-QZ,EA-976-QZ,0.9997,1,1,EA976QZ,EA976QZ
2025-07-26_13-16-49-298_FS078PE-FRA.jpg,FS-078-PE.,FS-078-PE.,0.9878,1,1,FS078PE,FS078PE
2025-07-26_10-27-12-039_BX473PV-FRA.jpg,BX-473-PV,BX-473-PV,0.9844,1,1,BX473PV,BX473PV
2025-07-26_09-47-11-499_DK661LH-FRA.jpg,DK-661-LH,DK-661-LH,0.9999,1,1,DK661LH,DK661LH
2025-07-26_09-45-39-820_FW193ZG-FRA.jpg,FW-193ZG,FW-193ZG,0.9711,1,1,FW193ZG,FW193ZG
2025-07-26_13-24-18-336_GH407FG-FRA.jpg,GH-407-FG,GH-407-FG,0.9951,1,1,GH407FG,GH407FG
2025-07-26_13-27-51-799_CQ323BL-FRA.jpg,CQ-323-BL,CQ-323-BL,0.9993,1,1,CQ323BL,CQ323BL
2025-07-26_14-25-07-322_EA010WC-FRA.jpg,EA-010-WC,EA-010-WC,0.9999,1,1,EA010WC,EA010WC
2025-07-26_12-54-00-954_DQ819JB-FRA.jpg,DQ-819-JB,DQ-819-JB,0.9994,1,1,DQ819JB,DQ819JB
2025-07-26_09-21-26-429_CJ828PQ-FRA.jpg,CJ828PQ,CJ828PQ,0.9386,1,1,CJ828PQ,CJ828PQ
2025-07-26_16-39-18-576_FB330TA-FRA.jpg,.FB-330-TA,.FB-330-TA,0.9784,1,1,FB330TA,FB330TA
2025-07-26_12-43-25-757_GK956HD-FRA.jpg,GK-956-HD,GK-956-HD,0.9990,1,1,GK956HD,GK956HD
2025-07-26_16-54-08-652_HB068VA-FRA.jpg,HB-068-VA,HB-068-VA,1.0000,1,1,HB068VA,HB068VA
2025-07-26_14-31-18-391_FV105FP-FRA.jpg,FV-105-FP.,FV-105-FP.,0.9985,1,1,FV105FP,FV105FP
2025-07-26_10-55-34-606_DY123LP-FRA.jpg,DY-123-LP,DY-123-LP,0.9995,1,1,DY123LP,DY123LP
2025-07-26_15-11-18-065_AN587QE-FRA.jpg,AN-587-QE,AN-587-QE,0.9649,1,1,AN587QE,AN587QE
2025-07-26_10-05-53-936_AP361ZL-FRA.jpg,AP-361-ZL.,AP-361-ZL.,1.0000,1,1,AP361ZL,AP361ZL
2025-07-26_10-23-02-876_FA119DT-FRA.jpg,FA-119-DT,FA-119-DT,0.9635,1,1,FA119DT,FA119DT
2025-07-26_18-03-23-978_EY393PD-FRA.jpg,EY-393-PD.,EY-393-PD.,0.9938,1,1,EY393PD,EY393PD
2025-07-26_16-07-15-844_BM092TB-FRA.jpg,BM-092-TB,BM-092-TB,0.9972,1,1,BM092TB,BM092TB
2025-07-26_17-59-05-528_FX344EW-FRA.jpg,FX-344-EW,FX-344-EW,0.9653,1,1,FX344EW,FX344EW
2025-07-26_10-30-59-242_GK652EQ-FRA.jpg,GK-652-EQ,GK-652-EQ,1.0000,1,1,GK652EQ,GK652EQ
2025-07-26_11-27-09-148_GA488AS-FRA.jpg,GA-488-AS,GA-488-AS,1.0000,1,1,GA488AS,GA488AS
2025-07-26_12-57-08-335_FP581FW-FRA.jpg,FP-581-FW,FP-581-FW,1.0000,1,1,FP581FW,FP581FW
2025-07-26_12-23-57-718_EZ251CY-FRA.jpg,E-Z-251-CY,E-Z-251-CY,0.9999,1,1,EZ251CY,EZ251CY
2025-07-26_10-14-38-493_GY660FB-FRA.jpg,GY-660-FB,GY-660-FB,0.9550,1,1,GY660FB,GY660FB
2025-07-26_13-12-23-322_AR632ZQ-FRA.jpg,AR-632-ZQ,AR-632-ZQ,0.9480,1,1,AR632ZQ,AR632ZQ
2025-07-26_10-39-49-342_GX323JC-FRA.jpg,GX-323-JC,GX-323-JC,0.9983,1,1,GX323JC,GX323JC
2025-07-26_13-25-15-129_EY356XW-FRA.jpg,EY-356-XW,EY-356-XW,0.9686,1,1,EY356XW,EY356XW
2025-07-26_11-37-49-596_GY654JW-FRA.jpg,GY-654-JW,GY-654-JW,0.9873,1,1,GY654JW,GY654JW
2025-07-26_11-14-52-884_FG676NE-FRA.jpg,FG-676-NE,FG-676-NE,1.0000,1,1,FG676NE,FG676NE
2025-07-26_17-25-59-694_GX419QM-FRA.jpg,GX-419-QM,GX-419-QM,0.9999,1,1,GX419QM,GX419QM
2025-07-26_11-16-52-192_BV586LD-FRA.jpg,BV586.LD,BV586.LD,1.0000,1,1,BV586LD,BV586LD
2025-07-26_09-26-02-077_CF287HX-FRA.jpg,CF-287.HX,CF-287.HX,0.9984,1,1,CF287HX,CF287HX
2025-07-26_11-25-25-134_CB955EW-FRA.jpg,.CB-955-EW,.CB-955-EW,0.9981,1,1,CB955EW,CB955EW
2025-07-26_14-49-28-974_FJ262QG-FRA.jpg,FJ-262-QG,FJ-262-QG,0.9994,1,1,FJ262QG,FJ262QG
2025-07-26_09-59-26-543_EV940EN-FRA.jpg,EV-940-EN,EV-940-EN,0.9843,1,1,EV940EN,EV940EN
2025-07-26_12-50-22-571_GD438AT-FRA.jpg,GD-438-AT.,GD-438-AT.,0.9836,1,1,GD438AT,GD438AT
2025-07-26_18-13-39-366_BR769RK-FRA.jpg,BR-769-RK,BR-769-RK,0.9630,1,1,BR769RK,BR769RK
2025-07-26_13-10-18-201_HC806GR-FRA.jpg,HC.806.GR,HC.806.GR,0.9988,1,1,HC806GR,HC806GR
2025-07-26_16-38-39-171_HC026EW-FRA.jpg,HC.026.EW,HC.026.EW,0.9431,1,1,HC026EW,HC026EW
2025-07-26_18-13-43-649_FV582CY-FRA.jpg,FV-582-CY.,FV-582-CY.,0.9973,1,1,FV582CY,FV582CY
2025-07-26_14-52-24-433_AR844EK-FRA.jpg,AR-844-EK,AR-844-EK,0.9944,1,1,AR844EK,AR844EK
2025-07-26_16-59-39-760_AA671EC-FRA.jpg,AA-671-EC,AA-671-EC,1.0000,1,1,AA671EC,AA671EC
2025-07-26_14-09-55-422_HA074CL-FRA.jpg,HA074CL,HA074CL,0.9468,1,1,HA074CL,HA074CL
2025-07-26_17-59-06-317_GZ460KE-FRA.jpg,GZ-460-KE,GZ-460-KE,0.9881,1,1,GZ460KE,GZ460KE
2025-07-26_13-33-30-096_BT437KJ-FRA.jpg,BT-437-KJ,BT-437-KJ,0.9991,1,1,BT437KJ,BT437KJ
2025-07-26_10-07-20-438_GW232QD-FRA.jpg,GW-232-QD,GW-232-QD,0.9999,1,1,GW232QD,GW232QD
2025-07-26_11-30-06-254_DA755RG-FRA.jpg,DA-755-RG,DA-755-RG,1.0000,1,1,DA755RG,DA755RG
2025-07-26_10-44-43-903_882AQJ93-FRA.jpg,882AQJ93,882AQJ93,0.9575,1,1,882AQJ93,882AQJ93
2025-07-26_12-53-31-657_CF146FA-FRA.jpg,.CF-146-FA,.CF-146-FA,0.9999,1,1,CF146FA,CF146FA
2025-07-26_16-39-24-096_FC241KE-FRA.jpg,FC-241-KE.,FC-241-KE.,1.0000,1,1,FC241KE,FC241KE
2025-07-26_12-35-32-052_GE390RZ-FRA.jpg,GE-390-RZ,GE-390-RZ,0.9930,1,1,GE390RZ,GE390RZ
2025-07-26_16-15-47-194_AJ229WR-FRA.jpg,AJ-229-WR,AJ-229-WR,0.9970,1,1,AJ229WR,AJ229WR
2025-07-26_10-56-01-606_AL715EX-FRA.jpg,AL715.EX,AL715.EX,0.9765,1,1,AL715EX,AL715EX
2025-07-26_13-10-40-934_GT996YL-FRA.jpg,GT-996-YL,GT-996-YL,1.0000,1,1,GT996YL,GT996YL
2025-07-26_11-36-52-151_FT009WT-FRA.jpg,FT-009-WT.,FT-009-WT.,0.9999,1,1,FT009WT,FT009WT
2025-07-26_14-46-24-796_DX310BP-FRA.jpg,DX-310-BP,DX-310-BP,1.0000,1,1,DX310BP,DX310BP
2025-07-26_18-01-33-808_868ASG67-FRA.jpg,868ASG67,868ASG67,0.9929,1,1,868ASG67,868ASG67
2025-07-26_11-06-04-455_BK267JG-FRA.jpg,BK-267-JG,BK-267-JG,0.9297,1,1,BK267JG,BK267JG
2025-07-26_10-18-28-896_DW166GY-FRA.jpg,DW-166-GY,DW-166-GY,0.9897,1,1,DW166GY,DW166GY
2025-07-26_12-53-37-067_CR745ZG-FRA.jpg,CR-745-ZG,CR-745-ZG,0.9860,1,1,CR745ZG,CR745ZG
2025-07-26_16-07-07-273_EN219DH-FRA.jpg,EN-219-DH,EN-219-DH,0.9697,1,1,EN219DH,EN219DH
2025-07-26_16-59-40-996_AA671EC-FRA.jpg,AA-671-EC,AA-671-EC,1.0000,1,1,AA671EC,AA671EC
2025-07-26_13-25-50-730_GC247NG-FRA.jpg,GC-247-NG,GC-247-NG,0.9998,1,1,GC247NG,GC247NG
2025-07-26_13-04-46-910_FC333YH-FRA.jpg,FC-333-YH,FC-333-YH,0.9997,1,1,FC333YH,FC333YH
2025-07-26_10-28-18-798_GG619EH-FRA.jpg,GG-619-EH,GG-619-EH,1.0000,1,1,GG619EH,GG619EH
2025-07-26_10-20-37-396_GV148PG-FRA.jpg,GV-148-PG,GV-148-PG,0.9949,1,1,GV148PG,GV148PG
2025-07-26_13-26-23-211_GT344BE-FRA.jpg,GT-344-BE,GT-344-BE,1.0000,1,1,GT344BE,GT344BE
2025-07-26_11-17-30-511_EJ462WL-FRA.jpg,EJ-462-WL.,EJ-462-WL.,0.9991,1,1,EJ462WL,EJ462WL
2025-07-26_12-13-45-746_BP511EQ-FRA.jpg,BP-511-EQ,BP-511-EQ,1.0000,1,1,BP511EQ,BP511EQ
2025-07-26_13-37-02-595_BR518CR-FRA.jpg,BR-518-CR,BR-518-CR,0.9998,1,1,BR518CR,BR518CR
2025-07-26_17-34-11-610_DG719AD-FRA.jpg,DG-719-AD,DG-719-AD,0.9998,1,1,DG719AD,DG719AD
2025-07-26_15-08-03-135_GW887EY-FRA.jpg,GW-887-EY,GW-887-EY,0.9969,1,1,GW887EY,GW887EY
2025-07-26_10-16-31-612_EF269NZ-FRA.jpg,EF-269-NZ,EF-269-NZ,0.9998,1,1,EF269NZ,EF269NZ
2025-07-26_10-19-06-274_CZ444ZG-FRA.jpg,CZ-444-ZG,CZ-444-ZG,0.9996,1,1,CZ444ZG,CZ444ZG
2025-07-26_09-17-49-097_FE313HP-ITA.jpg,FE-313-HP,FE-313-HP,0.9998,1,1,FE313HP,FE313HP
2025-07-26_14-23-54-663_BN202GM-FRA.jpg,BN.202-GM,BN.202-GM,1.0000,1,1,BN202GM,BN202GM
2025-07-26_13-49-30-364_DW627BR-FRA.jpg,DW-627-BR,DW-627-BR,1.0000,1,1,DW627BR,DW627BR
2025-07-26_17-02-29-866_GQ333DM-FRA.jpg,GQ-333-DM,GQ-333-DM,0.9224,1,1,GQ333DM,GQ333DM
2025-07-26_09-26-00-997_FJ837KZ-FRA.jpg,FJ-837-KZ,FJ-837-KZ,1.0000,1,1,FJ837KZ,FJ837KZ
2025-07-26_10-21-42-664_DA315NR-FRA.jpg,DA-315-NR,DA-315-NR,0.9675,1,1,DA315NR,DA315NR
2025-07-26_11-24-54-208_CG693LJ-FRA.jpg,CG-693-LJ,CG-693-LJ,0.9999,1,1,CG693LJ,CG693LJ
2025-07-26_14-15-49-629_EW046KN-FRA.jpg,EW-046-KN,EW-046-KN,0.9997,1,1,EW046KN,EW046KN
2025-07-26_12-30-21-561_DV175WQ-FRA.jpg,DV-175-WQ,DV-175-WQ,0.9998,1,1,DV175WQ,DV175WQ
2025-07-26_12-33-19-576_AK901TY-FRA.jpg,AK-901-TY,AK-901-TY,1.0000,1,1,AK901TY,AK901TY
2025-07-26_11-22-10-770_GX389YB-FRA.jpg,GX-389-YB,GX-389-YB,1.0000,1,1,GX389YB,GX389YB
2025-07-26_13-34-09-089_HC698QF-FRA.jpg,HC-698-QF,HC-698-QF,0.9971,1,1,HC698QF,HC698QF
2025-07-26_14-51-07-052_FR962KJ-FRA.jpg,FR-962-KJ,FR-962-KJ,0.9999,1,1,FR962KJ,FR962KJ
2025-07-26_09-24-38-735_DV642WP-FRA.jpg,DV642WP,DV642WP,0.9482,1,1,DV642WP,DV642WP
2025-07-26_13-22-59-214_HA644WM-FRA.jpg,HA-644-WM,HA-644-WM,1.0000,1,1,HA644WM,HA644WM
2025-07-26_13-38-16-108_GS830XW-FRA.jpg,GS-830-XW,GS-830-XW,0.9355,1,1,GS830XW,GS830XW
2025-07-26_12-46-14-934_GC716GR-FRA.jpg,GC-716-GR.,GC-716-GR.,0.9994,1,1,GC716GR,GC716GR
2025-07-26_09-03-42-127_FL081TB-FRA.jpg,FL-081-TB,FL-081-TB,1.0000,1,1,FL081TB,FL081TB
2025-07-26_11-25-57-973_EL980JH-FRA.jpg,EL-980-JH,EL-980-JH,0.9841,1,1,EL980JH,EL980JH
2025-07-26_10-40-38-724_FA623PL-FRA.jpg,FA-623-PL.,FA-623-PL.,0.9996,1,1,FA623PL,FA623PL
2025-07-26_11-15-53-859_EF927HP-FRA.jpg,EF-927-HP,EF-927-HP,0.9673,1,1,EF927HP,EF927HP
2025-07-26_12-34-03-283_FC733DE-FRA.jpg,.FC-733-DE,.FC-733-DE,0.9737,1,1,FC733DE,FC733DE
2025-07-26_18-04-53-971_DV883VN-FRA.jpg,DV-883-VN,DV-883-VN,0.9997,1,1,DV883VN,DV883VN
2025-07-26_10-14-57-800_ED393HV-FRA.jpg,ED-393-HV,ED-393-HV,0.9717,1,1,ED393HV,ED393HV
2025-07-26_10-35-22-362_CC450DX-FRA.jpg,CC-450-DX,CC-450-DX,0.9894,1,1,CC450DX,CC450DX
2025-07-26_18-00-21-350_BR730WB-FRA.jpg,BR-730-WB,BR-730-WB,0.9995,1,1,BR730WB,BR730WB
2025-07-26_15-41-53-248_BN307VL-FRA.jpg,BN307VL,BN307VL,0.9953,1,1,BN307VL,BN307VL
2025-07-26_11-38-58-122_EA759TP-FRA.jpg,EA-759-TP,EA-759-TP,0.9691,1,1,EA759TP,EA759TP
2025-07-26_11-21-50-823_CF122PN-FRA.jpg,CF-122-PN,CF-122-PN,0.9554,1,1,CF122PN,CF122PN
2025-07-26_12-07-43-633_BX631TD-FRA.jpg,BX-631-TD,BX-631-TD,0.9955,1,1,BX631TD,BX631TD
2025-07-26_09-53-46-903_FE177BP-FRA.jpg,FE-177-BP,FE-177-BP,0.9974,1,1,FE177BP,FE177BP
2025-07-26_10-51-27-679_GD737RF-FRA.jpg,GD-737-RF.,GD-737-RF.,0.9536,1,1,GD737RF,GD737RF
2025-07-26_10-22-02-857_CL710EY-FRA.jpg,CL-710-EY.,CL-710-EY.,0.9778,1,1,CL710EY,CL710EY
2025-07-26_16-42-50-477_EW346XG-FRA.jpg,EW-346-XG,EW-346-XG,1.0000,1,1,EW346XG,EW346XG
2025-07-26_17-00-46-863_FX341WK-FRA.jpg,FX-341-WK.,FX-341-WK.,0.9557,1,1,FX341WK,FX341WK
2025-07-26_17-59-11-086_BR877BC-FRA.jpg,BR-877-BC,BR-877-BC,0.9996,1,1,BR877BC,BR877BC
2025-07-26_16-13-52-594_CC754DH-FRA.jpg,CC-754-DH,CC-754-DH,1.0000,1,1,CC754DH,CC754DH
2025-07-26_12-54-02-644_DQ819JB-FRA.jpg,DQ-819-JB,DQ-819-JB,1.0000,1,1,DQ819JB,DQ819JB
2025-07-26_09-26-39-357_CX109KF-FRA.jpg,CX-109-KF,CX-109-KF,0.9999,1,1,CX109KF,CX109KF
2025-07-26_16-08-48-270_EW782TM-FRA.jpg,EW-782-TM,EW-782-TM,0.9999,1,1,EW782TM,EW782TM
2025-07-26_13-11-26-915_DL743DP-FRA.jpg,DL-743-DP,DL-743-DP,0.9992,1,1,DL743DP,DL743DP
2025-07-26_18-26-38-621_HE955TM-FRA.jpg,HE-955-TM,HE-955-TM,0.9994,1,1,HE955TM,HE955TM
2025-07-26_09-58-58-321_DZ684KG-FRA.jpg,DZ-684-KG,DZ-684-KG,1.0000,1,1,DZ684KG,DZ684KG
2025-07-26_11-16-03-850_DF953BN-FRA.jpg,DF-953-BN,DF-953-BN,0.9427,1,1,DF953BN,DF953BN
2025-07-26_14-33-40-131_GV291EK-FRA.jpg,GV-291-EK,GV-291-EK,1.0000,1,1,GV291EK,GV291EK
2025-07-26_16-09-14-572_DH055AQ-FRA.jpg,DH-055-AQ,DH-055-AQ,1.0000,1,1,DH055AQ,DH055AQ
2025-07-26_10-51-30-319_FC410VW-FRA.jpg,FC-410-VW,FC-410-VW,0.9999,1,1,FC410VW,FC410VW
2025-07-26_10-07-46-412_BH903PS-FRA.jpg,BH-903-PS,BH-903-PS,1.0000,1,1,BH903PS,BH903PS
2025-07-26_17-16-24-240_GZ431MP-FRA.jpg,GZ431MP,GZ431MP,0.9772,1,1,GZ431MP,GZ431MP
2025-07-26_11-43-29-092_DT124FY-FRA.jpg,DT-124-FY,DT-124-FY,0.9858,1,1,DT124FY,DT124FY
2025-07-26_09-15-59-529_FK477VK-FRA.jpg,FK477VK,FK477VK,0.9281,1,1,FK477VK,FK477VK
2025-07-26_12-11-58-466_GJ290ND-FRA.jpg,GJ-290-ND,GJ-290-ND,1.0000,1,1,GJ290ND,GJ290ND
2025-07-26_09-31-14-543_HA243WS-FRA.jpg,HA-243-WS,HA-243-WS,0.9998,1,1,HA243WS,HA243WS
2025-07-26_17-23-27-213_DX489KW-FRA.jpg,DX-489-KW,DX-489-KW,1.0000,1,1,DX489KW,DX489KW
2025-07-26_11-16-21-127_GP559JD-FRA.jpg,.GP-559-JD,.GP-559-JD,0.9885,1,1,GP559JD,GP559JD
2025-07-26_11-11-26-324_BB032PH-FRA.jpg,BB032-PH,BB032-PH,0.9996,1,1,BB032PH,BB032PH
2025-07-26_14-33-51-894_CP375WK-FRA.jpg,CP-375-WK,CP-375-WK,0.9962,1,1,CP375WK,CP375WK
2025-07-26_11-27-36-380_FG853TG-FRA.jpg,FG-853-TG,FG-853-TG,0.9465,1,1,FG853TG,FG853TG
2025-07-26_14-10-26-494_DC641EP-FRA.jpg,DC-641-EP,DC-641-EP,0.9995,1,1,DC641EP,DC641EP
2025-07-26_09-51-16-975_DC464WC-FRA.jpg,DC-464-WC,DC-464-WC,0.9540,1,1,DC464WC,DC464WC
2025-07-26_11-59-19-836_FE872DE-FRA.jpg,FE-872-DE.,FE-872-DE.,0.9993,1,1,FE872DE,FE872DE
2025-07-26_14-33-13-864_FH797BE-FRA.jpg,FH-797-BE,FH-797-BE,1.0000,1,1,FH797BE,FH797BE
2025-07-26_18-19-55-355_FR598BX-FRA.jpg,FR-598-BX,FR-598-BX,1.0000,1,1,FR598BX,FR598BX
2025-07-26_10-32-09-280_ED400EN-FRA.jpg,ED-400-EN,ED-400-EN,1.0000,1,1,ED400EN,ED400EN
2025-07-26_12-08-50-445_GG229SX-FRA.jpg,GG-229-SX,GG-229-SX,0.9999,1,1,GG229SX,GG229SX
2025-07-26_12-04-28-519_GL688KW-FRA.jpg,GL-688-KW,GL-688-KW,0.9992,1,1,GL688KW,GL688KW
2025-07-26_18-23-35-144_ET498XQ-FRA.jpg,ET-498-XQ,ET-498-XQ,1.0000,1,1,ET498XQ,ET498XQ
2025-07-26_11-33-52-095_CG319MH-FRA.jpg,CG-319-MH,CG-319-MH,0.9994,1,1,CG319MH,CG319MH
2025-07-26_09-53-27-614_HE746ET-FRA.jpg,HE-746-ET,HE-746-ET,0.9975,1,1,HE746ET,HE746ET
2025-07-26_12-09-30-354_AB238YS-FRA.jpg,AB-238-YS,AB-238-YS,0.9998,1,1,AB238YS,AB238YS
2025-07-26_13-27-00-867_FE545PH-FRA.jpg,FE-545-PH,FE-545-PH,1.0000,1,1,FE545PH,FE545PH
2025-07-26_13-48-25-555_GS225CX-FRA.jpg,GS-225-CX,GS-225-CX,0.9997,1,1,GS225CX,GS225CX
2025-07-26_09-36-02-378_WW170GJ-FRA.jpg,WW-170-GJ,WW-170-GJ,0.9972,1,1,WW170GJ,WW170GJ
2025-07-26_14-36-55-901_BQ059TZ-FRA.jpg,BQ-059-TZ,BQ-059-TZ,1.0000,1,1,BQ059TZ,BQ059TZ
2025-07-26_13-10-27-694_GM291AJ-FRA.jpg,GM291.AJ,GM291.AJ,0.9997,1,1,GM291AJ,GM291AJ
2025-07-26_11-53-04-639_GY433PC-FRA.jpg,GY-433-PC,GY-433-PC,0.9998,1,1,GY433PC,GY433PC
2025-07-26_11-39-18-777_GZ336WL-FRA.jpg,GZ-336-WL,GZ-336-WL,1.0000,1,1,GZ336WL,GZ336WL
2025-07-26_10-56-28-029_FN715EC-FRA.jpg,FN-715-EC,FN-715-EC,0.9877,1,1,FN715EC,FN715EC
2025-07-26_10-47-46-179_FC978ZK-FRA.jpg,FC-978-ZK,FC-978-ZK,0.9992,1,1,FC978ZK,FC978ZK
2025-07-26_11-43-55-556_GD651RC-FRA.jpg,GD-651-RC,GD-651-RC,1.0000,1,1,GD651RC,GD651RC
2025-07-26_13-12-25-968_FG035JZ-FRA.jpg,FG-035-JZ,FG-035-JZ,0.9824,1,1,FG035JZ,FG035JZ
2025-07-26_09-03-48-790_AZ789XW-FRA.jpg,AZ-789-XW,AZ-789-XW,0.9996,1,1,AZ789XW,AZ789XW
2025-07-26_17-10-40-121_GR702HX-FRA.jpg,GR-702-HX,GR-702-HX,0.9999,1,1,GR702HX,GR702HX
2025-07-26_18-22-19-513_GL466ZQ-FRA.jpg,GL-466-ZQ,GL-466-ZQ,0.9532,1,1,GL466ZQ,GL466ZQ
2025-07-26_15-04-13-495_GY307FJ-FRA.jpg,GY-307-FJ,GY-307-FJ,0.9874,1,1,GY307FJ,GY307FJ
2025-07-26_11-44-25-466_GB495EB-FRA.jpg,GB-495-EB,GB-495-EB,1.0000,1,1,GB495EB,GB495EB
2025-07-26_09-24-11-138_CX834AW-FRA.jpg,CX-834-AW,CX-834-AW,1.0000,1,1,CX834AW,CX834AW
2025-07-26_12-48-01-806_GJ716VA-FRA.jpg,GJ-716-VA.,GJ-716-VA.,1.0000,1,1,GJ716VA,GJ716VA
2025-07-26_10-18-30-197_ED413FE-FRA.jpg,ED-413-FE,ED-413-FE,1.0000,1,1,ED413FE,ED413FE
2025-07-26_10-56-13-771_FY944XQ-FRA.jpg,FY-944-XQ,FY-944-XQ,0.9886,1,1,FY944XQ,FY944XQ
2025-07-26_10-32-39-555_EN038GA-FRA.jpg,EN-038-GA,EN-038-GA,0.9984,1,1,EN038GA,EN038GA
2025-07-26_12-58-39-521_DS158JN-FRA.jpg,DS-158-JN,DS-158-JN,1.0000,1,1,DS158JN,DS158JN
2025-07-26_13-17-17-259_EK172KS-FRA.jpg,EK-172-KS,EK-172-KS,0.9960,1,1,EK172KS,EK172KS
2025-07-26_11-35-39-767_CZ636HG-FRA.jpg,CZ-636-HG,CZ-636-HG,0.9953,1,1,CZ636HG,CZ636HG
2025-07-26_11-38-47-404_FE902PR-FRA.jpg,FE-902-PR,FE-902-PR,0.9999,1,1,FE902PR,FE902PR
2025-07-26_14-30-07-996_DP979MX-FRA.jpg,DP-979-MX.,DP-979-MX.,0.9646,1,1,DP979MX,DP979MX
2025-07-26_18-02-48-395_CX045CH-FRA.jpg,CX-045-CH,CX-045-CH,1.0000,1,1,CX045CH,CX045CH
2025-07-26_09-21-41-778_EZ188TP-FRA.jpg,EZ-188-TP,EZ-188-TP,1.0000,1,1,EZ188TP,EZ188TP
2025-07-26_14-50-36-729_DT606GG-FRA.jpg,DT-606-GG,DT-606-GG,0.9926,1,1,DT606GG,DT606GG
2025-07-26_15-58-00-756_BE457VB-FRA.jpg,BE-457-VB,BE-457-VB,0.9992,1,1,BE457VB,BE457VB
2025-07-26_11-35-28-435_GD097YP-FRA.jpg,GD-097-YP,GD-097-YP,0.9985,1,1,GD097YP,GD097YP
2025-07-26_10-57-51-074_CS615QA-FRA.jpg,CS.615.QA,CS.615.QA,1.0000,1,1,CS615QA,CS615QA
2025-07-26_11-14-47-976_BW154LV-FRA.jpg,BW-154-LV,BW-154-LV,0.9804,1,1,BW154LV,BW154LV
2025-07-26_11-50-11-180_GB131EE-FRA.jpg,GB-131-EE,GB-131-EE,0.9999,1,1,GB131EE,GB131EE
2025-07-26_11-40-32-218_EX730QR-FRA.jpg,EX730-QR,EX730-QR,0.9999,1,1,EX730QR,EX730QR
2025-07-26_11-39-24-142_DD418YL-FRA.jpg,DD-418-YL,DD-418-YL,0.9975,1,1,DD418YL,DD418YL
2025-07-26_10-34-10-586_HA346FC-FRA.jpg,.HA-346-FC,.HA-346-FC,0.9999,1,1,HA346FC,HA346FC
2025-07-26_14-15-31-997_FR931LW-FRA.jpg,FR-931-LW,FR-931-LW,0.9957,1,1,FR931LW,FR931LW
2025-07-26_15-12-35-548_AC792MM-FRA.jpg,AC-792-MM,AC-792-MM,0.9990,1,1,AC792MM,AC792MM
2025-07-26_10-09-02-556_CF936EA-FRA.jpg,.CF-936-EA,.CF-936-EA,0.9999,1,1,CF936EA,CF936EA
2025-07-26_09-36-27-893_EW352BB-FRA.jpg,EW-352-BB,EW-352-BB,0.9358,1,1,EW352BB,EW352BB
2025-07-26_13-31-55-263_AV666HL-FRA.jpg,AV-666-HL,AV-666-HL,0.9999,1,1,AV666HL,AV666HL
2025-07-26_11-56-05-879_FW473DH-FRA.jpg,FW-473-DH,FW-473-DH,1.0000,1,1,FW473DH,FW473DH
2025-07-26_16-03-44-516_EJ957VP-FRA.jpg,EJ-957-VP,EJ-957-VP,0.9915,1,1,EJ957VP,EJ957VP
2025-07-26_12-24-51-596_CR296MP-FRA.jpg,CR-296-MP,CR-296-MP,0.9865,1,1,CR296MP,CR296MP
2025-07-26_11-15-40-283_DH850XB-FRA.jpg,DH-850-XB,DH-850-XB,1.0000,1,1,DH850XB,DH850XB
2025-07-26_11-38-32-534_GX208FZ-FRA.jpg,GX-208-FZ,GX-208-FZ,0.9800,1,1,GX208FZ,GX208FZ
2025-07-26_18-01-11-676_CN307BA-FRA.jpg,CN-307-BA,CN-307-BA,1.0000,1,1,CN307BA,CN307BA
2025-07-26_10-51-33-311_DY636LV-FRA.jpg,DY-636-LV,DY-636-LV,0.9514,1,1,DY636LV,DY636LV
2025-07-26_14-36-38-075_GY814QY-FRA.jpg,GY-814-QY,GY-814-QY,1.0000,1,1,GY814QY,GY814QY
2025-07-26_15-51-40-899_GP781JB-FRA.jpg,.GP-781.JB,.GP-781.JB,0.9995,1,1,GP781JB,GP781JB
2025-07-26_09-32-54-118_FF421MV-FRA.jpg,FF421.MV,FF421.MV,1.0000,1,1,FF421MV,FF421MV
2025-07-26_12-10-57-136_EY562HP-FRA.jpg,EY-562.HP,EY-562.HP,0.9998,1,1,EY562HP,EY562HP
2025-07-26_14-16-13-146_GA364GJ-FRA.jpg,GA-364-GJ,GA-364-GJ,0.9569,1,1,GA364GJ,GA364GJ
2025-07-26_14-25-35-784_GQ439FN-FRA.jpg,GQ-439-FN,GQ-439-FN,0.9675,1,1,GQ439FN,GQ439FN
2025-07-26_11-38-17-403_BN605XY-FRA.jpg,BN-605-XY,BN-605-XY,0.9535,1,1,BN605XY,BN605XY
2025-07-26_10-21-33-758_EK241GA-FRA.jpg,EK-241-GA,EK-241-GA,0.9999,1,1,EK241GA,EK241GA
2025-07-26_17-15-52-040_FT441VS-FRA.jpg,FT-441-VS,FT-441-VS,0.9973,1,1,FT441VS,FT441VS
2025-07-26_15-23-42-113_EP042TA-FRA.jpg,EP-042-TA,EP-042-TA,0.9558,1,1,EP042TA,EP042TA
2025-07-26_10-40-44-043_GB992HL-FRA.jpg,.GB-992-HL.,.GB-992-HL.,0.9998,1,1,GB992HL,GB992HL
2025-07-26_12-10-53-564_EW204ZV-FRA.jpg,EW-204-ZV,EW-204-ZV,1.0000,1,1,EW204ZV,EW204ZV
2025-07-26_11-31-12-717_AQ252PL-FRA.jpg,AQ-252-PL.,AQ-252-PL.,0.9990,1,1,AQ252PL,AQ252PL
2025-07-26_10-29-37-166_BP433QR-FRA.jpg,BP-433-QR,BP-433-QR,0.9643,1,1,BP433QR,BP433QR
2025-07-26_12-32-26-396_GY803TM-FRA.jpg,GY-803-TM,GY-803-TM,0.9997,1,1,GY803TM,GY803TM
2025-07-26_13-49-50-066_FE647XY-FRA.jpg,FE-647-XY,FE-647-XY,0.9999,1,1,FE647XY,FE647XY
2025-07-26_10-18-13-253_BY885KY-FRA.jpg,BY-885-KY,BY-885-KY,0.9875,1,1,BY885KY,BY885KY
2025-07-26_10-29-38-040_CC679LC-FRA.jpg,CC-679-LC,CC-679-LC,0.9932,1,1,CC679LC,CC679LC
2025-07-26_11-50-09-518_EC008AZ-FRA.jpg,EC-008-AZ,EC-008-AZ,0.9626,1,1,EC008AZ,EC008AZ
2025-07-26_15-35-44-495_EJ383VB-FRA.jpg,EJ-383-VB,EJ-383-VB,1.0000,1,1,EJ383VB,EJ383VB
2025-07-26_10-14-44-838_EY728VA-FRA.jpg,EY-728-VA,EY-728-VA,0.9999,1,1,EY728VA,EY728VA
2025-07-26_16-05-35-842_DG416ZP-FRA.jpg,DG-416-ZP,DG-416-ZP,0.9996,1,1,DG416ZP,DG416ZP
2025-07-26_14-28-03-434_GW431ZL-FRA.jpg,GW-431-ZL,GW-431-ZL,1.0000,1,1,GW431ZL,GW431ZL
2025-07-26_11-17-42-851_HD123RJ-FRA.jpg,HD-123-RJ,HD-123-RJ,0.9466,1,1,HD123RJ,HD123RJ
2025-07-26_16-12-51-530_CF108BQ-FRA.jpg,CF-108-BQ,CF-108-BQ,0.9480,1,1,CF108BQ,CF108BQ
2025-07-26_09-21-26-195_AW927GQ-FRA.jpg,AW-927-GQ,AW-927-GQ,1.0000,1,1,AW927GQ,AW927GQ
2025-07-26_12-33-16-966_DY245WQ-FRA.jpg,DY-245-WQ,DY-245-WQ,0.9996,1,1,DY245WQ,DY245WQ
2025-07-26_10-12-05-817_EP713XC-FRA.jpg,EP-713-XC,EP-713-XC,0.9998,1,1,EP713XC,EP713XC
2025-07-26_16-48-26-432_CA316CB-FRA.jpg,CA-316-CB,CA-316-CB,0.9971,1,1,CA316CB,CA316CB
2025-07-26_13-37-01-254_GX844TZ-FRA.jpg,GX-844-TZ,GX-844-TZ,0.9730,1,1,GX844TZ,GX844TZ
2025-07-26_11-33-57-958_HD289XA-FRA.jpg,HD289XA,HD289XA,0.9999,1,1,HD289XA,HD289XA
2025-07-26_11-14-42-016_FX657JX-FRA.jpg,FX-657-JX.,FX-657-JX.,0.9995,1,1,FX657JX,FX657JX
2025-07-26_09-51-54-706_GW783LN-FRA.jpg,GW-783-LN,GW-783-LN,0.9944,1,1,GW783LN,GW783LN
2025-07-26_10-26-30-598_DQ089BX-FRA.jpg,DQ-089-BX,DQ-089-BX,0.9826,1,1,DQ089BX,DQ089BX
2025-07-26_12-31-33-796_DY953CN-FRA.jpg,DY-953-CN,DY-953-CN,0.9959,1,1,DY953CN,DY953CN
2025-07-26_14-24-21-888_FA825LE-FRA.jpg,FA-825-LE.,FA-825-LE.,0.9999,1,1,FA825LE,FA825LE
2025-07-26_13-23-23-531_EA086ML-FRA.jpg,EA-086-ML,EA-086-ML,0.9902,1,1,EA086ML,EA086ML
2025-07-26_13-04-03-536_CS062FN-FRA.jpg,CS-062-FN,CS-062-FN,0.9998,1,1,CS062FN,CS062FN
2025-07-26_16-39-50-955_HB717DP-FRA.jpg,HB-717-DP,HB-717-DP,0.9404,1,1,HB717DP,HB717DP
2025-07-26_10-19-45-909_FT238JC-FRA.jpg,FT-238-JC,FT-238-JC,0.9951,1,1,FT238JC,FT238JC
2025-07-26_11-43-07-563_HB506JR-FRA.jpg,HB-506.JR.,HB-506.JR.,0.9999,1,1,HB506JR,HB506JR
2025-07-26_16-28-55-546_BK386BF-FRA.jpg,BK386BF,BK386BF,0.9540,1,1,BK386BF,BK386BF
2025-07-26_10-20-35-839_DW341NV-FRA.jpg,DW-341-NV.,DW-341-NV.,0.9991,1,1,DW341NV,DW341NV
2025-07-26_10-03-55-069_GX873YA-FRA.jpg,GX873YA,GX873YA,0.9991,1,1,GX873YA,GX873YA
2025-07-26_10-22-57-350_GS438BF-FRA.jpg,GS-438-BF,GS-438-BF,0.9800,1,1,GS438BF,GS438BF
2025-07-26_10-52-10-744_BA446CK-FRA.jpg,BA-446-CK,BA-446-CK,0.9996,1,1,BA446CK,BA446CK
2025-07-26_11-13-34-476_CD261KS-FRA.jpg,CD-261-KS,CD-261-KS,1.0000,1,1,CD261KS,CD261KS
2025-07-26_10-27-27-028_EA233MG-FRA.jpg,EA-233-MG,EA-233-MG,1.0000,1,1,EA233MG,EA233MG
2025-07-26_10-27-15-059_CW679FA-FRA.jpg,CW-679-FA,CW-679-FA,1.0000,1,1,CW679FA,CW679FA
2025-07-26_17-03-14-140_BE615TD-FRA.jpg,BE-615-TD,BE-615-TD,0.9718,1,1,BE615TD,BE615TD
2025-07-26_11-39-17-457_GY211XS-FRA.jpg,GY-211-XS,GY-211-XS,0.9990,1,1,GY211XS,GY211XS
2025-07-26_18-19-52-710_GJ555SP-FRA.jpg,GJ-555-SP,GJ-555-SP,0.9902,1,1,GJ555SP,GJ555SP
2025-07-26_11-14-57-347_HC143GN-FRA.jpg,HC-143-GN,HC-143-GN,0.9992,1,1,HC143GN,HC143GN
2025-07-26_12-05-04-157_CB686EN-FRA.jpg,CB-686-EN,CB-686-EN,1.0000,1,1,CB686EN,CB686EN
2025-07-26_12-12-37-733_GG365AH-FRA.jpg,GG-365-AH,GG-365-AH,0.9999,1,1,GG365AH,GG365AH
2025-07-26_10-23-05-636_DJ577YP-FRA.jpg,DJ-577-YP,DJ-577-YP,1.0000,1,1,DJ577YP,DJ577YP
2025-07-26_10-28-53-738_AP320NW-FRA.jpg,AP-320-NW,AP-320-NW,0.9927,1,1,AP320NW,AP320NW
2025-07-26_12-34-10-937_FL370RJ-FRA.jpg,FL-370-RJ,FL-370-RJ,0.9993,1,1,FL370RJ,FL370RJ
2025-07-26_09-22-08-700_AS892HK-FRA.jpg,AS-892-HK,AS-892-HK,0.9857,1,1,AS892HK,AS892HK
2025-07-26_10-56-09-341_HA710YB-FRA.jpg,HA-710-YB,HA-710-YB,1.0000,1,1,HA710YB,HA710YB
2025-07-26_16-03-43-962_GS570WJ-FRA.jpg,GS.570.WJ,GS.570.WJ,0.9871,1,1,GS570WJ,GS570WJ
2025-07-26_14-36-40-540_AD892DR-FRA.jpg,AD-892-DR,AD-892-DR,0.9998,1,1,AD892DR,AD892DR
2025-07-26_11-44-44-922_CC075DC-FRA.jpg,CC-075-DC,CC-075-DC,0.9999,1,1,CC075DC,CC075DC
2025-07-26_12-49-14-346_CV982AP-FRA.jpg,CV-982-AP,CV-982-AP,0.9999,1,1,CV982AP,CV982AP
2025-07-26_17-20-00-904_EC514RG-FRA.jpg,EC-514-RG,EC-514-RG,0.9999,1,1,EC514RG,EC514RG
2025-07-26_12-25-56-779_DF407QS-FRA.jpg,DF-407-QS,DF-407-QS,0.9712,1,1,DF407QS,DF407QS
2025-07-26_12-38-46-400_FG555LD-FRA.jpg,FG-555-LD,FG-555-LD,0.9988,1,1,FG555LD,FG555LD
2025-07-26_10-47-20-538_DD471QN-FRA.jpg,DD-471-QN,DD-471-QN,1.0000,1,1,DD471QN,DD471QN
2025-07-26_13-09-27-081_DG690NR-FRA.jpg,DG-690-NR,DG-690-NR,0.9977,1,1,DG690NR,DG690NR
2025-07-26_15-15-30-735_AD986DM-FRA.jpg,AD-986-DM,AD-986-DM,0.9993,1,1,AD986DM,AD986DM
2025-07-26_10-14-14-087_GX699QP-FRA.jpg,GX-699-QP,GX-699-QP,0.9958,1,1,GX699QP,GX699QP
2025-07-26_16-54-29-105_CJ783NL-FRA.jpg,CJ-783-NL.,CJ-783-NL.,0.9995,1,1,CJ783NL,CJ783NL
2025-07-26_10-08-21-932_FS745VG-FRA.jpg,FS-745-VG,FS-745-VG,1.0000,1,1,FS745VG,FS745VG
2025-07-26_12-53-30-049_CF146FA-FRA.jpg,CF-146-FA,CF-146-FA,0.9967,1,1,CF146FA,CF146FA
2025-07-26_09-55-48-948_GQ267SD-FRA.jpg,GQ-267-SD,GQ-267-SD,0.9946,1,1,GQ267SD,GQ267SD
2025-07-26_10-48-08-237_CP503FN-FRA.jpg,CP-503-FN,CP-503-FN,0.9749,1,1,CP503FN,CP503FN
2025-07-26_17-40-40-580_BY566WF-FRA.jpg,BY-566-WF,BY-566-WF,0.9506,1,1,BY566WF,BY566WF
2025-07-26_15-50-19-373_DV813ZD-FRA.jpg,DV-813-ZD,DV-813-ZD,0.9582,1,1,DV813ZD,DV813ZD
2025-07-26_12-50-04-431_FQ321BQ-FRA.jpg,FQ-321-BQ,FQ-321-BQ,1.0000,1,1,FQ321BQ,FQ321BQ
2025-07-26_16-30-26-707_BS853GK-FRA.jpg,BS-853-GK,BS-853-GK,0.9647,1,1,BS853GK,BS853GK
2025-07-26_12-26-02-256_EX771NE-FRA.jpg,EX-771-NE,EX-771-NE,0.9895,1,1,EX771NE,EX771NE
2025-07-26_10-58-19-274_CR865WJ-FRA.jpg,CR-865-WJ,CR-865-WJ,1.0000,1,1,CR865WJ,CR865WJ
2025-07-26_17-02-27-135_GQ333DM-FRA.jpg,GQ-333-DM,GQ-333-DM,0.9999,1,1,GQ333DM,GQ333DM
2025-07-26_12-56-30-059_GJ443SJ-FRA.jpg,GJ-443-SJ,GJ-443-SJ,1.0000,1,1,GJ443SJ,GJ443SJ
2025-07-26_12-59-39-452_EX544EF-FRA.jpg,EX-544-EF,EX-544-EF,0.9771,1,1,EX544EF,EX544EF
2025-07-26_14-21-51-255_ES663RW-FRA.jpg,ES-663-RW.,ES-663-RW.,0.9999,1,1,ES663RW,ES663RW
2025-07-26_16-05-49-712_GV951QW-FRA.jpg,GV-951-QW,GV-951-QW,0.9981,1,1,GV951QW,GV951QW
2025-07-26_12-59-20-172_BD653BH-FRA.jpg,BD-653-BH,BD-653-BH,1.0000,1,1,BD653BH,BD653BH
2025-07-26_10-17-29-647_AP212HG-FRA.jpg,AP-212-HG,AP-212-HG,0.9601,1,1,AP212HG,AP212HG
2025-07-26_12-18-04-729_358ESG92-FRA.jpg,.358ESG.92,.358ESG.92,0.9887,1,1,358ESG92,358ESG92
2025-07-26_12-07-40-879_BX631TD-FRA.jpg,BX-631-TD,BX-631-TD,1.0000,1,1,BX631TD,BX631TD
2025-07-26_11-26-06-251_FP196RE-FRA.jpg,FP-196-RE.,FP-196-RE.,0.9755,1,1,FP196RE,FP196RE
2025-07-26_13-03-02-339_AT973VA-FRA.jpg,AT-973-VA,AT-973-VA,0.9794,1,1,AT973VA,AT973VA
2025-07-26_09-26-45-613_EV584RS-FRA.jpg,EV-584-RS,EV-584-RS,1.0000,1,1,EV584RS,EV584RS
2025-07-26_11-29-18-993_GH807FZ-FRA.jpg,GH-807-FZ,GH-807-FZ,0.9999,1,1,GH807FZ,GH807FZ
2025-07-26_11-44-34-595_CB344AG-FRA.jpg,CB-344-AG,CB-344-AG,0.9993,1,1,CB344AG,CB344AG
2025-07-26_12-34-11-025_BN921WB-FRA.jpg,BN-921-WB,BN-921-WB,1.0000,1,1,BN921WB,BN921WB
2025-07-26_14-24-50-974_HB680ZD-FRA.jpg,HB680ZD,HB680ZD,0.9947,1,1,HB680ZD,HB680ZD
2025-07-26_09-18-23-309_BD888ZN-FRA.jpg,BD888ZN,BD888ZN,1.0000,1,1,BD888ZN,BD888ZN
2025-07-26_11-43-20-439_DX802DH-FRA.jpg,DX-802-DH,DX-802-DH,0.9983,1,1,DX802DH,DX802DH
2025-07-26_11-36-21-271_GV367NH-FRA.jpg,GV-367-NH,GV-367-NH,1.0000,1,1,GV367NH,GV367NH
2025-07-26_11-45-53-020_CM025JC-FRA.jpg,CM-025-JC.,CM-025-JC.,0.9982,1,1,CM025JC,CM025JC
2025-07-26_13-17-50-140_GN123YP-FRA.jpg,GN-123-YP,GN-123-YP,0.9675,1,1,GN123YP,GN123YP
2025-07-26_12-25-59-855_AX979QZ-FRA.jpg,AX-979-QZ,AX-979-QZ,0.9728,1,1,AX979QZ,AX979QZ
2025-07-26_14-20-46-464_HC528YN-FRA.jpg,HC-528-YN,HC-528-YN,0.9998,1,1,HC528YN,HC528YN
2025-07-26_14-00-48-461_GM037HC-FRA.jpg,GM-037-HC.,GM-037-HC.,0.9553,1,1,GM037HC,GM037HC
2025-07-26_11-36-23-760_GV367NH-FRA.jpg,GV-367-NH,GV-367-NH,0.9994,1,1,GV367NH,GV367NH
2025-07-26_16-26-24-058_EF034FE-FRA.jpg,EF-034-FE,EF-034-FE,1.0000,1,1,EF034FE,EF034FE
2025-07-26_11-39-20-743_EF388JG-FRA.jpg,EF388JG,EF388JG,0.9903,1,1,EF388JG,EF388JG
2025-07-26_12-26-10-192_FN906TQ-FRA.jpg,FN-906-TQ,FN-906-TQ,1.0000,1,1,FN906TQ,FN906TQ
2025-07-26_10-25-13-597_GF748SY-FRA.jpg,GF-748-SY,GF-748-SY,0.9995,1,1,GF748SY,GF748SY
2025-07-26_13-20-05-482_EF989RW-FRA.jpg,EF-989-RW,EF-989-RW,1.0000,1,1,EF989RW,EF989RW
2025-07-26_09-25-33-016_GK060VQ-FRA.jpg,GK-060-VQ,GK-060-VQ,0.9999,1,1,GK060VQ,GK060VQ
2025-07-26_10-41-25-293_GP145TR-FRA.jpg,GP-145-TR,GP-145-TR,0.9492,1,1,GP145TR,GP145TR
2025-07-26_11-25-17-447_FE528EA-FRA.jpg,FE-528-EA,FE-528-EA,1.0000,1,1,FE528EA,FE528EA
2025-07-26_14-08-32-942_FJ018QC-FRA.jpg,.FJ-018-QC,.FJ-018-QC,0.9883,1,1,FJ018QC,FJ018QC
2025-07-26_13-09-26-138_EF761YY-FRA.jpg,EF-761-YY.,EF-761-YY.,0.9992,1,1,EF761YY,EF761YY
2025-07-26_10-52-22-463_GC791CE-FRA.jpg,GC-791-CE,GC-791-CE,0.9999,1,1,GC791CE,GC791CE
2025-07-26_14-51-25-442_ET945AX-FRA.jpg,ET-945-AX,ET-945-AX,0.9988,1,1,ET945AX,ET945AX
2025-07-26_10-32-40-320_DZ052XE-FRA.jpg,DZ-052-XE.,DZ-052-XE.,0.9983,1,1,DZ052XE,DZ052XE
2025-07-26_09-59-20-007_DL886FG-FRA.jpg,DL-886-FG,DL-886-FG,0.9996,1,1,DL886FG,DL886FG
2025-07-26_10-31-52-959_DB790AN-FRA.jpg,DB-790-AN,DB-790-AN,0.9464,1,1,DB790AN,DB790AN
2025-07-26_09-41-07-710_DQ226VE-FRA.jpg,DQ-226-VE,DQ-226-VE,1.0000,1,1,DQ226VE,DQ226VE
2025-07-26_14-18-35-922_FQ657MG-FRA.jpg,FQ-657-MG,FQ-657-MG,0.9982,1,1,FQ657MG,FQ657MG
2025-07-26_13-58-25-666_CA478SQ-FRA.jpg,CA-478-SQ,CA-478-SQ,1.0000,1,1,CA478SQ,CA478SQ
2025-07-26_12-49-11-683_ES663RW-FRA.jpg,ES-663-RW,ES-663-RW,0.9853,1,1,ES663RW,ES663RW
2025-07-26_12-07-34-815_FM272EL-FRA.jpg,FM-272-EL.,FM-272-EL.,0.9997,1,1,FM272EL,FM272EL
2025-07-26_12-57-27-108_FH374VH-FRA.jpg,FH-374-VH,FH-374-VH,0.9765,1,1,FH374VH,FH374VH
2025-07-26_11-32-08-275_AM792PM-FRA.jpg,AM-792-PM,AM-792-PM,0.9999,1,1,AM792PM,AM792PM
2025-07-26_18-14-07-256_GG254VZ-FRA.jpg,GG-254-VZ,GG-254-VZ,0.9488,1,1,GG254VZ,GG254VZ
2025-07-26_12-54-54-439_BE365LQ-FRA.jpg,BE-365-LQ,BE-365-LQ,1.0000,1,1,BE365LQ,BE365LQ
2025-07-26_10-50-27-745_GB332AN-FRA.jpg,GB-332-AN.,GB-332-AN.,0.9990,1,1,GB332AN,GB332AN
2025-07-26_15-59-13-013_GT378GF-FRA.jpg,GT-378-GF,GT-378-GF,0.9992,1,1,GT378GF,GT378GF
2025-07-26_11-36-30-516_DV282ZY-FRA.jpg,DV-282-ZY.,DV-282-ZY.,1.0000,1,1,DV282ZY,DV282ZY
2025-07-26_16-42-19-560_EX653ZT-FRA.jpg,EX-653-ZT,EX-653-ZT,1.0000,1,1,EX653ZT,EX653ZT
2025-07-26_10-18-39-647_EV309WL-FRA.jpg,EV-309-WL,EV-309-WL,1.0000,1,1,EV309WL,EV309WL
2025-07-26_09-47-18-983_HD264ZH-FRA.jpg,HD-264-ZH,HD-264-ZH,0.9953,1,1,HD264ZH,HD264ZH
2025-07-26_16-39-40-941_AE239PJ-FRA.jpg,AE-239-PJ,AE-239-PJ,1.0000,1,1,AE239PJ,AE239PJ
2025-07-26_15-05-38-262_FF510KE-FRA.jpg,FF-510-KE,FF-510-KE,1.0000,1,1,FF510KE,FF510KE
2025-07-26_10-41-01-067_AM651ND-FRA.jpg,AM-651-ND,AM-651-ND,0.9998,1,1,AM651ND,AM651ND
2025-07-26_13-09-08-511_HE342LZ-FRA.jpg,HE-342-LZ,HE-342-LZ,1.0000,1,1,HE342LZ,HE342LZ
2025-07-26_17-14-24-562_DY230GL-FRA.jpg,DY-230-GL,DY-230-GL,0.9994,1,1,DY230GL,DY230GL
2025-07-26_09-41-00-034_AH366LQ-FRA.jpg,AH-366-LQ,AH-366-LQ,1.0000,1,1,AH366LQ,AH366LQ
2025-07-26_09-21-37-793_CN250SJ-FRA.jpg,CN-250-SJ,CN-250-SJ,0.9783,1,1,CN250SJ,CN250SJ
2025-07-26_11-22-01-505_AS097PN-FRA.jpg,AS-097-PN,AS-097-PN,0.9975,1,1,AS097PN,AS097PN
2025-07-26_13-19-40-650_GS132WA-FRA.jpg,.GS-132-WA.,.GS-132-WA.,0.9878,1,1,GS132WA,GS132WA
2025-07-26_10-36-56-068_DJ469NC-FRA.jpg,DJ-469NC,DJ-469NC,0.9999,1,1,DJ469NC,DJ469NC
2025-07-26_09-53-42-464_DZ525EC-FRA.jpg,DZ-525-EC,DZ-525-EC,0.9988,1,1,DZ525EC,DZ525EC
2025-07-26_11-13-32-893_CK853WY-FRA.jpg,CK-853-WY,CK-853-WY,1.0000,1,1,CK853WY,CK853WY
2025-07-26_10-21-31-191_DX660ZR-FRA.jpg,DX-660-ZR,DX-660-ZR,0.9996,1,1,DX660ZR,DX660ZR
2025-07-26_16-46-43-234_GS780EQ-FRA.jpg,GS-780-EQ,GS-780-EQ,1.0000,1,1,GS780EQ,GS780EQ
2025-07-26_14-24-06-225_AK420BM-FRA.jpg,AK-420-BM,AK-420-BM,0.9997,1,1,AK420BM,AK420BM
2025-07-26_10-05-42-329_BA123TJ-FRA.jpg,BA-123-TJ,BA-123-TJ,1.0000,1,1,BA123TJ,BA123TJ
2025-07-26_12-29-10-134_CJ601TA-FRA.jpg,CJ-601-TA,CJ-601-TA,1.0000,1,1,CJ601TA,CJ601TA
2025-07-26_16-21-44-451_ET044WF-FRA.jpg,ET-044-WF,ET-044-WF,1.0000,1,1,ET044WF,ET044WF
2025-07-26_12-59-27-967_DJ385FK-FRA.jpg,DJ-385-FK,DJ-385-FK,0.9982,1,1,DJ385FK,DJ385FK
2025-07-26_14-16-34-109_GM469LD-FRA.jpg,GM-469-LD,GM-469-LD,0.9996,1,1,GM469LD,GM469LD
2025-07-26_12-33-50-637_ES615PR-FRA.jpg,ES-615-PR,ES-615-PR,0.9966,1,1,ES615PR,ES615PR
2025-07-26_12-05-23-829_EY282ST-FRA.jpg,EY-282-ST,EY-282-ST,0.9597,1,1,EY282ST,EY282ST
2025-07-26_12-22-52-691_DV300AH-FRA.jpg,DV-300-AH,DV-300-AH,0.9718,1,1,DV300AH,DV300AH
2025-07-26_11-44-11-775_GF609ND-FRA.jpg,GF-609-ND,GF-609-ND,0.9942,1,1,GF609ND,GF609ND
2025-07-26_15-50-01-924_GQ365ME-FRA.jpg,GQ-365-ME,GQ-365-ME,0.9997,1,1,GQ365ME,GQ365ME
2025-07-26_11-33-15-511_FE415NQ-FRA.jpg,FE-415-NQ,FE-415-NQ,0.9999,1,1,FE415NQ,FE415NQ
2025-07-26_09-56-50-944_HC374WM-FRA.jpg,HC-374-WM,HC-374-WM,1.0000,1,1,HC374WM,HC374WM
2025-07-26_12-43-47-677_GL786JV-FRA.jpg,GL-786-JV,GL-786-JV,0.9997,1,1,GL786JV,GL786JV
2025-07-26_14-12-22-750_BW704ZZ-FRA.jpg,BW-704-ZZ,BW-704-ZZ,1.0000,1,1,BW704ZZ,BW704ZZ
2025-07-26_12-49-35-244_AA220KL-FRA.jpg,AA-220-KL,AA-220-KL,0.9988,1,1,AA220KL,AA220KL
2025-07-26_14-26-50-626_DR958BR-FRA.jpg,DR.958BR,DR.958BR,0.9910,1,1,DR958BR,DR958BR
2025-07-26_10-04-54-859_AQ506DM-FRA.jpg,AQ-506-DM,AQ-506-DM,0.9988,1,1,AQ506DM,AQ506DM
2025-07-26_16-12-57-083_ED558EK-FRA.jpg,ED-558-EK.,ED-558-EK.,1.0000,1,1,ED558EK,ED558EK
2025-07-26_12-54-34-106_GL564DC-FRA.jpg,GL-564-DC,GL-564-DC,0.9952,1,1,GL564DC,GL564DC
2025-07-26_15-13-47-430_GJ680SN-FRA.jpg,GJ-680-SN,GJ-680-SN,1.0000,1,1,GJ680SN,GJ680SN
2025-07-26_12-31-17-409_DE164DF-FRA.jpg,DE-164-DF,DE-164-DF,0.9999,1,1,DE164DF,DE164DF
2025-07-26_15-11-42-166_DR864ET-FRA.jpg,DR-864-ET,DR-864-ET,0.9974,1,1,DR864ET,DR864ET
2025-07-26_13-31-52-883_AV666HL-FRA.jpg,AV-666-HL,AV-666-HL,0.9996,1,1,AV666HL,AV666HL
2025-07-26_09-04-11-209_BY636VN-FRA.jpg,BY-636-VN,BY-636-VN,0.9667,1,1,BY636VN,BY636VN
2025-07-26_09-55-17-956_AW949KM-FRA.jpg,AW-949-KM,AW-949-KM,0.9939,1,1,AW949KM,AW949KM
2025-07-26_13-32-14-912_EA608WH-FRA.jpg,EA.608.WH,EA.608.WH,0.9998,1,1,EA608WH,EA608WH
2025-07-26_14-24-52-207_GE769QX-FRA.jpg,GE-769-QX,GE-769-QX,0.9992,1,1,GE769QX,GE769QX
2025-07-26_17-24-45-869_GT808WX-FRA.jpg,GT-808-WX,GT-808-WX,1.0000,1,1,GT808WX,GT808WX
2025-07-26_09-12-51-624_HA949KC-FRA.jpg,HA-949-KC,HA-949-KC,1.0000,1,1,HA949KC,HA949KC
2025-07-26_16-27-17-126_GG085ZJ-FRA.jpg,GG-085-ZJ,GG-085-ZJ,1.0000,1,1,GG085ZJ,GG085ZJ
2025-07-26_10-16-09-825_FX247QM-FRA.jpg,FX-247-QM,FX-247-QM,0.9967,1,1,FX247QM,FX247QM
2025-07-26_10-16-21-858_BT825VC-FRA.jpg,BT.825.VC,BT.825.VC,0.9991,1,1,BT825VC,BT825VC
2025-07-26_15-35-31-890_DA318VN-FRA.jpg,DA-318-VN,DA-318-VN,1.0000,1,1,DA318VN,DA318VN
2025-07-26_16-40-01-195_HD435VC-FRA.jpg,HD-435-VC,HD-435-VC,1.0000,1,1,HD435VC,HD435VC
2025-07-26_12-10-23-590_DY297NZ-FRA.jpg,DY-297-NZ,DY-297-NZ,0.9566,1,1,DY297NZ,DY297NZ
2025-07-26_11-16-35-121_HB553BV-FRA.jpg,HB-553-BV,HB-553-BV,0.9999,1,1,HB553BV,HB553BV
2025-07-26_13-44-53-663_GS384CC-FRA.jpg,GS-384-CC,GS-384-CC,0.9990,1,1,GS384CC,GS384CC
2025-07-26_11-20-13-942_EH677XA-FRA.jpg,EH-677-XA,EH-677-XA,1.0000,1,1,EH677XA,EH677XA
2025-07-26_15-32-22-562_AC696CY-FRA.jpg,AC-696-CY,AC-696-CY,0.9999,1,1,AC696CY,AC696CY
2025-07-26_14-43-00-320_GG957MQ-FRA.jpg,GG-957-MQ,GG-957-MQ,0.9999,1,1,GG957MQ,GG957MQ
2025-07-26_13-11-29-315_AW209AK-FRA.jpg,AW-209-AK.,AW-209-AK.,0.9996,1,1,AW209AK,AW209AK
2025-07-26_16-39-50-174_HD041YM-FRA.jpg,HD-041-YM,HD-041-YM,1.0000,1,1,HD041YM,HD041YM
2025-07-26_09-05-02-979_CY162KZ-ITA.jpg,CY-162-KZ,CY-162-KZ,0.9997,1,1,CY162KZ,CY162KZ
2025-07-26_11-38-37-812_CC413CC-FRA.jpg,CC-413-CC,CC-413-CC,0.9967,1,1,CC413CC,CC413CC
2025-07-26_14-59-33-044_BM757XB-FRA.jpg,BM-757-XB,BM-757-XB,0.9902,1,1,BM757XB,BM757XB
2025-07-26_14-51-56-486_GP936DE-FRA.jpg,GP-936-DE,GP-936-DE,0.9999,1,1,GP936DE,GP936DE
2025-07-26_10-57-37-576_DS581QA-FRA.jpg,DS-581-QA,DS-581-QA,0.9999,1,1,DS581QA,DS581QA
2025-07-26_09-24-04-187_HC868YF-FRA.jpg,HC868-YF,HC868-YF,0.9974,1,1,HC868YF,HC868YF
2025-07-26_12-57-17-887_CZ143DW-FRA.jpg,CZ-143-DW,CZ-143-DW,0.9682,1,1,CZ143DW,CZ143DW
2025-07-26_12-08-54-794_GK047WH-FRA.jpg,GK-047-WH,GK-047-WH,1.0000,1,1,GK047WH,GK047WH
2025-07-26_16-53-37-534_FW759FG-FRA.jpg,FW-759-FG,FW-759-FG,1.0000,1,1,FW759FG,FW759FG
2025-07-26_11-39-12-397_CZ664MS-FRA.jpg,CZ-664-MS,CZ-664-MS,1.0000,1,1,CZ664MS,CZ664MS
2025-07-26_10-16-10-837_FX247QM-FRA.jpg,FX-247-QM,FX-247-QM,1.0000,1,1,FX247QM,FX247QM
2025-07-26_10-55-55-234_GX197NA-FRA.jpg,GX-197-NA,GX-197-NA,0.9932,1,1,GX197NA,GX197NA
2025-07-26_09-29-53-631_GV198QJ-FRA.jpg,GV-198-QJ,GV-198-QJ,0.9284,1,1,GV198QJ,GV198QJ
2025-07-26_17-49-32-920_DH817DB-FRA.jpg,DH-817-DB,DH-817-DB,0.9785,1,1,DH817DB,DH817DB
2025-07-26_12-53-38-346_CS426JR-FRA.jpg,CS-426-JR,CS-426-JR,1.0000,1,1,CS426JR,CS426JR
2025-07-26_11-42-55-064_AG313VK-FRA.jpg,AG-313-VK,AG-313-VK,1.0000,1,1,AG313VK,AG313VK
2025-07-26_12-12-13-059_FH537BW-FRA.jpg,FH-537-BW,FH-537-BW,0.9957,1,1,FH537BW,FH537BW
2025-07-26_09-53-28-307_CJ139NJ-FRA.jpg,CJ139NJ,CJ139NJ,1.0000,1,1,CJ139NJ,CJ139NJ
2025-07-26_10-05-10-815_BQ163CH-FRA.jpg,BQ-163-CH,BQ-163-CH,0.9449,1,1,BQ163CH,BQ163CH
2025-07-26_11-03-11-217_CB711ET-FRA.jpg,CB-711-ET,CB-711-ET,0.9967,1,1,CB711ET,CB711ET
2025-07-26_10-36-57-308_AR909TD-FRA.jpg,AR-909-TD,AR-909-TD,0.9998,1,1,AR909TD,AR909TD
2025-07-26_14-37-00-601_HD182VZ-FRA.jpg,HD-182-VZ,HD-182-VZ,1.0000,1,1,HD182VZ,HD182VZ
2025-07-26_09-03-41-209_GB811ZX-FRA.jpg,GB-811-ZX,GB-811-ZX,0.9999,1,1,GB811ZX,GB811ZX
2025-07-26_13-09-04-569_GX304DZ-FRA.jpg,GX-304-DZ,GX-304-DZ,0.9949,1,1,GX304DZ,GX304DZ
2025-07-26_10-31-12-883_2210XC85-FRA.jpg,2210XC-85,2210XC-85,0.9998,1,1,2210XC85,2210XC85
2025-07-26_11-06-27-113_DE945HQ-FRA.jpg,DE-945-HQ,DE-945-HQ,0.9986,1,1,DE945HQ,DE945HQ
2025-07-26_14-41-54-941_BV110RL-FRA.jpg,BV-110-RL,BV-110-RL,0.9626,1,1,BV110RL,BV110RL
2025-07-26_10-13-12-653_BF535ER-FRA.jpg,BF-535-ER,BF-535-ER,1.0000,1,1,BF535ER,BF535ER
2025-07-26_12-08-42-127_GA935NT-FRA.jpg,GA-935-NT,GA-935-NT,1.0000,1,1,GA935NT,GA935NT
2025-07-26_13-24-50-184_DW133NQ-FRA.jpg,DW-133-NQ,DW-133-NQ,0.9996,1,1,DW133NQ,DW133NQ
2025-07-26_14-34-44-450_HB662AZ-FRA.jpg,HB-662-AZ.,HB-662-AZ.,0.9895,1,1,HB662AZ,HB662AZ
2025-07-26_11-55-36-809_AC039ZJ-FRA.jpg,AC-039-ZJ,AC-039-ZJ,0.9955,1,1,AC039ZJ,AC039ZJ
2025-07-26_10-40-51-037_FW723EB-FRA.jpg,FW-723-EB,FW-723-EB,0.9977,1,1,FW723EB,FW723EB
2025-07-26_17-49-53-899_EB271ZY-FRA.jpg,EB-271-ZY.,EB-271-ZY.,0.9956,1,1,EB271ZY,EB271ZY
2025-07-26_16-10-57-049_FW078MX-FRA.jpg,FW-078-MX,FW-078-MX,0.9991,1,1,FW078MX,FW078MX
2025-07-26_12-33-17-311_AK901TY-FRA.jpg,AK-901-TY,AK-901-TY,0.9956,1,1,AK901TY,AK901TY
2025-07-26_12-51-16-687_GC099KY-FRA.jpg,GC-099-KY,GC-099-KY,0.9916,1,1,GC099KY,GC099KY
2025-07-26_09-21-27-249_AN908KV-FRA.jpg,AN-908-KV,AN-908-KV,1.0000,1,1,AN908KV,AN908KV
2025-07-26_12-35-36-025_FZ158WC-FRA.jpg,FZ-158-WC,FZ-158-WC,0.9991,1,1,FZ158WC,FZ158WC
2025-07-26_10-29-58-555_DL435CX-FRA.jpg,DL-435CX.,DL-435CX.,0.9986,1,1,DL435CX,DL435CX
2025-07-26_10-52-39-251_GW732PA-FRA.jpg,GW-732-PA.,GW-732-PA.,0.9999,1,1,GW732PA,GW732PA
2025-07-26_10-29-23-160_ED971YJ-FRA.jpg,ED-971-YJ,ED-971-YJ,0.9999,1,1,ED971YJ,ED971YJ
2025-07-26_12-41-19-275_BR047FS-FRA.jpg,BR-047-FS,BR-047-FS,0.9991,1,1,BR047FS,BR047FS
2025-07-26_10-27-24-884_CC573ES-FRA.jpg,CC-573-ES,CC-573-ES,1.0000,1,1,CC573ES,CC573ES
2025-07-26_10-05-37-316_BY761YP-FRA.jpg,BY-761-YP,BY-761-YP,0.9628,1,1,BY761YP,BY761YP
2025-07-26_11-44-11-347_BL914FV-FRA.jpg,BL-914-FV,BL-914-FV,1.0000,1,1,BL914FV,BL914FV
2025-07-26_09-14-43-678_DV617CG-FRA.jpg,DV.617-CG,DV.617-CG,0.9994,1,1,DV617CG,DV617CG
2025-07-26_15-20-57-991_BG708QC-FRA.jpg,BG-708-QC,BG-708-QC,0.9751,1,1,BG708QC,BG708QC
2025-07-26_11-31-09-334_BT491ZM-FRA.jpg,BT-491-ZM,BT-491-ZM,0.9996,1,1,BT491ZM,BT491ZM
2025-07-26_11-22-07-250_EG691KV-FRA.jpg,EG-691-KV,EG-691-KV,0.9997,1,1,EG691KV,EG691KV
2025-07-26_16-08-05-353_BV518QK-FRA.jpg,BV-518-QK,BV-518-QK,0.9999,1,1,BV518QK,BV518QK
2025-07-26_10-08-23-497_AD198JA-FRA.jpg,AD-198-JA,AD-198-JA,0.9776,1,1,AD198JA,AD198JA
2025-07-26_17-19-58-145_BW462KS-FRA.jpg,BW-462-KS,BW-462-KS,0.9686,1,1,BW462KS,BW462KS
2025-07-26_09-22-44-708_FE786HD-FRA.jpg,FE-786-HD.,FE-786-HD.,1.0000,1,1,FE786HD,FE786HD
2025-07-26_12-26-14-607_DC037GL-FRA.jpg,DC-037-GL.,DC-037-GL.,0.9999,1,1,DC037GL,DC037GL
2025-07-26_12-18-56-920_AN939VB-FRA.jpg,AN-939-VB,AN-939-VB,1.0000,1,1,AN939VB,AN939VB
2025-07-26_11-18-03-358_WW007GZ-FRA.jpg,WW-007-GZ,WW-007-GZ,0.9896,1,1,WW007GZ,WW007GZ
2025-07-26_11-29-17-263_GH807FZ-FRA.jpg,GH-807-FZ,GH-807-FZ,0.9980,1,1,GH807FZ,GH807FZ
2025-07-26_11-13-38-504_CT419LF-FRA.jpg,CT-419-LF,CT-419-LF,0.9946,1,1,CT419LF,CT419LF
2025-07-26_14-08-44-461_DE475GF-FRA.jpg,DE.475.GF,DE.475.GF,0.9532,1,1,DE475GF,DE475GF
2025-07-26_10-33-09-834_DN565QK-FRA.jpg,DN-565-QK,DN-565-QK,0.9445,1,1,DN565QK,DN565QK
2025-07-26_13-49-13-981_BW578JW-FRA.jpg,BW-578-JW,BW-578-JW,1.0000,1,1,BW578JW,BW578JW
2025-07-26_16-38-44-714_HA280HC-FRA.jpg,HA-280-HC,HA-280-HC,1.0000,1,1,HA280HC,HA280HC
2025-07-26_09-19-19-849_EL271MJ-FRA.jpg,EL.271.MJ,EL.271.MJ,0.9937,1,1,EL271MJ,EL271MJ
2025-07-26_15-54-44-680_DQ292LT-FRA.jpg,DQ-292-LT,DQ-292-LT,1.0000,1,1,DQ292LT,DQ292LT
2025-07-26_09-17-02-388_GW164KN-FRA.jpg,GW-164-KN,GW-164-KN,0.9995,1,1,GW164KN,GW164KN
2025-07-26_13-50-26-834_GE967BP-FRA.jpg,GE967BP,GE967BP,1.0000,1,1,GE967BP,GE967BP
2025-07-26_10-33-02-549_EN549FF-FRA.jpg,EN-549-FF,EN-549-FF,0.9844,1,1,EN549FF,EN549FF
2025-07-26_12-12-35-737_FT730DG-FRA.jpg,FT-730DG,FT-730DG,1.0000,1,1,FT730DG,FT730DG
2025-07-26_10-20-32-250_DH041CF-FRA.jpg,DH-041-CF.,DH-041-CF.,0.9991,1,1,DH041CF,DH041CF
2025-07-26_11-53-10-085_HB571VT-FRA.jpg,HB-571-VT,HB-571-VT,0.9467,1,1,HB571VT,HB571VT
2025-07-26_14-57-13-933_BC315GK-FRA.jpg,BC-315-GK,BC-315-GK,1.0000,1,1,BC315GK,BC315GK
2025-07-26_17-32-17-477_AJ274TP-FRA.jpg,AJ-274-TP,AJ-274-TP,0.9996,1,1,AJ274TP,AJ274TP
2025-07-26_16-06-31-179_HA750NG-FRA.jpg,HA-750-NG,HA-750-NG,0.9999,1,1,HA750NG,HA750NG
2025-07-26_10-15-37-095_FD470ZS-FRA.jpg,FD-470-ZS,FD-470-ZS,0.9551,1,1,FD470ZS,FD470ZS
2025-07-26_09-03-41-905_CF145JG-FRA.jpg,CF-145-JG,CF-145-JG,0.9631,1,1,CF145JG,CF145JG
2025-07-26_11-19-32-953_WW068HF-FRA.jpg,WW-068-HF,WW-068-HF,0.9998,1,1,WW068HF,WW068HF
2025-07-26_09-58-27-702_EH588WD-FRA.jpg,EH-588-WD,EH-588-WD,1.0000,1,1,EH588WD,EH588WD
2025-07-26_12-11-12-113_BT352JD-FRA.jpg,BT.352.JD,BT.352.JD,0.9998,1,1,BT352JD,BT352JD
2025-07-26_10-52-43-251_WW050CW-FRA.jpg,WW-050-CW,WW-050-CW,1.0000,1,1,WW050CW,WW050CW
2025-07-26_16-28-00-287_GN877WS-FRA.jpg,GN877WS,GN877WS,1.0000,1,1,GN877WS,GN877WS
2025-07-26_11-21-19-564_CC248CA-FRA.jpg,CC-248-CA,CC-248-CA,0.9901,1,1,CC248CA,CC248CA
2025-07-26_11-27-07-612_GA488AS-FRA.jpg,GA-488-AS,GA-488-AS,0.9995,1,1,GA488AS,GA488AS
2025-07-26_10-26-06-594_EH630VT-FRA.jpg,EH-630-VT,EH-630-VT,0.9696,1,1,EH630VT,EH630VT
2025-07-26_10-58-04-455_DV973ZQ-FRA.jpg,DV-973-ZQ,DV-973-ZQ,0.9986,1,1,DV973ZQ,DV973ZQ
2025-07-26_10-35-18-498_DJ782WL-FRA.jpg,.DJ-782-WL.,.DJ-782-WL.,0.9747,1,1,DJ782WL,DJ782WL
2025-07-26_10-28-15-533_DF450HV-FRA.jpg,DF-450-HV,DF-450-HV,1.0000,1,1,DF450HV,DF450HV
2025-07-26_11-14-54-323_GW089KX-FRA.jpg,GW-089-KX,GW-089-KX,0.9998,1,1,GW089KX,GW089KX
2025-07-26_11-47-33-847_EW511CA-FRA.jpg,EW-511-CA,EW-511-CA,1.0000,1,1,EW511CA,EW511CA
2025-07-26_10-07-02-556_DG973FW-FRA.jpg,DG-973-FW,DG-973-FW,1.0000,1,1,DG973FW,DG973FW
2025-07-26_09-34-10-681_DQ745ZZ-FRA.jpg,DQ-745-ZZ,DQ-745-ZZ,0.9999,1,1,DQ745ZZ,DQ745ZZ
2025-07-26_14-50-16-150_EX597GJ-FRA.jpg,EX-597-GJ,EX-597-GJ,1.0000,1,1,EX597GJ,EX597GJ
2025-07-26_11-35-07-446_AA860MV-FRA.jpg,AA-860-MV,AA-860-MV,0.9548,1,1,AA860MV,AA860MV
2025-07-26_13-19-11-291_GN172NK-FRA.jpg,GN-172-NK.,GN-172-NK.,0.9962,1,1,GN172NK,GN172NK
2025-07-26_10-04-54-107_AS264ZQ-FRA.jpg,AS-264-ZQ,AS-264-ZQ,0.9767,1,1,AS264ZQ,AS264ZQ
2025-07-26_10-27-07-728_GT483TM-FRA.jpg,GT-483-TM,GT-483-TM,0.9990,1,1,GT483TM,GT483TM
2025-07-26_09-19-40-873_DL704XM-FRA.jpg,DL-704-XM,DL-704-XM,0.9527,1,1,DL704XM,DL704XM
2025-07-26_15-06-20-815_GS361LD-FRA.jpg,GS-361.LD,GS-361.LD,0.9894,1,1,GS361LD,GS361LD
2025-07-26_15-57-20-901_GD594YT-FRA.jpg,GD-594-YT,GD-594-YT,0.9995,1,1,GD594YT,GD594YT
2025-07-26_13-04-14-518_AA853VP-FRA.jpg,AA-853-VP,AA-853-VP,0.9945,1,1,AA853VP,AA853VP
2025-07-26_11-03-31-708_FA437HL-FRA.jpg,FA-437-HL.,FA-437-HL.,0.9997,1,1,FA437HL,FA437HL
2025-07-26_11-29-35-525_FZ784KB-FRA.jpg,FZ-784-KB,FZ-784-KB,0.9999,1,1,FZ784KB,FZ784KB
2025-07-26_11-39-32-031_GS613HW-FRA.jpg,GS-613-HW,GS-613-HW,0.9990,1,1,GS613HW,GS613HW
2025-07-26_12-13-41-509_DF341AV-FRA.jpg,DF-341-AV,DF-341-AV,0.9894,1,1,DF341AV,DF341AV
2025-07-26_12-59-45-247_DM813HE-FRA.jpg,DM-813-HE,DM-813-HE,1.0000,1,1,DM813HE,DM813HE
2025-07-26_13-40-06-590_GW417ML-FRA.jpg,GW-417-ML.,GW-417-ML.,0.9772,1,1,GW417ML,GW417ML
2025-07-26_11-45-52-482_EA575PK-FRA.jpg,EA-575-PK,EA-575-PK,1.0000,1,1,EA575PK,EA575PK
2025-07-26_10-34-57-671_CT718FT-FRA.jpg,CT-718-FT,CT-718-FT,0.9665,1,1,CT718FT,CT718FT
2025-07-26_10-00-13-845_FB585MM-FRA.jpg,FB585.MM,FB585.MM,0.9984,1,1,FB585MM,FB585MM
2025-07-26_10-55-45-192_CP910HJ-FRA.jpg,.CP-910-HJ,.CP-910-HJ,0.9999,1,1,CP910HJ,CP910HJ
2025-07-26_10-36-48-155_FS047ZT-FRA.jpg,FS-047-ZT.,FS-047-ZT.,0.9996,1,1,FS047ZT,FS047ZT
2025-07-26_16-35-00-062_AY864VG-FRA.jpg,AY-864-VG,AY-864-VG,0.9998,1,1,AY864VG,AY864VG
2025-07-26_09-51-57-186_DP761XZ-FRA.jpg,DP-761-XZ,DP-761-XZ,1.0000,1,1,DP761XZ,DP761XZ
2025-07-26_16-31-52-704_GY840NH-FRA.jpg,GY-840-NH,GY-840-NH,0.9983,1,1,GY840NH,GY840NH
2025-07-26_15-01-13-918_645CBS95-FRA.jpg,645CBS95,645CBS95,0.9855,1,1,645CBS95,645CBS95
2025-07-26_10-43-45-552_BR391JY-FRA.jpg,BR.391.JY,BR.391.JY,1.0000,1,1,BR391JY,BR391JY
2025-07-26_13-24-21-621_CA641FS-ITA.jpg,CA-641-FS,CA-641-FS,1.0000,1,1,CA641FS,CA641FS
2025-07-26_13-16-38-718_GH347HQ-FRA.jpg,GH-347-HQ,GH-347-HQ,0.9998,1,1,GH347HQ,GH347HQ
2025-07-26_12-21-19-090_BN631EL-FRA.jpg,BN-631-EL,BN-631-EL,1.0000,1,1,BN631EL,BN631EL
2025-07-26_11-41-25-783_GT668WA-FRA.jpg,GT-668-WA,GT-668-WA,0.9697,1,1,GT668WA,GT668WA
2025-07-26_14-10-36-278_HB545SK-FRA.jpg,HB-545-SK,HB-545-SK,0.9801,1,1,HB545SK,HB545SK
2025-07-26_10-06-10-565_FP959SV-FRA.jpg,FP-959-SV,FP-959-SV,0.9999,1,1,FP959SV,FP959SV
2025-07-26_10-39-58-988_AN401CJ-FRA.jpg,AN-401-CJ,AN-401-CJ,0.9680,1,1,AN401CJ,AN401CJ
2025-07-26_14-20-13-633_GG088KZ-FRA.jpg,GG-088-KZ,GG-088-KZ,0.9877,1,1,GG088KZ,GG088KZ
2025-07-26_09-10-02-147_GQ895FG-FRA.jpg,GQ-895-FG,GQ-895-FG,0.9999,1,1,GQ895FG,GQ895FG
2025-07-26_10-22-20-908_DP618FZ-FRA.jpg,DP-618-FZ,DP-618-FZ,0.9992,1,1,DP618FZ,DP618FZ
2025-07-26_18-01-31-569_DN404BS-FRA.jpg,DN-404-BS,DN-404-BS,0.9985,1,1,DN404BS,DN404BS
2025-07-26_11-11-35-427_GW688FJ-FRA.jpg,GW-688-FJ,GW-688-FJ,0.9999,1,1,GW688FJ,GW688FJ
2025-07-26_11-55-40-289_EQ899DZ-FRA.jpg,EQ-899-DZ,EQ-899-DZ,0.9153,1,1,EQ899DZ,EQ899DZ
2025-07-26_14-52-22-627_GP050HG-FRA.jpg,GP-050-HG,GP-050-HG,0.9956,1,1,GP050HG,GP050HG
2025-07-26_09-48-04-144_3269YP93-FRA.jpg,.3269YP93,.3269YP93,0.9768,1,1,3269YP93,3269YP93
2025-07-26_10-57-02-515_BT183YM-FRA.jpg,BT-183-YM,BT-183-YM,0.9544,1,1,BT183YM,BT183YM
2025-07-26_11-37-46-956_GH799CG-FRA.jpg,GH-799-CG.,GH-799-CG.,0.9595,1,1,GH799CG,GH799CG
2025-07-26_16-01-16-258_CW815DB-FRA.jpg,CW-815-DB,CW-815-DB,1.0000,1,1,CW815DB,CW815DB
2025-07-26_15-24-32-756_EP092RR-FRA.jpg,EP-092-RR.,EP-092-RR.,0.9997,1,1,EP092RR,EP092RR
2025-07-26_10-12-41-523_CW941WJ-FRA.jpg,CW-941-WJ,CW-941-WJ,1.0000,1,1,CW941WJ,CW941WJ
2025-07-26_12-11-47-746_AD907JQ-FRA.jpg,AD-907-JQ,AD-907-JQ,1.0000,1,1,AD907JQ,AD907JQ
2025-07-26_16-57-12-751_DK743HH-FRA.jpg,DK-743-HH,DK-743-HH,1.0000,1,1,DK743HH,DK743HH
2025-07-26_11-36-26-143_GR174ZC-FRA.jpg,GR-174-ZC,GR-174-ZC,0.9999,1,1,GR174ZC,GR174ZC
2025-07-26_17-11-04-445_FP437BS-FRA.jpg,FP-437-BS,FP-437-BS,0.9994,1,1,FP437BS,FP437BS
2025-07-26_13-09-13-419_AJ065GN-FRA.jpg,AJ-065-GN,AJ-065-GN,1.0000,1,1,AJ065GN,AJ065GN
2025-07-26_12-58-28-611_GQ124FW-FRA.jpg,GQ-124-FW,GQ-124-FW,0.9988,1,1,GQ124FW,GQ124FW
2025-07-26_11-26-49-612_ER864VT-FRA.jpg,ER-864-VT,ER-864-VT,1.0000,1,1,ER864VT,ER864VT
2025-07-26_11-37-52-476_GL361JQ-FRA.jpg,GL-361-JQ,GL-361-JQ,0.9968,1,1,GL361JQ,GL361JQ
2025-07-26_13-37-59-952_EN686TY-FRA.jpg,EN-686-TY,EN-686-TY,0.9997,1,1,EN686TY,EN686TY
2025-07-26_18-01-24-844_CS159YY-FRA.jpg,CS-159-YY,CS-159-YY,0.9999,1,1,CS159YY,CS159YY
2025-07-26_17-59-04-927_BJ258AM-FRA.jpg,BJ258AM,BJ258AM,1.0000,1,1,BJ258AM,BJ258AM
2025-07-26_12-15-48-058_GG226HN-FRA.jpg,GG-226-HN,GG-226-HN,0.9995,1,1,GG226HN,GG226HN
2025-07-26_10-25-11-925_GZ768GS-FRA.jpg,GZ-768-GS,GZ-768-GS,1.0000,1,1,GZ768GS,GZ768GS
2025-07-26_18-06-59-129_DG080XZ-FRA.jpg,DG-080-XZ,DG-080-XZ,1.0000,1,1,DG080XZ,DG080XZ
2025-07-26_16-03-09-642_DS880VT-FRA.jpg,DS-880-VT,DS-880-VT,0.9978,1,1,DS880VT,DS880VT
2025-07-26_12-37-51-345_HD797DL-FRA.jpg,HD-797-DL.,HD-797-DL.,0.9999,1,1,HD797DL,HD797DL
2025-07-26_11-25-05-885_GN622XA-FRA.jpg,GN-622-XA,GN-622-XA,0.9999,1,1,GN622XA,GN622XA
2025-07-26_10-16-57-159_FV591YL-FRA.jpg,FV.591.YL,FV.591.YL,0.9326,1,1,FV591YL,FV591YL
2025-07-26_14-30-14-876_EH174PM-FRA.jpg,.EH-174-PM.,.EH-174-PM.,0.9985,1,1,EH174PM,EH174PM
2025-07-26_16-22-45-259_GB097FR-FRA.jpg,GB-097-FR.,GB-097-FR.,1.0000,1,1,GB097FR,GB097FR
2025-07-26_15-54-43-405_BD242JL-FRA.jpg,BD-242-JL,BD-242-JL,0.9999,1,1,BD242JL,BD242JL
2025-07-26_14-24-09-664_AR803PR-FRA.jpg,AR-803-PR,AR-803-PR,1.0000,1,1,AR803PR,AR803PR
2025-07-26_12-11-14-852_DN066VX-FRA.jpg,DN-066-VX,DN-066-VX,0.9714,1,1,DN066VX,DN066VX
2025-07-26_12-24-08-932_BQ798ML-FRA.jpg,BQ-798-ML,BQ-798-ML,1.0000,1,1,BQ798ML,BQ798ML
2025-07-26_15-57-14-650_GT734HH-FRA.jpg,GT-734.HH,GT-734.HH,0.9998,1,1,GT734HH,GT734HH
2025-07-26_13-00-53-588_GD393VE-FRA.jpg,GD-393-VE,GD-393-VE,0.9980,1,1,GD393VE,GD393VE
2025-07-26_18-11-34-323_DN774NA-FRA.jpg,DN-774-NA,DN-774-NA,1.0000,1,1,DN774NA,DN774NA
2025-07-26_14-43-11-731_220BWP06-FRA.jpg,220BWP06,220BWP06,0.9996,1,1,220BWP06,220BWP06
2025-07-26_12-12-51-216_DH891JN-FRA.jpg,DH-891-JN,DH-891-JN,0.9929,1,1,DH891JN,DH891JN
2025-07-26_10-31-58-360_GM257XD-FRA.jpg,GM-257-XD,GM-257-XD,1.0000,1,1,GM257XD,GM257XD
2025-07-26_09-47-08-661_DK629KJ-FRA.jpg,DK-629-KJ,DK-629-KJ,0.9992,1,1,DK629KJ,DK629KJ
2025-07-26_12-53-46-483_EF132NT-FRA.jpg,.EF-132-NT.,.EF-132-NT.,0.9999,1,1,EF132NT,EF132NT
2025-07-26_12-30-28-342_FS027VM-FRA.jpg,FS-027-VM,FS-027-VM,1.0000,1,1,FS027VM,FS027VM
2025-07-26_09-27-03-392_FN814MR-FRA.jpg,FN814MR,FN814MR,0.9999,1,1,FN814MR,FN814MR
2025-07-26_16-48-07-617_BR409RN-FRA.jpg,BR409RN,BR409RN,0.9570,1,1,BR409RN,BR409RN
2025-07-26_12-31-15-862_DE164DF-FRA.jpg,DE-164-DF.,DE-164-DF.,1.0000,1,1,DE164DF,DE164DF
2025-07-26_10-04-21-515_GE578JM-FRA.jpg,GE-578-JM,GE-578-JM,1.0000,1,1,GE578JM,GE578JM
2025-07-26_15-49-51-875_ET357QY-FRA.jpg,ET357-QY.,ET357-QY.,1.0000,1,1,ET357QY,ET357QY
2025-07-26_16-14-16-340_EH991BJ-FRA.jpg,EH-991-BJ,EH-991-BJ,1.0000,1,1,EH991BJ,EH991BJ
2025-07-26_10-14-03-194_CD199LA-FRA.jpg,CD-199-LA,CD-199-LA,0.9903,1,1,CD199LA,CD199LA
2025-07-26_15-06-01-574_BB933FV-FRA.jpg,BB-933-FV,BB-933-FV,0.9985,1,1,BB933FV,BB933FV
2025-07-26_11-37-58-677_CS156EZ-FRA.jpg,CS-156-EZ,CS-156-EZ,1.0000,1,1,CS156EZ,CS156EZ
2025-07-26_11-34-01-972_GC511JT-FRA.jpg,GC-511-JT,GC-511-JT,0.9820,1,1,GC511JT,GC511JT
2025-07-26_16-42-40-954_FX585YB-FRA.jpg,FX-585-YB,FX-585-YB,1.0000,1,1,FX585YB,FX585YB
2025-07-26_11-14-13-151_AX584CQ-FRA.jpg,AX-584-CQ,AX-584-CQ,1.0000,1,1,AX584CQ,AX584CQ
2025-07-26_11-29-32-347_AV533NX-FRA.jpg,AV-533-NX.,AV-533-NX.,0.9991,1,1,AV533NX,AV533NX
2025-07-26_10-18-48-729_FJ111ST-FRA.jpg,FJ-111-ST,FJ-111-ST,0.9883,1,1,FJ111ST,FJ111ST
2025-07-26_10-21-59-912_ED144AK-FRA.jpg,ED-144-AK,ED-144-AK,0.9989,1,1,ED144AK,ED144AK
2025-07-26_09-19-22-994_AE773HJ-FRA.jpg,AE-773-HJ,AE-773-HJ,0.9955,1,1,AE773HJ,AE773HJ
2025-07-26_13-06-58-431_CF219YG-FRA.jpg,CF-219-YG,CF-219-YG,0.9997,1,1,CF219YG,CF219YG
2025-07-26_10-00-38-634_EY423RQ-FRA.jpg,EY-423-RQ,EY-423-RQ,0.9577,1,1,EY423RQ,EY423RQ
2025-07-26_11-13-30-661_GC100JD-FRA.jpg,GC-100-JD,GC-100-JD,1.0000,1,1,GC100JD,GC100JD
2025-07-26_13-12-36-808_CA731YQ-FRA.jpg,CA-731-YQ,CA-731-YQ,1.0000,1,1,CA731YQ,CA731YQ
2025-07-26_10-28-07-220_DW570LZ-FRA.jpg,DW-570-LZ,DW-570-LZ,0.9949,1,1,DW570LZ,DW570LZ
2025-07-26_11-34-01-516_GB941EV-FRA.jpg,GB-941-EV,GB-941-EV,0.9801,1,1,GB941EV,GB941EV
2025-07-26_10-23-27-680_CL799LP-FRA.jpg,CL-799-LP,CL-799-LP,0.9998,1,1,CL799LP,CL799LP
2025-07-26_10-32-22-009_FA792QB-FRA.jpg,FA-792-QB,FA-792-QB,1.0000,1,1,FA792QB,FA792QB
2025-07-26_10-51-31-850_FC410VW-FRA.jpg,FC-410-VW,FC-410-VW,1.0000,1,1,FC410VW,FC410VW
2025-07-26_09-31-56-062_FT439ZL-FRA.jpg,FT.439ZL,FT.439ZL,0.9997,1,1,FT439ZL,FT439ZL
2025-07-26_13-40-22-685_GE184PK-FRA.jpg,GE-184-PK,GE-184-PK,0.9999,1,1,GE184PK,GE184PK
2025-07-26_10-07-01-133_DY633QF-FRA.jpg,DY633-QF,DY633-QF,0.9999,1,1,DY633QF,DY633QF
2025-07-26_10-47-46-855_EA094FX-FRA.jpg,EA-094-FX,EA-094-FX,0.9995,1,1,EA094FX,EA094FX
2025-07-26_09-55-02-063_9763WF93-FRA.jpg,9763WF93,9763WF93,0.9978,1,1,9763WF93,9763WF93
2025-07-26_16-19-45-549_HD756CA-FRA.jpg,HD-756-CA.,HD-756-CA.,1.0000,1,1,HD756CA,HD756CA
2025-07-26_10-57-56-574_8613XV93-FRA.jpg,8613XV93,8613XV93,0.9990,1,1,8613XV93,8613XV93
2025-07-26_12-45-33-775_AT567TL-FRA.jpg,AT-567-TL,AT-567-TL,0.9999,1,1,AT567TL,AT567TL
2025-07-26_10-30-27-042_EG791TV-FRA.jpg,EG-791-TV,EG-791-TV,0.9999,1,1,EG791TV,EG791TV
2025-07-26_13-01-58-370_EM191WH-FRA.jpg,EM-191-WH,EM-191-WH,0.9738,1,1,EM191WH,EM191WH
2025-07-26_10-05-06-755_CF300LJ-FRA.jpg,CF-300-LJ,CF-300-LJ,0.9949,1,1,CF300LJ,CF300LJ
2025-07-26_10-30-57-422_FL687XP-FRA.jpg,FL-687-XP,FL-687-XP,0.9920,1,1,FL687XP,FL687XP
2025-07-26_11-38-06-753_DJ074ZK-FRA.jpg,DJ-074-ZK,DJ-074-ZK,0.9976,1,1,DJ074ZK,DJ074ZK
2025-07-26_13-37-37-714_HA802NX-FRA.jpg,HA-802-NX,HA-802-NX,0.9945,1,1,HA802NX,HA802NX
2025-07-26_16-07-54-378_GC003SK-FRA.jpg,GC-003-SK,GC-003-SK,0.9999,1,1,GC003SK,GC003SK
2025-07-26_17-00-25-158_GN423KK-FRA.jpg,GN-423-KK,GN-423-KK,0.9935,1,1,GN423KK,GN423KK
2025-07-26_13-32-38-705_GZ153FS-FRA.jpg,GZ-153-FS,GZ-153-FS,0.9968,1,1,GZ153FS,GZ153FS
2025-07-26_12-29-13-950_DP415YC-FRA.jpg,DP-415-YC,DP-415-YC,0.9686,1,1,DP415YC,DP415YC
2025-07-26_10-31-51-893_EC801RT-FRA.jpg,EC-801-RT,EC-801-RT,0.9999,1,1,EC801RT,EC801RT
2025-07-26_18-01-10-284_CN307BA-FRA.jpg,CN-307-BA,CN-307-BA,1.0000,1,1,CN307BA,CN307BA
2025-07-26_10-00-01-223_BF547NJ-FRA.jpg,BF-547-NJ,BF-547-NJ,0.9792,1,1,BF547NJ,BF547NJ
2025-07-26_12-26-00-633_EX771NE-FRA.jpg,EX-771-NE,EX-771-NE,0.9997,1,1,EX771NE,EX771NE
2025-07-26_13-36-32-969_GJ583AD-FRA.jpg,GJ-583-AD,GJ-583-AD,1.0000,1,1,GJ583AD,GJ583AD
2025-07-26_10-06-52-456_CJ345XH-FRA.jpg,CJ-345-XH,CJ-345-XH,0.9521,1,1,CJ345XH,CJ345XH
2025-07-26_17-34-13-943_FV272ZS-FRA.jpg,FV-272-ZS,FV-272-ZS,0.9990,1,1,FV272ZS,FV272ZS
2025-07-26_10-17-29-093_BE008KP-FRA.jpg,BE-008-KP,BE-008-KP,0.9997,1,1,BE008KP,BE008KP
2025-07-26_10-22-18-970_FD731CA-FRA.jpg,FD-731-CA,FD-731-CA,1.0000,1,1,FD731CA,FD731CA
2025-07-26_10-14-14-675_GT930DC-FRA.jpg,GT-930-DC,GT-930-DC,1.0000,1,1,GT930DC,GT930DC
2025-07-26_14-57-20-235_BV493JJ-FRA.jpg,BV-493-JJ,BV-493-JJ,0.9671,1,1,BV493JJ,BV493JJ
2025-07-26_09-21-27-969_BZ229AW-FRA.jpg,BZ.229-AW,BZ.229-AW,0.9832,1,1,BZ229AW,BZ229AW
2025-07-26_09-10-48-175_BD936FQ-FRA.jpg,BD-936-FQ,BD-936-FQ,0.9999,1,1,BD936FQ,BD936FQ
2025-07-26_09-20-53-539_GA305BR-FRA.jpg,GA-305-BR,GA-305-BR,0.9904,1,1,GA305BR,GA305BR
2025-07-26_10-15-10-354_DT161JJ-FRA.jpg,DT.161JJ,DT.161JJ,0.9888,1,1,DT161JJ,DT161JJ
2025-07-26_12-30-19-702_EW111PA-FRA.jpg,EW-111-PA.,EW-111-PA.,0.9996,1,1,EW111PA,EW111PA
2025-07-26_09-21-48-890_GC307ET-FRA.jpg,.GC-307-ET.,.GC-307-ET.,0.9801,1,1,GC307ET,GC307ET
2025-07-26_17-11-02-223_FP437BS-FRA.jpg,FP-437.BS,FP-437.BS,0.9737,1,1,FP437BS,FP437BS
2025-07-26_15-34-06-635_FA144AW-FRA.jpg,FA-144-AW.,FA-144-AW.,0.9498,1,1,FA144AW,FA144AW
2025-07-26_12-17-04-988_FV640KL-FRA.jpg,FV-640-KL,FV-640-KL,0.9977,1,1,FV640KL,FV640KL
2025-07-26_11-13-40-924_GE771QP-FRA.jpg,GE-771-QP.,GE-771-QP.,0.9936,1,1,GE771QP,GE771QP
2025-07-26_10-10-38-119_FY170SL-FRA.jpg,FY-170-SL,FY-170-SL,0.9987,1,1,FY170SL,FY170SL
2025-07-26_16-03-06-162_HC381DN-FRA.jpg,HC-381-DN,HC-381-DN,1.0000,1,1,HC381DN,HC381DN
2025-07-26_12-53-30-278_BV395RN-FRA.jpg,BV-395-RN,BV-395-RN,0.9914,1,1,BV395RN,BV395RN
2025-07-26_14-17-53-407_GS361JR-FRA.jpg,GS-361-JR,GS-361-JR,0.9995,1,1,GS361JR,GS361JR
2025-07-26_09-52-04-054_FN527AD-FRA.jpg,FN-527-AD,FN-527-AD,1.0000,1,1,FN527AD,FN527AD
2025-07-26_10-40-10-722_AR560MP-FRA.jpg,.AR560MP,.AR560MP,1.0000,1,1,AR560MP,AR560MP
2025-07-26_12-45-11-171_HD185BN-FRA.jpg,HD-185-BN,HD-185-BN,0.9659,1,1,HD185BN,HD185BN
2025-07-26_17-43-19-072_HA568SB-FRA.jpg,HA-568-SB,HA-568-SB,0.9999,1,1,HA568SB,HA568SB
2025-07-26_10-51-34-530_HE952KD-FRA.jpg,HE-952-KD,HE-952-KD,1.0000,1,1,HE952KD,HE952KD
2025-07-26_10-54-53-269_HB695AP-FRA.jpg,HB-695-AP,HB-695-AP,0.9930,1,1,HB695AP,HB695AP
2025-07-26_10-24-29-035_GC209ET-FRA.jpg,GC-209-ET,GC-209-ET,1.0000,1,1,GC209ET,GC209ET
2025-07-26_10-37-27-462_CP963DK-FRA.jpg,CP-963-DK.,CP-963-DK.,0.9910,1,1,CP963DK,CP963DK
2025-07-26_11-14-56-116_GV249FP-FRA.jpg,GV249FP,GV249FP,0.9682,1,1,GV249FP,GV249FP
2025-07-26_11-11-57-266_FS375GQ-FRA.jpg,FS-375-GQ,FS-375-GQ,1.0000,1,1,FS375GQ,FS375GQ
2025-07-26_11-47-54-162_EF960SB-FRA.jpg,EF-960-SB,EF-960-SB,0.9721,1,1,EF960SB,EF960SB
2025-07-26_09-04-35-657_GC589NG-FRA.jpg,GC-589-NG,GC-589-NG,0.9986,1,1,GC589NG,GC589NG
2025-07-26_17-09-37-825_EJ634BW-FRA.jpg,EJ-634-BW,EJ-634-BW,0.9946,1,1,EJ634BW,EJ634BW
2025-07-26_11-36-35-857_FF726SD-FRA.jpg,FF-726-SD,FF-726-SD,1.0000,1,1,FF726SD,FF726SD
2025-07-26_12-12-54-126_CY549YC-FRA.jpg,CY-549-YC,CY-549-YC,0.9999,1,1,CY549YC,CY549YC
2025-07-26_16-54-08-761_GJ214ZM-FRA.jpg,GJ214ZM,GJ214ZM,0.9720,1,1,GJ214ZM,GJ214ZM
2025-07-26_09-08-44-669_FE315VN-FRA.jpg,FE-315-VN,FE-315-VN,0.9888,1,1,FE315VN,FE315VN
2025-07-26_14-01-54-646_GM037HC-FRA.jpg,GM-037-HC,GM-037-HC,1.0000,1,1,GM037HC,GM037HC
2025-07-26_15-26-21-317_247CFB06-FRA.jpg,247CFB06,247CFB06,0.9869,1,1,247CFB06,247CFB06
2025-07-26_11-47-34-841_BX805MP-FRA.jpg,BX805-MP,BX805-MP,1.0000,1,1,BX805MP,BX805MP
2025-07-26_11-48-07-822_EL468FN-FRA.jpg,EL-468-FN,EL-468-FN,0.9734,1,1,EL468FN,EL468FN
2025-07-26_09-39-32-631_AA481MR-FRA.jpg,AA-481-MR.,AA-481-MR.,0.9985,1,1,AA481MR,AA481MR
2025-07-26_10-40-47-716_EV513DB-FRA.jpg,EV-513-DB,EV-513-DB,1.0000,1,1,EV513DB,EV513DB
2025-07-26_16-06-43-069_FC082HA-FRA.jpg,FC-082-HA,FC-082-HA,0.9889,1,1,FC082HA,FC082HA
2025-07-26_13-10-14-183_CL548LZ-FRA.jpg,CL-548-LZ,CL-548-LZ,1.0000,1,1,CL548LZ,CL548LZ
2025-07-26_09-39-10-140_EN364VE-FRA.jpg,EN-364-VE,EN-364-VE,0.9997,1,1,EN364VE,EN364VE
2025-07-26_13-01-56-157_CP548VD-FRA.jpg,CP-548-VD,CP-548-VD,0.9934,1,1,CP548VD,CP548VD
2025-07-26_14-02-07-527_HC329TX-FRA.jpg,HC-329-TX,HC-329-TX,0.9983,1,1,HC329TX,HC329TX
2025-07-26_11-13-29-864_GG571PH-FRA.jpg,GG-571-PH,GG-571-PH,0.9985,1,1,GG571PH,GG571PH
2025-07-26_14-25-43-780_EC098XZ-FRA.jpg,EC-098-XZ,EC-098-XZ,1.0000,1,1,EC098XZ,EC098XZ
2025-07-26_09-10-21-668_HD518AW-FRA.jpg,HD-518.AW.,HD-518.AW.,0.9999,1,1,HD518AW,HD518AW
2025-07-26_12-08-12-202_FX819VY-FRA.jpg,FX.819-VY,FX.819-VY,0.9976,1,1,FX819VY,FX819VY
2025-07-26_16-57-51-535_AE353JN-FRA.jpg,AE-353-JN,AE-353-JN,0.9999,1,1,AE353JN,AE353JN
2025-07-26_10-31-30-379_CQ771QY-FRA.jpg,CQ-771-QY.,CQ-771-QY.,0.9999,1,1,CQ771QY,CQ771QY
2025-07-26_10-31-26-637_EF224HN-FRA.jpg,EF-224-HN,EF-224-HN,0.9599,1,1,EF224HN,EF224HN
2025-07-26_15-23-08-307_HE782NT-FRA.jpg,HE-782-NT,HE-782-NT,0.9553,1,1,HE782NT,HE782NT
2025-07-26_11-43-41-020_GV703RN-FRA.jpg,GV-703-RN,GV-703-RN,0.9957,1,1,GV703RN,GV703RN
2025-07-26_11-10-01-666_GH224CR-FRA.jpg,GH-224-CR,GH-224-CR,0.9986,1,1,GH224CR,GH224CR
2025-07-26_11-59-53-363_ET195EV-FRA.jpg,ET-195-EV.,ET-195-EV.,0.9998,1,1,ET195EV,ET195EV
2025-07-26_09-49-07-425_FA408JC-FRA.jpg,FA-408-JC,FA-408-JC,0.9999,1,1,FA408JC,FA408JC
2025-07-26_13-14-39-157_ES138DT-FRA.jpg,ES-138-DT,ES-138-DT,0.9999,1,1,ES138DT,ES138DT
2025-07-26_09-27-04-876_AA506EJ-FRA.jpg,AA-506-EJ,AA-506-EJ,0.9993,1,1,AA506EJ,AA506EJ
2025-07-26_10-35-16-634_FW762WZ-FRA.jpg,FW-762-WZ,FW-762-WZ,1.0000,1,1,FW762WZ,FW762WZ
2025-07-26_13-14-35-197_477FHS92-FRA.jpg,477FHS92,477FHS92,0.9864,1,1,477FHS92,477FHS92
2025-07-26_11-29-34-433_FX430ZC-FRA.jpg,FX-430-ZC,FX-430-ZC,0.9495,1,1,FX430ZC,FX430ZC
2025-07-26_10-05-35-529_DH933FB-FRA.jpg,DH-933-FB,DH-933-FB,0.9991,1,1,DH933FB,DH933FB
2025-07-26_13-33-39-656_DF713EH-FRA.jpg,DF-713-EH,DF-713-EH,0.9994,1,1,DF713EH,DF713EH
2025-07-26_12-05-40-249_GL982QX-FRA.jpg,GL-982-QX,GL-982-QX,1.0000,1,1,GL982QX,GL982QX
2025-07-26_13-10-11-666_ER784TM-FRA.jpg,ER-784-TM,ER-784-TM,0.9998,1,1,ER784TM,ER784TM
2025-07-26_14-54-28-210_DQ008AD-FRA.jpg,DQ-008-AD,DQ-008-AD,0.9926,1,1,DQ008AD,DQ008AD
2025-07-26_10-03-17-308_FW634KL-FRA.jpg,FW-634-KL.,FW-634-KL.,0.9977,1,1,FW634KL,FW634KL
2025-07-26_12-10-52-764_FB865QR-FRA.jpg,FB-865-QR.,FB-865-QR.,1.0000,1,1,FB865QR,FB865QR
2025-07-26_13-12-56-102_3731ZB93-FRA.jpg,.3731ZB93.,.3731ZB93.,0.9997,1,1,3731ZB93,3731ZB93
2025-07-26_11-30-12-825_68AMB59-FRA.jpg,68AMB-59,68AMB-59,0.9933,1,1,68AMB59,68AMB59
2025-07-26_09-24-11-330_GV828HV-FRA.jpg,GV.828.HV,GV.828.HV,0.9998,1,1,GV828HV,GV828HV
2025-07-26_11-22-02-292_FN796KP-FRA.jpg,FN-796-KP,FN-796-KP,1.0000,1,1,FN796KP,FN796KP
2025-07-26_10-08-56-141_AH920ZM-FRA.jpg,AH-920-ZM,AH-920-ZM,0.9976,1,1,AH920ZM,AH920ZM
2025-07-26_18-07-47-877_GZ167ZG-FRA.jpg,.GZ167ZG,.GZ167ZG,0.9715,1,1,GZ167ZG,GZ167ZG
2025-07-26_16-07-53-674_EN225EY-FRA.jpg,EN-225-EY,EN-225-EY,0.9999,1,1,EN225EY,EN225EY
2025-07-26_10-11-58-848_DA840LE-FRA.jpg,DA-840-LE,DA-840-LE,1.0000,1,1,DA840LE,DA840LE
2025-07-26_16-24-13-203_GB374DS-FRA.jpg,GB-374-DS,GB-374-DS,1.0000,1,1,GB374DS,GB374DS
2025-07-26_12-55-37-958_GD262VT-FRA.jpg,GD-262-VT.,GD-262-VT.,0.9999,1,1,GD262VT,GD262VT
2025-07-26_17-22-31-911_GJ706CM-FRA.jpg,GJ-706.CM,GJ-706.CM,0.9643,1,1,GJ706CM,GJ706CM
2025-07-26_09-57-16-944_ET846EL-FRA.jpg,ET-846-EL,ET-846-EL,1.0000,1,1,ET846EL,ET846EL
2025-07-26_10-45-21-949_EL918YT-FRA.jpg,EL918-YT,EL918-YT,0.9998,1,1,EL918YT,EL918YT
2025-07-26_11-16-02-791_BH231TN-FRA.jpg,BH-231-TN,BH-231-TN,0.9906,1,1,BH231TN,BH231TN
2025-07-26_10-12-07-354_EP713XC-ITA.jpg,EP-713-XC,EP-713-XC,0.9993,1,1,EP713XC,EP713XC
2025-07-26_11-32-37-569_DK815EX-FRA.jpg,DK-815-EX,DK-815-EX,0.9903,1,1,DK815EX,DK815EX
2025-07-26_11-35-29-917_FW078QR-FRA.jpg,FW-078-QR,FW-078-QR,1.0000,1,1,FW078QR,FW078QR
2025-07-26_09-51-25-134_DM763QT-FRA.jpg,DM-763-QT,DM-763-QT,0.9995,1,1,DM763QT,DM763QT
2025-07-26_12-46-01-129_FT578JR-FRA.jpg,FT-578-JR,FT-578-JR,1.0000,1,1,FT578JR,FT578JR
2025-07-26_13-25-06-014_AP834AR-FRA.jpg,AP-834-AR,AP-834-AR,0.9999,1,1,AP834AR,AP834AR
2025-07-26_17-27-31-054_GY390WD-FRA.jpg,GY-390-WD,GY-390-WD,1.0000,1,1,GY390WD,GY390WD
2025-07-26_10-21-45-830_ER610FK-FRA.jpg,ER-610-FK,ER-610-FK,0.9994,1,1,ER610FK,ER610FK
2025-07-26_11-01-56-514_BK502TE-FRA.jpg,BK-502-TE,BK-502-TE,1.0000,1,1,BK502TE,BK502TE
2025-07-26_16-49-53-628_EM680RX-FRA.jpg,EM-680-RX,EM-680-RX,0.9676,1,1,EM680RX,EM680RX
2025-07-26_13-29-01-683_DP494RZ-FRA.jpg,DP-494-RZ,DP-494-RZ,1.0000,1,1,DP494RZ,DP494RZ
2025-07-26_11-51-39-819_EQ454TD-FRA.jpg,EQ-454-TD,EQ-454-TD,0.9996,1,1,EQ454TD,EQ454TD
2025-07-26_11-26-55-407_EV901YN-FRA.jpg,EV-901-YN,EV-901-YN,1.0000,1,1,EV901YN,EV901YN
2025-07-26_12-49-45-251_GF411EE-FRA.jpg,GF-411-EE,GF-411-EE,0.9921,1,1,GF411EE,GF411EE
2025-07-26_09-21-39-849_EZ188TP-FRA.jpg,EZ-188-TP,EZ-188-TP,0.9994,1,1,EZ188TP,EZ188TP
2025-07-26_18-15-37-934_FB663WD-FRA.jpg,FB-663-WD,FB-663-WD,1.0000,1,1,FB663WD,FB663WD
2025-07-26_16-50-51-446_EX988TS-FRA.jpg,EX-988-TS.,EX-988-TS.,1.0000,1,1,EX988TS,EX988TS
2025-07-26_10-27-20-643_FJ244NV-FRA.jpg,FJ-244-NV,FJ-244-NV,1.0000,1,1,FJ244NV,FJ244NV
2025-07-26_09-49-25-452_FN866MB-FRA.jpg,FN.866.MB,FN.866.MB,0.9940,1,1,FN866MB,FN866MB
2025-07-26_14-56-52-580_HD512CA-FRA.jpg,HD-512-CA,HD-512-CA,1.0000,1,1,HD512CA,HD512CA
2025-07-26_17-02-03-441_GZ454ZW-FRA.jpg,GZ-454-ZW,GZ-454-ZW,0.9904,1,1,GZ454ZW,GZ454ZW
2025-07-26_18-05-21-912_FL148BQ-FRA.jpg,FL.148BQ,FL.148BQ,1.0000,1,1,FL148BQ,FL148BQ
2025-07-26_11-14-34-165_EZ972CF-FRA.jpg,EZ-972-CF,EZ-972-CF,0.9996,1,1,EZ972CF,EZ972CF
2025-07-26_10-48-56-910_AT656TL-FRA.jpg,AT-656-TL,AT-656-TL,0.9790,1,1,AT656TL,AT656TL
2025-07-26_11-15-49-671_CY717AW-FRA.jpg,CY-717-AW,CY-717-AW,0.9999,1,1,CY717AW,CY717AW
2025-07-26_12-21-05-010_DG200TC-FRA.jpg,DG-200-TC,DG-200-TC,0.9846,1,1,DG200TC,DG200TC
2025-07-26_18-02-43-648_CX045CH-FRA.jpg,CX-045-CH,CX-045-CH,1.0000,1,1,CX045CH,CX045CH
2025-07-26_13-32-17-612_CJ461HS-FRA.jpg,CJ-461-HS,CJ-461-HS,0.9999,1,1,CJ461HS,CJ461HS
2025-07-26_16-51-09-090_CE147EZ-FRA.jpg,CE-147-EZ,CE-147-EZ,1.0000,1,1,CE147EZ,CE147EZ
2025-07-26_09-02-12-275_FD773VK-FRA.jpg,FD773VK,FD773VK,0.9999,1,1,FD773VK,FD773VK
2025-07-26_11-05-06-197_DW248KN-FRA.jpg,DW-248-KN,DW-248-KN,0.9768,1,1,DW248KN,DW248KN
2025-07-26_13-33-02-024_EK743TV-FRA.jpg,EK-743-TV,EK-743-TV,0.9935,1,1,EK743TV,EK743TV
2025-07-26_11-19-17-990_EW404VF-FRA.jpg,EW-404-VF,EW-404-VF,0.9999,1,1,EW404VF,EW404VF
2025-07-26_12-13-06-287_EY700TL-FRA.jpg,EY-700-TL,EY-700-TL,1.0000,1,1,EY700TL,EY700TL
2025-07-26_10-25-03-781_FF623KL-FRA.jpg,.FF-623-KL.,.FF-623-KL.,1.0000,1,1,FF623KL,FF623KL
2025-07-26_12-56-41-877_CZ170JN-FRA.jpg,CZ-170-JN,CZ-170-JN,0.9955,1,1,CZ170JN,CZ170JN
2025-07-26_12-45-40-889_GW454QY-FRA.jpg,GW-454-QY,GW-454-QY,1.0000,1,1,GW454QY,GW454QY
2025-07-26_10-17-40-104_FP820QL-FRA.jpg,FP-820-QL,FP-820-QL,0.9598,1,1,FP820QL,FP820QL
2025-07-26_10-00-40-038_EY423RQ-FRA.jpg,EY-423-RQ,EY-423-RQ,0.9993,1,1,EY423RQ,EY423RQ
2025-07-26_10-28-02-883_CH462HC-FRA.jpg,CH-462-HC,CH-462-HC,0.9997,1,1,CH462HC,CH462HC
2025-07-26_14-06-04-716_GB265EY-FRA.jpg,GB-265-EY.,GB-265-EY.,0.9831,1,1,GB265EY,GB265EY
2025-07-26_13-48-51-714_FT318GJ-FRA.jpg,FT-318-GJ,FT-318-GJ,1.0000,1,1,FT318GJ,FT318GJ
2025-07-26_14-27-48-662_GV008WD-FRA.jpg,GV.008WD,GV.008WD,0.9997,1,1,GV008WD,GV008WD
2025-07-26_09-21-27-996_AW927GQ-FRA.jpg,AW-927-GQ,AW-927-GQ,0.9854,1,1,AW927GQ,AW927GQ
2025-07-26_10-28-48-592_EX606CJ-FRA.jpg,EX-606-CJ,EX-606-CJ,1.0000,1,1,EX606CJ,EX606CJ
2025-07-26_11-11-49-850_WW899GS-FRA.jpg,WW-899-GS,WW-899-GS,0.9784,1,1,WW899GS,WW899GS
2025-07-26_12-32-19-720_DH002CE-FRA.jpg,DH-002-CE,DH-002-CE,0.9695,1,1,DH002CE,DH002CE
2025-07-26_14-14-59-645_FZ319EX-FRA.jpg,FZ-319-EX.,FZ-319-EX.,1.0000,1,1,FZ319EX,FZ319EX
2025-07-26_11-15-23-986_GQ434RR-FRA.jpg,GQ-434-RR,GQ-434-RR,1.0000,1,1,GQ434RR,GQ434RR
2025-07-26_12-36-39-039_DE777EZ-FRA.jpg,DE-777-EZ,DE-777-EZ,0.9941,1,1,DE777EZ,DE777EZ
2025-07-26_10-33-11-721_DN565QK-FRA.jpg,DN-565-QK,DN-565-QK,1.0000,1,1,DN565QK,DN565QK
2025-07-26_10-12-24-934_HD574JZ-FRA.jpg,HD-574-JZ,HD-574-JZ,0.9953,1,1,HD574JZ,HD574JZ
2025-07-26_17-54-43-820_GY421DX-FRA.jpg,GY-421-DX,GY-421-DX,0.9999,1,1,GY421DX,GY421DX
2025-07-26_10-23-02-717_CW282MC-FRA.jpg,CW-282-MC,CW-282-MC,0.9992,1,1,CW282MC,CW282MC
2025-07-26_11-22-14-490_CM771AZ-FRA.jpg,CM-771-AZ,CM-771-AZ,0.9998,1,1,CM771AZ,CM771AZ
2025-07-26_11-15-45-283_GY663FF-FRA.jpg,GY-663-FF,GY-663-FF,0.9997,1,1,GY663FF,GY663FF
2025-07-26_12-31-38-475_AH421VM-FRA.jpg,AH-421-VM,AH-421-VM,1.0000,1,1,AH421VM,AH421VM
2025-07-26_11-33-28-256_FM668BP-FRA.jpg,FM-668-BP,FM-668-BP,0.9861,1,1,FM668BP,FM668BP
2025-07-26_10-27-41-053_FM138WS-FRA.jpg,FM-138-WS,FM-138-WS,1.0000,1,1,FM138WS,FM138WS
2025-07-26_11-43-51-525_BW543AX-FRA.jpg,BW-543-AX.,BW-543-AX.,0.9999,1,1,BW543AX,BW543AX
2025-07-26_18-22-19-192_EY410SM-FRA.jpg,EY-410-SM,EY-410-SM,0.9441,1,1,EY410SM,EY410SM
2025-07-26_17-31-04-174_EY552JR-FRA.jpg,EY-552-JR,EY-552-JR,1.0000,1,1,EY552JR,EY552JR
2025-07-26_11-25-25-912_CC451TP-FRA.jpg,CC-451-TP,CC-451-TP,0.9991,1,1,CC451TP,CC451TP
2025-07-26_10-51-30-650_BV372NL-FRA.jpg,BV-372-NL,BV-372-NL,0.9989,1,1,BV372NL,BV372NL
2025-07-26_17-32-41-833_FG046DB-FRA.jpg,FG-046-DB,FG-046-DB,0.9985,1,1,FG046DB,FG046DB
2025-07-26_15-56-13-604_GY328AD-FRA.jpg,GY-328-AD,GY-328-AD,0.9838,1,1,GY328AD,GY328AD
2025-07-26_10-00-00-406_ET895PJ-FRA.jpg,ET-895-PJ,ET-895-PJ,1.0000,1,1,ET895PJ,ET895PJ
2025-07-26_12-48-53-275_CV972CT-FRA.jpg,CV-972-CT,CV-972-CT,0.9986,1,1,CV972CT,CV972CT
2025-07-26_16-55-49-913_EL661AE-FRA.jpg,EL-661-AE,EL-661-AE,1.0000,1,1,EL661AE,EL661AE
2025-07-26_10-21-38-021_DX283ZH-FRA.jpg,DX-283-ZH,DX-283-ZH,0.9936,1,1,DX283ZH,DX283ZH
2025-07-26_14-42-15-610_FL337VV-FRA.jpg,FL-337-VV,FL-337-VV,0.9975,1,1,FL337VV,FL337VV
2025-07-26_16-24-47-680_DQ462WP-FRA.jpg,DQ-462.WP,DQ-462.WP,0.9720,1,1,DQ462WP,DQ462WP
2025-07-26_16-23-18-839_DC767SK-FRA.jpg,DC-767-SK,DC-767-SK,1.0000,1,1,DC767SK,DC767SK
2025-07-26_18-10-11-665_BC586GG-FRA.jpg,BC-586-GG,BC-586-GG,0.9995,1,1,BC586GG,BC586GG
2025-07-26_14-19-25-508_HB845LV-FRA.jpg,HB.845-LV,HB.845-LV,0.9477,1,1,HB845LV,HB845LV
2025-07-26_11-58-57-082_EK929SX-FRA.jpg,EK-929-SX,EK-929-SX,1.0000,1,1,EK929SX,EK929SX
2025-07-26_12-56-09-707_DJ755VR-FRA.jpg,DJ-755-VR,DJ-755-VR,0.9998,1,1,DJ755VR,DJ755VR
2025-07-26_11-46-51-163_FK469WD-FRA.jpg,FK-469-WD,FK-469-WD,1.0000,1,1,FK469WD,FK469WD
2025-07-26_12-11-05-885_BH921NY-FRA.jpg,BH-921-NY.,BH-921-NY.,0.9837,1,1,BH921NY,BH921NY
2025-07-26_10-05-05-071_DD159XH-FRA.jpg,DD-159-XH,DD-159-XH,1.0000,1,1,DD159XH,DD159XH
2025-07-26_12-44-03-517_FK433VD-FRA.jpg,FK-433-VD,FK-433-VD,0.9999,1,1,FK433VD,FK433VD
2025-07-26_14-21-56-137_BJ979BT-FRA.jpg,BJ-979-BT.,BJ-979-BT.,0.9929,1,1,BJ979BT,BJ979BT
2025-07-26_15-22-22-334_FG280RC-FRA.jpg,FG-280-RC.,FG-280-RC.,0.9999,1,1,FG280RC,FG280RC
2025-07-26_14-45-21-312_EK102MP-FRA.jpg,EK-102-MP,EK-102-MP,0.9997,1,1,EK102MP,EK102MP
2025-07-26_10-22-15-130_GN763AH-FRA.jpg,GN-763-AH,GN-763-AH,0.9999,1,1,GN763AH,GN763AH
2025-07-26_10-34-15-654_GW528AL-FRA.jpg,GW528-AL,GW528-AL,1.0000,1,1,GW528AL,GW528AL
2025-07-26_18-03-27-505_CV927CX-FRA.jpg,CV-927-CX,CV-927-CX,0.9999,1,1,CV927CX,CV927CX
2025-07-26_11-14-56-822_EC213CF-FRA.jpg,EC-213-CF,EC-213-CF,0.9992,1,1,EC213CF,EC213CF
2025-07-26_11-45-32-120_EQ584BZ-FRA.jpg,EQ-584-BZ,EQ-584-BZ,0.9742,1,1,EQ584BZ,EQ584BZ
2025-07-26_09-16-05-729_FX100ES-FRA.jpg,FX-100-ES,FX-100-ES,0.9998,1,1,FX100ES,FX100ES
2025-07-26_12-34-00-158_AM680LT-FRA.jpg,AM-680-LT.,AM-680-LT.,1.0000,1,1,AM680LT,AM680LT
2025-07-26_13-22-35-615_CZ881NZ-FRA.jpg,.CZ.881.NZ,.CZ.881.NZ,0.9995,1,1,CZ881NZ,CZ881NZ
2025-07-26_16-56-27-002_HC686NP-FRA.jpg,HC.686.NP.,HC.686.NP.,0.9998,1,1,HC686NP,HC686NP
2025-07-26_11-22-04-029_GZ638SX-FRA.jpg,GZ-638-SX,GZ-638-SX,0.9918,1,1,GZ638SX,GZ638SX
2025-07-26_10-59-04-153_DT414MD-FRA.jpg,DT-414.MD,DT-414.MD,0.9995,1,1,DT414MD,DT414MD
2025-07-26_09-21-55-682_FG145PL-FRA.jpg,FG-145-PL.,FG-145-PL.,0.9985,1,1,FG145PL,FG145PL
2025-07-26_17-48-09-167_AS195KK-FRA.jpg,AS-195-KK,AS-195-KK,0.9913,1,1,AS195KK,AS195KK
2025-07-26_10-17-29-254_388EWT95-FRA.jpg,388EWT95,388EWT95,0.9999,1,1,388EWT95,388EWT95
2025-07-26_11-28-27-034_CN005NX-FRA.jpg,CN-005-NX,CN-005-NX,0.9839,1,1,CN005NX,CN005NX
2025-07-26_12-12-09-245_FM098YH-FRA.jpg,FM-098-YH,FM-098-YH,1.0000,1,1,FM098YH,FM098YH
2025-07-26_10-54-44-828_CZ913KA-FRA.jpg,CZ-913-KA,CZ-913-KA,1.0000,1,1,CZ913KA,CZ913KA
2025-07-26_16-06-45-996_FC082HA-FRA.jpg,FC.082.HA,FC.082.HA,0.9999,1,1,FC082HA,FC082HA
2025-07-26_17-29-49-076_CQ257WQ-FRA.jpg,CQ-257-WQ,CQ-257-WQ,0.9999,1,1,CQ257WQ,CQ257WQ
2025-07-26_11-14-58-303_GP179HK-FRA.jpg,GP-179-HK,GP-179-HK,0.9952,1,1,GP179HK,GP179HK
2025-07-26_12-52-07-376_HA806GL-FRA.jpg,HA-806-GL.,HA-806-GL.,1.0000,1,1,HA806GL,HA806GL
2025-07-26_15-15-49-362_EY349HM-FRA.jpg,EY-349-HM,EY-349-HM,0.9815,1,1,EY349HM,EY349HM
2025-07-26_16-09-26-230_CS003KW-FRA.jpg,CS-003-KW,CS-003-KW,1.0000,1,1,CS003KW,CS003KW
2025-07-26_14-09-17-559_HB024JH-FRA.jpg,HB-024-JH,HB-024-JH,0.9996,1,1,HB024JH,HB024JH
2025-07-26_11-13-52-861_HE328TW-FRA.jpg,.HE-328-TW.,.HE-328-TW.,0.9997,1,1,HE328TW,HE328TW
2025-07-26_17-54-48-802_ED627XM-FRA.jpg,ED-627-XM,ED-627-XM,0.9988,1,1,ED627XM,ED627XM
2025-07-26_11-58-30-520_BB933ZB-FRA.jpg,BB-933-ZB,BB-933-ZB,0.9971,1,1,BB933ZB,BB933ZB
2025-07-26_09-49-05-202_FA408JC-FRA.jpg,FA-408-JC,FA-408-JC,0.9996,1,1,FA408JC,FA408JC
2025-07-26_12-40-18-814_EM125WN-FRA.jpg,EM-125-WN,EM-125-WN,0.9066,1,1,EM125WN,EM125WN
2025-07-26_10-26-51-598_BN579LS-FRA.jpg,BN-579-LS,BN-579-LS,1.0000,1,1,BN579LS,BN579LS
2025-07-26_10-22-21-824_EE786KJ-FRA.jpg,EE.786.KJ,EE.786.KJ,0.9497,1,1,EE786KJ,EE786KJ
2025-07-26_10-21-57-998_GA297ZV-FRA.jpg,GA-297-ZV,GA-297-ZV,1.0000,1,1,GA297ZV,GA297ZV
2025-07-26_10-44-36-484_GY783MK-FRA.jpg,GY-783-MK,GY-783-MK,0.9999,1,1,GY783MK,GY783MK
2025-07-26_09-17-03-888_CY278RY-FRA.jpg,CY-278-RY,CY-278-RY,0.9999,1,1,CY278RY,CY278RY
2025-07-26_16-40-26-261_GC780CK-FRA.jpg,GC-780-CK,GC-780-CK,1.0000,1,1,GC780CK,GC780CK
2025-07-26_11-38-54-575_EA759TP-FRA.jpg,EA-759-TP,EA-759-TP,0.9999,1,1,EA759TP,EA759TP
2025-07-26_12-26-21-455_BK367TH-FRA.jpg,BK-367-TH,BK-367-TH,1.0000,1,1,BK367TH,BK367TH
2025-07-26_13-02-08-769_AE454EN-FRA.jpg,.AE-454-EN.,.AE-454-EN.,0.9871,1,1,AE454EN,AE454EN
2025-07-26_11-43-35-236_FH101FZ-FRA.jpg,FH-101-FZ.,FH-101-FZ.,0.9984,1,1,FH101FZ,FH101FZ
2025-07-26_16-36-18-487_FS640TC-FRA.jpg,FS640TC,FS640TC,0.9992,1,1,FS640TC,FS640TC
2025-07-26_10-53-21-103_GS323LG-FRA.jpg,GS323LG,GS323LG,0.9993,1,1,GS323LG,GS323LG
2025-07-26_11-22-53-765_AA814EB-FRA.jpg,AA-814-EB,AA-814-EB,0.9514,1,1,AA814EB,AA814EB
2025-07-26_09-21-14-099_BY082AN-FRA.jpg,BY-082-AN,BY-082-AN,0.9998,1,1,BY082AN,BY082AN
2025-07-26_16-03-30-590_DT938SG-FRA.jpg,DT-938-SG,DT-938-SG,0.9998,1,1,DT938SG,DT938SG
2025-07-26_09-26-57-280_AQ865JR-FRA.jpg,AQ-865-JR,AQ-865-JR,1.0000,1,1,AQ865JR,AQ865JR
2025-07-26_17-03-12-271_BE615TD-FRA.jpg,BE-615-TD,BE-615-TD,0.9962,1,1,BE615TD,BE615TD
2025-07-26_16-09-27-737_DP060MT-FRA.jpg,DP-060-MT.,DP-060-MT.,0.9994,1,1,DP060MT,DP060MT
2025-07-26_10-42-17-763_FF968LS-FRA.jpg,FF-968-LS,FF-968-LS,0.9881,1,1,FF968LS,FF968LS
2025-07-26_10-20-36-993_AW077SQ-FRA.jpg,AW-077-SQ,AW-077-SQ,0.9999,1,1,AW077SQ,AW077SQ
2025-07-26_13-36-51-446_FT199AN-FRA.jpg,FT-199-AN,FT-199-AN,1.0000,1,1,FT199AN,FT199AN
2025-07-26_16-28-53-898_AX353JE-FRA.jpg,AX-353-JE,AX-353-JE,1.0000,1,1,AX353JE,AX353JE
2025-07-26_16-43-20-701_EB749PK-FRA.jpg,EB-749-PK,EB-749-PK,1.0000,1,1,EB749PK,EB749PK
2025-07-26_10-52-36-500_DQ698XN-FRA.jpg,DQ-698-XN,DQ-698-XN,0.9998,1,1,DQ698XN,DQ698XN
2025-07-26_10-25-22-869_HC336HM-FRA.jpg,HC-336-HM,HC-336-HM,1.0000,1,1,HC336HM,HC336HM
2025-07-26_09-54-30-068_HC693DN-FRA.jpg,HC-693-DN,HC-693-DN,1.0000,1,1,HC693DN,HC693DN
2025-07-26_15-49-54-848_ET357QY-FRA.jpg,.ET357QY,.ET357QY,0.9997,1,1,ET357QY,ET357QY
2025-07-26_17-18-15-296_EY059WM-FRA.jpg,EY059.WM,EY059.WM,0.9765,1,1,EY059WM,EY059WM
2025-07-26_16-47-24-110_CZ766FE-FRA.jpg,CZ-766-FE.,CZ-766-FE.,1.0000,1,1,CZ766FE,CZ766FE
2025-07-26_14-15-06-489_HD589BE-FRA.jpg,HD-589-BE,HD-589-BE,0.9631,1,1,HD589BE,HD589BE
2025-07-26_17-48-39-348_FJ405YP-FRA.jpg,FJ-405-YP,FJ-405-YP,0.9999,1,1,FJ405YP,FJ405YP
2025-07-26_12-58-18-356_CE767QJ-FRA.jpg,CE-767-QJ,CE-767-QJ,1.0000,1,1,CE767QJ,CE767QJ
2025-07-26_18-07-44-569_AY970MB-FRA.jpg,AY-970-MB,AY-970-MB,0.9994,1,1,AY970MB,AY970MB
2025-07-26_18-03-31-179_EE685RD-FRA.jpg,EE-685-RD,EE-685-RD,1.0000,1,1,EE685RD,EE685RD
2025-07-26_13-32-22-944_AP078KY-FRA.jpg,AP-078-KY,AP-078-KY,0.9465,1,1,AP078KY,AP078KY
2025-07-26_11-09-43-460_BQ713JC-FRA.jpg,.BQ-713-JC,.BQ-713-JC,0.9991,1,1,BQ713JC,BQ713JC
2025-07-26_18-01-16-853_GZ344JT-FRA.jpg,GZ-344-JT,GZ-344-JT,1.0000,1,1,GZ344JT,GZ344JT
2025-07-26_12-43-36-248_DN889ZG-FRA.jpg,DN-889-ZG,DN-889-ZG,0.9998,1,1,DN889ZG,DN889ZG
2025-07-26_09-13-50-227_GD107NB-FRA.jpg,GD-107-NB,GD-107-NB,1.0000,1,1,GD107NB,GD107NB
2025-07-26_12-23-53-020_AM632DE-FRA.jpg,AM-632-DE,AM-632-DE,0.9992,1,1,AM632DE,AM632DE
2025-07-26_14-33-27-894_BF431NF-FRA.jpg,BF-431-NF,BF-431-NF,0.9541,1,1,BF431NF,BF431NF
2025-07-26_12-10-16-546_BM689GP-FRA.jpg,BM-689-GP,BM-689-GP,0.9999,1,1,BM689GP,BM689GP
2025-07-26_14-58-39-594_GD371VP-FRA.jpg,GD-371-VP,GD-371-VP,0.9999,1,1,GD371VP,GD371VP
2025-07-26_11-17-38-902_AW832VS-FRA.jpg,AW-832-VS,AW-832-VS,1.0000,1,1,AW832VS,AW832VS
2025-07-26_15-56-25-403_FW351SM-FRA.jpg,FW-351-SM,FW-351-SM,0.9906,1,1,FW351SM,FW351SM
2025-07-26_13-13-39-834_FQ952GZ-FRA.jpg,FQ.952.GZ,FQ.952.GZ,0.9990,1,1,FQ952GZ,FQ952GZ
2025-07-26_13-57-37-129_EL676MD-FRA.jpg,EL-676-MD,EL-676-MD,0.9899,1,1,EL676MD,EL676MD
2025-07-26_11-19-49-971_FH261VW-FRA.jpg,FH-261-VW,FH-261-VW,0.9998,1,1,FH261VW,FH261VW
2025-07-26_13-09-05-601_CQ198XN-FRA.jpg,CQ-198-XN,CQ-198-XN,0.9854,1,1,CQ198XN,CQ198XN
2025-07-26_11-17-03-073_GS265NR-FRA.jpg,GS-265-NR.,GS-265-NR.,0.9652,1,1,GS265NR,GS265NR
2025-07-26_16-18-57-935_FQ736JD-FRA.jpg,FQ-736-JD,FQ-736-JD,0.9967,1,1,FQ736JD,FQ736JD
2025-07-26_11-18-06-245_EF408RR-FRA.jpg,EF-408-RR.,EF-408-RR.,0.9850,1,1,EF408RR,EF408RR
2025-07-26_10-00-01-057_DH618NN-FRA.jpg,DH-618-NN,DH-618-NN,0.9930,1,1,DH618NN,DH618NN
2025-07-26_12-47-38-699_GC594NC-FRA.jpg,GC-594-NC,GC-594-NC,0.9999,1,1,GC594NC,GC594NC
2025-07-26_18-21-03-915_BZ344JP-FRA.jpg,BZ-344JP,BZ-344JP,0.9999,1,1,BZ344JP,BZ344JP
2025-07-26_12-08-50-282_HC957JX-FRA.jpg,HC-957-JX,HC-957-JX,1.0000,1,1,HC957JX,HC957JX
2025-07-26_12-11-21-057_GS052DM-FRA.jpg,GS-052-DM,GS-052-DM,0.9996,1,1,GS052DM,GS052DM
2025-07-26_11-21-53-183_FG149YD-FRA.jpg,FG-149-YD,FG-149-YD,1.0000,1,1,FG149YD,FG149YD
2025-07-26_09-03-32-308_EK407PX-FRA.jpg,EK-407-PX,EK-407-PX,0.9997,1,1,EK407PX,EK407PX
2025-07-26_11-32-31-897_AG825DC-FRA.jpg,AG-825-DC,AG-825-DC,0.9691,1,1,AG825DC,AG825DC
2025-07-26_10-14-44-744_FS555KT-FRA.jpg,FS-555-KT,FS-555-KT,0.9807,1,1,FS555KT,FS555KT
2025-07-26_11-45-34-340_EQ584BZ-FRA.jpg,EQ-584-BZ,EQ-584-BZ,0.9984,1,1,EQ584BZ,EQ584BZ
2025-07-26_11-29-31-384_ET972QG-FRA.jpg,ET-972-QG,ET-972-QG,0.9993,1,1,ET972QG,ET972QG
2025-07-26_18-26-18-221_GZ356BW-FRA.jpg,GZ-356-BW,GZ-356-BW,1.0000,1,1,GZ356BW,GZ356BW
2025-07-26_10-31-32-276_CQ771QY-FRA.jpg,CQ-771-QY,CQ-771-QY,1.0000,1,1,CQ771QY,CQ771QY
2025-07-26_10-07-54-236_EC184PG-FRA.jpg,EC-184-PG,EC-184-PG,0.9999,1,1,EC184PG,EC184PG
2025-07-26_12-26-00-062_DJ433QE-FRA.jpg,DJ-433-QE.,DJ-433-QE.,1.0000,1,1,DJ433QE,DJ433QE
2025-07-26_15-31-01-303_AX346LD-FRA.jpg,AX-346-LD,AX-346-LD,1.0000,1,1,AX346LD,AX346LD
2025-07-26_16-17-16-530_BE874CE-FRA.jpg,BE-874-CE,BE-874-CE,0.9999,1,1,BE874CE,BE874CE
2025-07-26_14-12-33-646_DZ418HM-FRA.jpg,DZ-418-HM,DZ-418-HM,0.9870,1,1,DZ418HM,DZ418HM
2025-07-26_12-59-03-007_AE344KA-FRA.jpg,AE344KA,AE344KA,1.0000,1,1,AE344KA,AE344KA
2025-07-26_12-22-40-758_GZ265MT-FRA.jpg,GZ-265-MT,GZ-265-MT,1.0000,1,1,GZ265MT,GZ265MT
2025-07-26_12-53-29-509_EP639NP-FRA.jpg,EP-639-NP,EP-639-NP,0.9522,1,1,EP639NP,EP639NP
2025-07-26_11-11-23-370_BZ920SK-FRA.jpg,BZ-920-SK.,BZ-920-SK.,0.9846,1,1,BZ920SK,BZ920SK
2025-07-26_09-14-11-511_BR535CW-FRA.jpg,BR-535-CW,BR-535-CW,0.9997,1,1,BR535CW,BR535CW
2025-07-26_11-30-01-234_ER470YB-FRA.jpg,ER-470-YB,ER-470-YB,1.0000,1,1,ER470YB,ER470YB
2025-07-26_18-24-52-522_GW119EK-FRA.jpg,GW-119.EK,GW-119.EK,0.9999,1,1,GW119EK,GW119EK
2025-07-26_10-21-31-940_DS852YY-FRA.jpg,DS-852-YY,DS-852-YY,1.0000,1,1,DS852YY,DS852YY
2025-07-26_09-44-14-892_BD202CC-FRA.jpg,BD-202-CC,BD-202-CC,0.9932,1,1,BD202CC,BD202CC
2025-07-26_15-11-42-324_GE065KX-FRA.jpg,GE-065-KX,GE-065-KX,0.9944,1,1,GE065KX,GE065KX
2025-07-26_17-30-48-688_DK796TP-FRA.jpg,DK-796-TP,DK-796-TP,0.9997,1,1,DK796TP,DK796TP
2025-07-26_12-19-54-461_BX944KG-FRA.jpg,BX-94-4-KG,BX-94-4-KG,0.9998,1,1,BX944KG,BX944KG
2025-07-26_12-53-27-916_FR503KN-FRA.jpg,FR-503-KN,FR-503-KN,0.9985,1,1,FR503KN,FR503KN
2025-07-26_17-46-30-093_GT631JR-FRA.jpg,GT-631.JR,GT-631.JR,1.0000,1,1,GT631JR,GT631JR
2025-07-26_10-21-16-212_GZ347TH-FRA.jpg,GZ-347-TH,GZ-347-TH,0.9809,1,1,GZ347TH,GZ347TH
2025-07-26_10-55-51-835_GS557RF-FRA.jpg,GS-557-RF,GS-557-RF,1.0000,1,1,GS557RF,GS557RF
2025-07-26_10-40-56-224_CT280FP-FRA.jpg,CT280-FP.,CT280-FP.,0.9999,1,1,CT280FP,CT280FP
2025-07-26_12-44-10-171_HC458CA-FRA.jpg,HC-458-CA,HC-458-CA,1.0000,1,1,HC458CA,HC458CA
2025-07-26_13-59-49-609_FF957QY-FRA.jpg,FF-957-QY,FF-957-QY,1.0000,1,1,FF957QY,FF957QY
2025-07-26_15-33-19-092_EK004ZF-FRA.jpg,.EK-004-ZF.,.EK-004-ZF.,0.9993,1,1,EK004ZF,EK004ZF
2025-07-26_17-17-46-100_GV426AA-FRA.jpg,GV-426-AA,GV-426-AA,1.0000,1,1,GV426AA,GV426AA
2025-07-26_10-25-51-895_CY988RB-FRA.jpg,CY-988-RB,CY-988-RB,0.9748,1,1,CY988RB,CY988RB
2025-07-26_17-16-40-548_CJ151XH-FRA.jpg,CJ-151-XH,CJ-151-XH,0.9997,1,1,CJ151XH,CJ151XH
2025-07-26_16-51-41-990_HE514QW-FRA.jpg,HE-514-QW,HE-514-QW,0.9924,1,1,HE514QW,HE514QW
2025-07-26_16-34-13-555_GH265DA-FRA.jpg,GH265DA,GH265DA,1.0000,1,1,GH265DA,GH265DA
2025-07-26_12-11-45-686_DM343AQ-FRA.jpg,DM-343-AQ,DM-343-AQ,0.9964,1,1,DM343AQ,DM343AQ
2025-07-26_14-15-51-629_DY623RK-FRA.jpg,DY-623-RK,DY-623-RK,0.9993,1,1,DY623RK,DY623RK
2025-07-26_12-24-57-194_BY287JE-FRA.jpg,BY-287-JE.,BY-287-JE.,0.9492,1,1,BY287JE,BY287JE
2025-07-26_14-21-58-694_FE144AW-FRA.jpg,FE-144-AW,FE-144-AW,1.0000,1,1,FE144AW,FE144AW
2025-07-26_12-10-52-526_FV064NS-FRA.jpg,FV-064-NS,FV-064-NS,0.9683,1,1,FV064NS,FV064NS
2025-07-26_10-01-58-127_EL115WN-FRA.jpg,EL-115-WN,EL-115-WN,0.9883,1,1,EL115WN,EL115WN
2025-07-26_10-04-26-718_EA258BJ-FRA.jpg,EA-258-BJ,EA-258-BJ,0.9983,1,1,EA258BJ,EA258BJ
2025-07-26_16-15-47-955_FK617EG-FRA.jpg,FK-617-EG,FK-617-EG,0.9999,1,1,FK617EG,FK617EG
2025-07-26_10-07-33-084_BM257JA-FRA.jpg,BM-257-JA,BM-257-JA,1.0000,1,1,BM257JA,BM257JA
2025-07-26_16-23-58-246_GJ497QQ-FRA.jpg,GJ.497.QQ,GJ.497.QQ,0.9991,1,1,GJ497QQ,GJ497QQ
2025-07-26_16-27-55-749_GK861FN-FRA.jpg,GK861FN,GK861FN,0.9987,1,1,GK861FN,GK861FN
2025-07-26_12-14-34-995_FR560EB-FRA.jpg,FR560EB,FR560EB,0.9999,1,1,FR560EB,FR560EB
2025-07-26_14-03-32-933_FE012SW-FRA.jpg,FE-012-SW,FE-012-SW,0.9677,1,1,FE012SW,FE012SW
2025-07-26_12-58-27-616_CH539PG-FRA.jpg,CH-539-PG,CH-539-PG,1.0000,1,1,CH539PG,CH539PG
2025-07-26_13-04-49-379_EN912VW-FRA.jpg,EN-912-VW,EN-912-VW,1.0000,1,1,EN912VW,EN912VW
2025-07-26_11-05-17-149_FW555QC-FRA.jpg,FW-555-QC,FW-555-QC,0.9966,1,1,FW555QC,FW555QC
2025-07-26_16-06-47-970_DZ745ZQ-FRA.jpg,DZ-745-ZQ,DZ-745-ZQ,0.9905,1,1,DZ745ZQ,DZ745ZQ
2025-07-26_10-11-56-707_DA840LE-FRA.jpg,DA-840-LE,DA-840-LE,1.0000,1,1,DA840LE,DA840LE
2025-07-26_12-41-23-107_AV868JZ-FRA.jpg,AV-868-JZ,AV-868-JZ,0.9989,1,1,AV868JZ,AV868JZ
2025-07-26_16-02-35-517_BW858RE-FRA.jpg,BW-858-RE.,BW-858-RE.,0.9999,1,1,BW858RE,BW858RE
2025-07-26_17-29-11-916_FA706ZA-FRA.jpg,FA-706-ZA,FA-706-ZA,0.9998,1,1,FA706ZA,FA706ZA
2025-07-26_12-24-10-874_AB563PH-FRA.jpg,AB-563-PH,AB-563-PH,0.9889,1,1,AB563PH,AB563PH
2025-07-26_10-56-27-101_EA822PB-FRA.jpg,EA-822-PB,EA-822-PB,1.0000,1,1,EA822PB,EA822PB
2025-07-26_10-17-44-089_FK203VT-FRA.jpg,FK-203-VT,FK-203-VT,1.0000,1,1,FK203VT,FK203VT
2025-07-26_10-30-44-112_BQ482GM-FRA.jpg,BQ-482-GM,BQ-482-GM,1.0000,1,1,BQ482GM,BQ482GM
2025-07-26_12-08-06-966_AX833SN-FRA.jpg,AX-833-SN,AX-833-SN,1.0000,1,1,AX833SN,AX833SN
2025-07-26_14-57-56-658_AJ078AV-FRA.jpg,AJ-078-AV,AJ-078-AV,0.9948,1,1,AJ078AV,AJ078AV
2025-07-26_12-05-39-843_GQ080AR-FRA.jpg,GQ-080-AR,GQ-080-AR,0.9716,1,1,GQ080AR,GQ080AR
2025-07-26_09-25-47-108_HB929GZ-FRA.jpg,HB-929-GZ,HB-929-GZ,0.9992,1,1,HB929GZ,HB929GZ
2025-07-26_12-49-33-361_EK318HH-FRA.jpg,EK-318-HH,EK-318-HH,0.9950,1,1,EK318HH,EK318HH
2025-07-26_15-29-40-959_GT411ZA-FRA.jpg,GT.411.ZA,GT.411.ZA,0.9995,1,1,GT411ZA,GT411ZA
2025-07-26_12-02-49-802_CS431BQ-FRA.jpg,CS-431-BQ,CS-431-BQ,0.9999,1,1,CS431BQ,CS431BQ
2025-07-26_09-36-14-730_CB207SQ-FRA.jpg,CB-207-SQ,CB-207-SQ,1.0000,1,1,CB207SQ,CB207SQ
2025-07-26_12-01-48-063_AN349LW-FRA.jpg,AN-349-LW,AN-349-LW,0.9981,1,1,AN349LW,AN349LW
2025-07-26_17-23-18-012_GQ888LG-FRA.jpg,GQ-888-LG,GQ-888-LG,0.9995,1,1,GQ888LG,GQ888LG
2025-07-26_13-52-50-506_EM736VC-FRA.jpg,EM-736-VC,EM-736-VC,1.0000,1,1,EM736VC,EM736VC
2025-07-26_10-24-53-933_GW475RY-FRA.jpg,GW-475-RY,GW-475-RY,1.0000,1,1,GW475RY,GW475RY
2025-07-26_11-36-15-680_GA844QB-FRA.jpg,GA-844-QB,GA-844-QB,0.9948,1,1,GA844QB,GA844QB
2025-07-26_11-34-17-493_EF753YC-FRA.jpg,EF-753-YC,EF-753-YC,0.9999,1,1,EF753YC,EF753YC
2025-07-26_10-33-38-680_BZ333GL-FRA.jpg,BZ-333-GL.,BZ-333-GL.,0.9676,1,1,BZ333GL,BZ333GL
2025-07-26_14-40-52-644_FD729NG-FRA.jpg,FD-729-NG,FD-729-NG,0.9597,1,1,FD729NG,FD729NG
2025-07-26_11-43-34-594_FV916DG-FRA.jpg,FV-916-DG,FV-916-DG,0.9948,1,1,FV916DG,FV916DG
2025-07-26_09-59-23-887_BH224ZN-FRA.jpg,BH-224-ZN,BH-224-ZN,1.0000,1,1,BH224ZN,BH224ZN
2025-07-26_15-20-37-427_CF874GZ-FRA.jpg,CF-874-GZ,CF-874-GZ,0.9869,1,1,CF874GZ,CF874GZ
2025-07-26_09-53-42-171_GB914ZT-FRA.jpg,GB-914-ZT,GB-914-ZT,0.9396,1,1,GB914ZT,GB914ZT
2025-07-26_12-44-08-958_CG450HH-FRA.jpg,CG-450-HH,CG-450-HH,0.9763,1,1,CG450HH,CG450HH
2025-07-26_11-06-19-138_DR615WZ-FRA.jpg,DR-615-WZ.,DR-615-WZ.,0.9992,1,1,DR615WZ,DR615WZ
2025-07-26_10-40-16-015_GJ550BZ-FRA.jpg,GJ-550-BZ,GJ-550-BZ,0.9999,1,1,GJ550BZ,GJ550BZ
2025-07-26_10-03-26-187_HC892JB-FRA.jpg,HC-892-JB,HC-892-JB,0.9648,1,1,HC892JB,HC892JB
2025-07-26_10-27-16-399_EQ323HP-FRA.jpg,EQ-323-HP,EQ-323-HP,1.0000,1,1,EQ323HP,EQ323HP
2025-07-26_09-15-33-740_BZ778XN-FRA.jpg,BZ-778-XN,BZ-778-XN,0.9999,1,1,BZ778XN,BZ778XN
2025-07-26_12-49-59-221_GQ893QY-FRA.jpg,GQ-893-QY,GQ-893-QY,1.0000,1,1,GQ893QY,GQ893QY
2025-07-26_11-00-06-998_CM914AJ-FRA.jpg,CM-914-AJ,CM-914-AJ,1.0000,1,1,CM914AJ,CM914AJ
2025-07-26_09-27-16-158_GJ520ZM-FRA.jpg,GJ-520-ZM,GJ-520-ZM,0.9981,1,1,GJ520ZM,GJ520ZM
2025-07-26_13-12-58-100_AG460CF-FRA.jpg,AG-460-CF,AG-460-CF,0.9979,1,1,AG460CF,AG460CF
2025-07-26_12-47-25-603_BC515QY-FRA.jpg,BC-515-QY,BC-515-QY,1.0000,1,1,BC515QY,BC515QY
2025-07-26_09-38-25-428_EP920HL-FRA.jpg,EP-920-HL.,EP-920-HL.,0.9999,1,1,EP920HL,EP920HL
2025-07-26_13-44-25-563_CV231BA-FRA.jpg,CV-231-BA,CV-231-BA,1.0000,1,1,CV231BA,CV231BA
2025-07-26_10-40-19-746_AT526HX-FRA.jpg,AT-526-HX,AT-526-HX,0.9850,1,1,AT526HX,AT526HX
2025-07-26_10-12-30-574_EC339GF-FRA.jpg,EC-339-GF,EC-339-GF,0.9999,1,1,EC339GF,EC339GF
2025-07-26_10-22-01-011_AL427PC-FRA.jpg,AL-427-PC,AL-427-PC,0.9790,1,1,AL427PC,AL427PC
2025-07-26_10-16-44-558_FC135GF-FRA.jpg,FC-135-GF,FC-135-GF,0.9986,1,1,FC135GF,FC135GF
2025-07-26_11-56-35-054_CM707AY-FRA.jpg,CM-707-AY,CM-707-AY,1.0000,1,1,CM707AY,CM707AY
2025-07-26_11-34-36-415_CS785SV-FRA.jpg,CS-785-SV,CS-785-SV,0.9997,1,1,CS785SV,CS785SV
2025-07-26_12-09-54-734_DN062YZ-FRA.jpg,DN-062-YZ.,DN-062-YZ.,0.9999,1,1,DN062YZ,DN062YZ
2025-07-26_16-49-33-029_ER011EG-FRA.jpg,ER-011-EG,ER-011-EG,1.0000,1,1,ER011EG,ER011EG
2025-07-26_10-15-37-191_HB496BT-FRA.jpg,HB-496-BT,HB-496-BT,0.9960,1,1,HB496BT,HB496BT
2025-07-26_13-43-08-136_HD980ED-FRA.jpg,HD-980-ED,HD-980-ED,0.9877,1,1,HD980ED,HD980ED
2025-07-26_13-20-23-298_GB116DN-FRA.jpg,GB-116-DN,GB-116-DN,0.9999,1,1,GB116DN,GB116DN
2025-07-26_09-22-21-715_GD988HV-FRA.jpg,GD-988-HV,GD-988-HV,1.0000,1,1,GD988HV,GD988HV
2025-07-26_12-35-29-799_FA297AK-FRA.jpg,FA-297-AK,FA-297-AK,0.9999,1,1,FA297AK,FA297AK
2025-07-26_12-19-55-397_FF473VB-FRA.jpg,FF-473-VB,FF-473-VB,0.9998,1,1,FF473VB,FF473VB
2025-07-26_10-28-50-431_AP320NW-FRA.jpg,AP-320-NW,AP-320-NW,0.9999,1,1,AP320NW,AP320NW
2025-07-26_12-12-46-226_BC948XA-FRA.jpg,BC-948-XA,BC-948-XA,0.9999,1,1,BC948XA,BC948XA
2025-07-26_10-23-09-083_EV350TR-FRA.jpg,EV-350-TR,EV-350-TR,1.0000,1,1,EV350TR,EV350TR
2025-07-26_17-48-56-307_DR184HD-FRA.jpg,DR-184-HD,DR-184-HD,0.9990,1,1,DR184HD,DR184HD
2025-07-26_13-48-37-885_BK011JH-FRA.jpg,BK-011-JH,BK-011-JH,0.9999,1,1,BK011JH,BK011JH
2025-07-26_13-17-49-854_ES160JM-FRA.jpg,ES-160-JM,ES-160-JM,0.9523,1,1,ES160JM,ES160JM
2025-07-26_11-31-16-375_AH664NH-FRA.jpg,AH-664-NH,AH-664-NH,0.9851,1,1,AH664NH,AH664NH
2025-07-26_13-32-46-014_CL364TB-FRA.jpg,CL-364-TB,CL-364-TB,0.9916,1,1,CL364TB,CL364TB
2025-07-26_10-39-49-266_CS263BM-FRA.jpg,CS-263-BM,CS-263-BM,0.9910,1,1,CS263BM,CS263BM
2025-07-26_10-11-15-316_ER901BS-FRA.jpg,ER-901-BS,ER-901-BS,0.9934,1,1,ER901BS,ER901BS
2025-07-26_14-54-52-519_FX171JK-FRA.jpg,FX-171-JK,FX-171-JK,0.9856,1,1,FX171JK,FX171JK
2025-07-26_09-21-20-183_DR252JA-FRA.jpg,DR-252-JA,DR-252-JA,0.9999,1,1,DR252JA,DR252JA
2025-07-26_14-43-01-510_EB414NA-FRA.jpg,EB-414-NA.,EB-414-NA.,0.9886,1,1,EB414NA,EB414NA
2025-07-26_12-30-48-700_AL967ZP-FRA.jpg,AL-967-ZP,AL-967-ZP,0.9993,1,1,AL967ZP,AL967ZP
2025-07-26_11-11-50-650_BH771WC-FRA.jpg,BH-771-WC,BH-771-WC,1.0000,1,1,BH771WC,BH771WC
2025-07-26_10-46-00-019_GE087YK-FRA.jpg,GE-087-YK.,GE-087-YK.,1.0000,1,1,GE087YK,GE087YK
2025-07-26_09-36-09-569_DC666MS-FRA.jpg,DC666MS,DC666MS,0.9990,1,1,DC666MS,DC666MS
2025-07-26_12-09-27-092_FC629EE-FRA.jpg,FC-629EE,FC-629EE,0.9909,1,1,FC629EE,FC629EE
2025-07-26_09-53-40-376_DT999KR-FRA.jpg,DT-999-KR,DT-999-KR,0.9997,1,1,DT999KR,DT999KR
2025-07-26_18-07-34-046_EV460HY-FRA.jpg,EV460HY,EV460HY,0.9406,1,1,EV460HY,EV460HY
2025-07-26_12-42-47-261_HD152RD-FRA.jpg,HD-152-RD,HD-152-RD,0.9735,1,1,HD152RD,HD152RD
2025-07-26_09-55-53-595_HE763DK-FRA.jpg,HE.763.DK,HE.763.DK,0.9996,1,1,HE763DK,HE763DK
2025-07-26_11-26-00-408_DA155AQ-FRA.jpg,DA-155-AQ,DA-155-AQ,0.9750,1,1,DA155AQ,DA155AQ
2025-07-26_09-05-02-088_CY162KZ-FRA.jpg,CY-162-KZ.,CY-162-KZ.,0.9350,1,1,CY162KZ,CY162KZ
2025-07-26_16-43-02-227_CX542KY-FRA.jpg,CX-542-KY,CX-542-KY,0.9999,1,1,CX542KY,CX542KY
2025-07-26_14-23-49-335_GR326YJ-FRA.jpg,GR-326-YJ,GR-326-YJ,0.9995,1,1,GR326YJ,GR326YJ
2025-07-26_15-34-02-486_CN149AY-FRA.jpg,CN.149.AY,CN.149.AY,0.9868,1,1,CN149AY,CN149AY
2025-07-26_14-36-26-242_DQ303JW-FRA.jpg,DQ-303-JW,DQ-303-JW,0.9999,1,1,DQ303JW,DQ303JW
2025-07-26_11-41-56-300_GR930GT-FRA.jpg,GR-930-GT,GR-930-GT,0.9329,1,1,GR930GT,GR930GT
2025-07-26_10-06-50-105_FH729KE-FRA.jpg,FH-729-KE,FH-729-KE,0.9990,1,1,FH729KE,FH729KE
2025-07-26_14-25-56-875_AS014JR-FRA.jpg,AS-014-JR,AS-014-JR,0.9987,1,1,AS014JR,AS014JR
2025-07-26_10-07-50-592_AQ863RW-FRA.jpg,AQ-863-RW,AQ-863-RW,0.9996,1,1,AQ863RW,AQ863RW
2025-07-26_09-32-16-294_GK033TF-FRA.jpg,.GK-033-TF.,.GK-033-TF.,0.9604,1,1,GK033TF,GK033TF
2025-07-26_13-02-05-409_AX828EA-FRA.jpg,AX-828-EA,AX-828-EA,0.9994,1,1,AX828EA,AX828EA
2025-07-26_10-12-56-067_DQ919KE-FRA.jpg,DQ-919-KE,DQ-919-KE,0.9963,1,1,DQ919KE,DQ919KE
2025-07-26_17-23-39-869_GY134XC-FRA.jpg,GY-134-XC,GY-134-XC,0.9999,1,1,GY134XC,GY134XC
2025-07-26_12-09-46-315_EK171QN-FRA.jpg,EK-171-QN.,EK-171-QN.,0.9988,1,1,EK171QN,EK171QN
2025-07-26_15-20-23-829_FC925DS-FRA.jpg,FC-925-DS,FC-925-DS,0.9960,1,1,FC925DS,FC925DS
2025-07-26_17-43-35-675_FZ571ZS-FRA.jpg,FZ-571-ZS,FZ-571-ZS,0.9999,1,1,FZ571ZS,FZ571ZS
2025-07-26_12-32-13-160_CW872DB-FRA.jpg,CW-872-DB,CW-872-DB,0.9987,1,1,CW872DB,CW872DB
2025-07-26_10-35-23-044_GP112BJ-FRA.jpg,GP-112-BJ,GP-112-BJ,1.0000,1,1,GP112BJ,GP112BJ
2025-07-26_12-59-25-536_DV737SR-FRA.jpg,DV737.SR,DV737.SR,0.9984,1,1,DV737SR,DV737SR
2025-07-26_12-49-45-686_EK210KF-FRA.jpg,EK-210-KF,EK-210-KF,0.9999,1,1,EK210KF,EK210KF
2025-07-26_14-16-39-949_GR241TF-FRA.jpg,GR-241-TF,GR-241-TF,0.9978,1,1,GR241TF,GR241TF
2025-07-26_09-58-09-935_BC278FE-FRA.jpg,BC-278-FE.,BC-278-FE.,0.9957,1,1,BC278FE,BC278FE
2025-07-26_10-45-55-166_CP509LH-FRA.jpg,CP-509-LH,CP-509-LH,0.9997,1,1,CP509LH,CP509LH
2025-07-26_16-12-52-792_EF543HA-FRA.jpg,EF-543-HA.,EF-543-HA.,0.9797,1,1,EF543HA,EF543HA
2025-07-26_17-34-33-557_HD382KB-FRA.jpg,HD-382-KB,HD-382-KB,1.0000,1,1,HD382KB,HD382KB
2025-07-26_12-39-38-026_EH850SJ-FRA.jpg,EH-850-SJ,EH-850-SJ,0.9859,1,1,EH850SJ,EH850SJ
2025-07-26_11-13-57-726_DG392HF-FRA.jpg,DG-392-HF,DG-392-HF,0.9499,1,1,DG392HF,DG392HF
2025-07-26_12-55-44-088_FB213SG-FRA.jpg,FB-213-SG,FB-213-SG,1.0000,1,1,FB213SG,FB213SG
2025-07-26_11-43-37-228_FH101FZ-FRA.jpg,FH-101-FZ,FH-101-FZ,0.9862,1,1,FH101FZ,FH101FZ
2025-07-26_12-54-00-078_CE269GS-FRA.jpg,CE-269-GS,CE-269-GS,0.9991,1,1,CE269GS,CE269GS
2025-07-26_16-00-23-732_GL396FC-FRA.jpg,GL-396-FC,GL-396-FC,0.9482,1,1,GL396FC,GL396FC
2025-07-26_10-16-11-585_FR658DR-FRA.jpg,FR658-DR,FR658-DR,0.9477,1,1,FR658DR,FR658DR
2025-07-26_13-40-07-947_BZ600MR-FRA.jpg,BZ-600-MR,BZ-600-MR,0.9507,1,1,BZ600MR,BZ600MR
2025-07-26_17-43-52-201_DP656KQ-FRA.jpg,DP656KQ,DP656KQ,0.9612,1,1,DP656KQ,DP656KQ
2025-07-26_17-00-45-477_EM925TB-FRA.jpg,EM-925-TB,EM-925-TB,1.0000,1,1,EM925TB,EM925TB
2025-07-26_09-04-28-408_DG874WN-FRA.jpg,DG-874-WN,DG-874-WN,0.9815,1,1,DG874WN,DG874WN
2025-07-26_16-40-39-619_GZ816VL-FRA.jpg,GZ-816-VL.,GZ-816-VL.,0.9996,1,1,GZ816VL,GZ816VL
2025-07-26_09-03-56-865_FA407MT-FRA.jpg,FA-407-MT,FA-407-MT,0.9781,1,1,FA407MT,FA407MT
2025-07-26_10-34-04-614_DB997HJ-FRA.jpg,DB-997-HJ,DB-997-HJ,0.9997,1,1,DB997HJ,DB997HJ
2025-07-26_10-39-49-400_FX716EH-FRA.jpg,FX-716-EH,FX-716-EH,0.9650,1,1,FX716EH,FX716EH
2025-07-26_11-09-29-470_EM520BZ-ITA.jpg,EM-520.BZ,EM-520.BZ,0.9998,1,1,EM520BZ,EM520BZ
2025-07-26_18-22-54-967_AT225SA-FRA.jpg,AT-225SA,AT-225SA,0.9880,1,1,AT225SA,AT225SA
2025-07-26_12-19-56-900_AZ688HY-FRA.jpg,AZ-688-HY,AZ-688-HY,0.9966,1,1,AZ688HY,AZ688HY
2025-07-26_12-37-45-065_GP627BV-FRA.jpg,GP-627-BV,GP-627-BV,0.9996,1,1,GP627BV,GP627BV
2025-07-26_12-56-33-399_FM286FJ-FRA.jpg,FM-286-FJ,FM-286-FJ,1.0000,1,1,FM286FJ,FM286FJ
2025-07-26_13-13-05-700_GB057HJ-FRA.jpg,GB-057-HJ,GB-057-HJ,0.9987,1,1,GB057HJ,GB057HJ
2025-07-26_14-14-23-863_GT882BQ-FRA.jpg,GT-882-BQ,GT-882-BQ,1.0000,1,1,GT882BQ,GT882BQ
2025-07-26_11-22-52-627_DR748BH-FRA.jpg,DR748BH,DR748BH,0.9961,1,1,DR748BH,DR748BH
2025-07-26_14-06-39-283_GZ957QS-FRA.jpg,GZ-957-QS.,GZ-957-QS.,0.9532,1,1,GZ957QS,GZ957QS
2025-07-26_10-38-52-607_AQ303MY-FRA.jpg,AQ.303.MY,AQ.303.MY,1.0000,1,1,AQ303MY,AQ303MY
2025-07-26_16-09-42-750_BH011SR-FRA.jpg,BH-011-SR,BH-011-SR,0.9987,1,1,BH011SR,BH011SR
2025-07-26_16-53-35-068_FW759FG-FRA.jpg,FW-759-FG,FW-759-FG,1.0000,1,1,FW759FG,FW759FG
2025-07-26_10-45-10-431_GE185TA-FRA.jpg,GE-185-TA,GE-185-TA,0.9986,1,1,GE185TA,GE185TA
2025-07-26_13-01-57-657_CP548VD-FRA.jpg,CP-548-VD,CP-548-VD,0.9905,1,1,CP548VD,CP548VD
2025-07-26_10-54-54-627_GG113QF-FRA.jpg,GG-113-QF,GG-113-QF,0.9906,1,1,GG113QF,GG113QF
2025-07-26_13-05-13-552_HC367ZA-FRA.jpg,HC-367-ZA.,HC-367-ZA.,1.0000,1,1,HC367ZA,HC367ZA
2025-07-26_10-31-42-879_EK120KA-FRA.jpg,EK-120-KA,EK-120-KA,1.0000,1,1,EK120KA,EK120KA
2025-07-26_17-52-26-710_AK210WV-FRA.jpg,AK-210-WV,AK-210-WV,0.9927,1,1,AK210WV,AK210WV
2025-07-26_10-01-03-855_FM607BK-FRA.jpg,FM.607.BK,FM.607.BK,1.0000,1,1,FM607BK,FM607BK
2025-07-26_14-11-52-862_EV980MD-FRA.jpg,EV-980-MD,EV-980-MD,0.9789,1,1,EV980MD,EV980MD
2025-07-26_14-23-28-630_CN780SC-FRA.jpg,CN-780-SC,CN-780-SC,0.9861,1,1,CN780SC,CN780SC
2025-07-26_16-09-19-585_EE583TH-FRA.jpg,EE-583-TH,EE-583-TH,0.9876,1,1,EE583TH,EE583TH
2025-07-26_17-09-41-229_GK460QN-FRA.jpg,GK-460-QN,GK-460-QN,1.0000,1,1,GK460QN,GK460QN
2025-07-26_10-47-22-208_DD471QN-FRA.jpg,DD-471-QN,DD-471-QN,0.9503,1,1,DD471QN,DD471QN
2025-07-26_12-12-13-094_BX958EX-FRA.jpg,BX.958EX,BX.958EX,0.9863,1,1,BX958EX,BX958EX
2025-07-26_12-44-48-776_GN425YG-FRA.jpg,GN-425-YG,GN-425-YG,0.9986,1,1,GN425YG,GN425YG
2025-07-26_12-55-52-356_FR920TL-FRA.jpg,FR-920-TL,FR-920-TL,1.0000,1,1,FR920TL,FR920TL
2025-07-26_16-27-21-659_GT199WS-FRA.jpg,GT-199WS.,GT-199WS.,1.0000,1,1,GT199WS,GT199WS
2025-07-26_10-55-21-151_AC102LQ-FRA.jpg,AC-102-LQ,AC-102-LQ,0.9993,1,1,AC102LQ,AC102LQ
2025-07-26_14-26-58-327_GP332YA-FRA.jpg,GP-332-YA,GP-332-YA,1.0000,1,1,GP332YA,GP332YA
2025-07-26_11-36-13-275_CQ699TE-FRA.jpg,C,C,1.0000,1,1,C,C
2025-07-26_12-06-01-255_EX435BR-FRA.jpg,EX-435-BR,EX-435-BR,0.9999,1,1,EX435BR,EX435BR
2025-07-26_10-32-36-140_EQ775XB-FRA.jpg,EQ-775-XB,EQ-775-XB,0.9996,1,1,EQ775XB,EQ775XB
2025-07-26_12-28-19-342_EG239GE-FRA.jpg,EG-239-GE,EG-239-GE,0.9841,1,1,EG239GE,EG239GE
2025-07-26_10-36-33-298_FV273FX-FRA.jpg,FV-273-FX.,FV-273-FX.,0.9997,1,1,FV273FX,FV273FX
2025-07-26_15-37-32-092_HA021AA-FRA.jpg,HA-021-AA,HA-021-AA,0.9990,1,1,HA021AA,HA021AA
2025-07-26_12-40-51-454_BL752DQ-FRA.jpg,BL-752-DQ,BL-752-DQ,0.9995,1,1,BL752DQ,BL752DQ
2025-07-26_16-21-15-785_DP486DH-FRA.jpg,DP-486-DH,DP-486-DH,1.0000,1,1,DP486DH,DP486DH
2025-07-26_17-49-03-779_FJ956QR-FRA.jpg,FJ-956-QR,FJ-956-QR,1.0000,1,1,FJ956QR,FJ956QR
2025-07-26_14-20-36-569_FR598LL-FRA.jpg,FR-598-LL,FR-598-LL,1.0000,1,1,FR598LL,FR598LL
2025-07-26_15-23-53-602_EH400LG-FRA.jpg,EH-400-LG,EH-400-LG,0.9997,1,1,EH400LG,EH400LG
2025-07-26_13-08-56-501_GV045ZS-FRA.jpg,GV-045-ZS,GV-045-ZS,0.9485,1,1,GV045ZS,GV045ZS
2025-07-26_11-45-26-624_FR107LM-FRA.jpg,FR-107-LM,FR-107-LM,0.9669,1,1,FR107LM,FR107LM
2025-07-26_10-25-50-628_BV440MF-FRA.jpg,BV-440-MF,BV-440-MF,1.0000,1,1,BV440MF,BV440MF
2025-07-26_09-34-18-442_FN368YT-FRA.jpg,FN-368-YT,FN-368-YT,1.0000,1,1,FN368YT,FN368YT
2025-07-26_18-17-31-733_HE415BP-FRA.jpg,HE-415-BP,HE-415-BP,1.0000,1,1,HE415BP,HE415BP
2025-07-26_13-58-43-991_DQ436KA-FRA.jpg,DQ-436-KA,DQ-436-KA,0.9903,1,1,DQ436KA,DQ436KA
2025-07-26_13-10-01-660_GZ044FN-FRA.jpg,GZ-044-FN,GZ-044-FN,0.9981,1,1,GZ044FN,GZ044FN
2025-07-26_12-01-58-014_FR190NE-FRA.jpg,FR-190-NE,FR-190-NE,1.0000,1,1,FR190NE,FR190NE
2025-07-26_14-15-19-177_HB394HA-FRA.jpg,HB-394-HA,HB-394-HA,1.0000,1,1,HB394HA,HB394HA
2025-07-26_09-23-11-267_BY870JN-FRA.jpg,BY-870JN,BY-870JN,0.9998,1,1,BY870JN,BY870JN
2025-07-26_09-20-02-074_DA819YM-FRA.jpg,DA-819-YM,DA-819-YM,0.9959,1,1,DA819YM,DA819YM
2025-07-26_10-23-25-339_HC036HX-FRA.jpg,HC-036-HX,HC-036-HX,1.0000,1,1,HC036HX,HC036HX
2025-07-26_09-28-30-388_BW854GT-FRA.jpg,BW-854-GT,BW-854-GT,0.9998,1,1,BW854GT,BW854GT
2025-07-26_17-52-29-725_GB694CH-FRA.jpg,GB-694-CH,GB-694-CH,1.0000,1,1,GB694CH,GB694CH
2025-07-26_11-40-05-852_FE415NQ-FRA.jpg,FE-415-NQ,FE-415-NQ,0.9464,1,1,FE415NQ,FE415NQ
2025-07-26_13-10-16-130_BN626QN-FRA.jpg,BN-626-QN,BN-626-QN,0.9995,1,1,BN626QN,BN626QN
2025-07-26_12-52-11-543_CN690GG-FRA.jpg,CN-690-GG,CN-690-GG,0.9994,1,1,CN690GG,CN690GG
2025-07-26_12-56-37-627_AC015AB-FRA.jpg,AC-015-AB,AC-015-AB,1.0000,1,1,AC015AB,AC015AB
2025-07-26_11-29-27-795_CL181SN-FRA.jpg,CL-181-SN,CL-181-SN,0.9717,1,1,CL181SN,CL181SN
2025-07-26_14-08-44-161_BG846ZD-FRA.jpg,BG-846.ZD,BG-846.ZD,0.9765,1,1,BG846ZD,BG846ZD
2025-07-26_09-41-31-244_CL615XP-FRA.jpg,CL-615-XP,CL-615-XP,1.0000,1,1,CL615XP,CL615XP
2025-07-26_12-09-53-292_DN062YZ-FRA.jpg,DN-062-YZ,DN-062-YZ,1.0000,1,1,DN062YZ,DN062YZ
2025-07-26_10-51-31-336_DY636LV-FRA.jpg,DY-636-LV,DY-636-LV,0.9736,1,1,DY636LV,DY636LV
2025-07-26_09-10-58-848_AX874SM-FRA.jpg,AX-874-SM,AX-874-SM,1.0000,1,1,AX874SM,AX874SM
2025-07-26_10-48-24-499_FF279DJ-FRA.jpg,FF-279-DJ,FF-279-DJ,1.0000,1,1,FF279DJ,FF279DJ
2025-07-26_13-48-37-252_FN737MC-FRA.jpg,FN-737-MC,FN-737-MC,1.0000,1,1,FN737MC,FN737MC
2025-07-26_16-37-51-644_HC829CP-FRA.jpg,HC-829-CP,HC-829-CP,0.9999,1,1,HC829CP,HC829CP
2025-07-26_10-08-19-938_HA433JB-FRA.jpg,HA.433.JB,HA.433.JB,0.9997,1,1,HA433JB,HA433JB
2025-07-26_11-31-50-419_BQ843KD-FRA.jpg,BQ-843-KD,BQ-843-KD,0.9998,1,1,BQ843KD,BQ843KD
2025-07-26_18-13-20-504_FZ766NN-FRA.jpg,FZ.766.NN,FZ.766.NN,0.9996,1,1,FZ766NN,FZ766NN
2025-07-26_16-23-51-771_GR031HP-FRA.jpg,GR-031-HP,GR-031-HP,0.9685,1,1,GR031HP,GR031HP
2025-07-26_13-20-06-567_FG181WV-FRA.jpg,FG-181-WV,FG-181-WV,0.9996,1,1,FG181WV,FG181WV
2025-07-26_11-26-48-114_EW201HB-FRA.jpg,EW-201-HB,EW-201-HB,0.9937,1,1,EW201HB,EW201HB
2025-07-26_12-12-33-653_FT730DG-FRA.jpg,FT-730-DG,FT-730-DG,0.9744,1,1,FT730DG,FT730DG
2025-07-26_11-36-39-120_EL213BC-FRA.jpg,EL-213-BC.,EL-213-BC.,0.9655,1,1,EL213BC,EL213BC
2025-07-26_10-00-29-214_GY278RB-FRA.jpg,GY-278-RB,GY-278-RB,1.0000,1,1,GY278RB,GY278RB
2025-07-26_10-33-32-860_FQ499TQ-FRA.jpg,FQ-499-TQ,FQ-499-TQ,0.9953,1,1,FQ499TQ,FQ499TQ
2025-07-26_14-36-45-580_CV346CL-FRA.jpg,CV.346CL,CV.346CL,0.9167,1,1,CV346CL,CV346CL
2025-07-26_16-39-39-316_DF337CF-FRA.jpg,DF-337-CF,DF-337-CF,0.9632,1,1,DF337CF,DF337CF
2025-07-26_10-21-01-663_FV615CH-FRA.jpg,FV-615-CH,FV-615-CH,0.9669,1,1,FV615CH,FV615CH
2025-07-26_11-41-53-660_GZ635WM-FRA.jpg,GZ-635-WM,GZ-635-WM,0.9853,1,1,GZ635WM,GZ635WM
2025-07-26_16-40-18-302_AB923EV-FRA.jpg,AB-923-EV,AB-923-EV,0.9998,1,1,AB923EV,AB923EV
2025-07-26_12-10-30-986_GH379PM-FRA.jpg,GH-379-PM,GH-379-PM,0.9939,1,1,GH379PM,GH379PM
2025-07-26_14-51-50-062_EV308ZY-FRA.jpg,EV-308-ZY,EV-308-ZY,0.9876,1,1,EV308ZY,EV308ZY
2025-07-26_09-24-34-769_GL914XK-FRA.jpg,GL-914-XK.,GL-914-XK.,0.9573,1,1,GL914XK,GL914XK
2025-07-26_13-09-51-762_DM794YF-FRA.jpg,DM-794YF,DM-794YF,0.9845,1,1,DM794YF,DM794YF
2025-07-26_15-30-18-799_EP824QS-FRA.jpg,EP-824-QS,EP-824-QS,1.0000,1,1,EP824QS,EP824QS
2025-07-26_12-36-40-941_AD419CH-FRA.jpg,AD-419-CH,AD-419-CH,0.9994,1,1,AD419CH,AD419CH
2025-07-26_09-52-10-534_AK061JZ-FRA.jpg,AK-061-JZ,AK-061-JZ,0.9999,1,1,AK061JZ,AK061JZ
2025-07-26_11-32-39-757_DK815EX-FRA.jpg,DK-815-EX,DK-815-EX,0.9994,1,1,DK815EX,DK815EX
2025-07-26_10-07-39-690_BE491JF-FRA.jpg,BE491JF,BE491JF,0.9999,1,1,BE491JF,BE491JF
2025-07-26_13-20-17-850_DE671NK-FRA.jpg,DE-671-NK,DE-671-NK,0.9614,1,1,DE671NK,DE671NK
2025-07-26_12-10-20-013_ED456JK-FRA.jpg,ED-456-JK,ED-456-JK,0.9943,1,1,ED456JK,ED456JK
2025-07-26_14-35-00-386_GJ186GG-FRA.jpg,GJ-186-GG,GJ-186-GG,0.9430,1,1,GJ186GG,GJ186GG
2025-07-26_13-16-06-041_BE032FL-FRA.jpg,BE-032-FL.,BE-032-FL.,1.0000,1,1,BE032FL,BE032FL
2025-07-26_13-04-05-010_EL274YR-FRA.jpg,EL-274-YR,EL-274-YR,1.0000,1,1,EL274YR,EL274YR
2025-07-26_13-04-41-339_GB997VE-FRA.jpg,GB-997-VE,GB-997-VE,0.9719,1,1,GB997VE,GB997VE
2025-07-26_13-09-01-758_GX304DZ-FRA.jpg,GX-304-DZ,GX-304-DZ,0.9995,1,1,GX304DZ,GX304DZ
2025-07-26_09-24-10-888_GR190JN-FRA.jpg,GR190JN,GR190JN,0.9987,1,1,GR190JN,GR190JN
2025-07-26_13-40-21-686_DX195PM-FRA.jpg,DX-195-PM,DX-195-PM,0.9999,1,1,DX195PM,DX195PM
2025-07-26_10-16-45-693_BD851KK-FRA.jpg,BD-851-KK,BD-851-KK,0.9856,1,1,BD851KK,BD851KK
2025-07-26_10-33-06-128_GZ696WX-FRA.jpg,GZ-696-WX,GZ-696-WX,0.9512,1,1,GZ696WX,GZ696WX
2025-07-26_09-31-08-610_HE746CQ-FRA.jpg,HE-746-CQ,HE-746-CQ,0.9968,1,1,HE746CQ,HE746CQ
2025-07-26_15-06-43-054_EH769FP-FRA.jpg,EH-769-FP,EH-769-FP,0.9995,1,1,EH769FP,EH769FP
2025-07-26_11-38-02-371_HD931FF-FRA.jpg,HD931FF,HD931FF,0.9051,1,1,HD931FF,HD931FF
2025-07-26_11-37-52-071_GB156CL-FRA.jpg,GB-156-CL.,GB-156-CL.,0.9910,1,1,GB156CL,GB156CL
2025-07-26_13-10-17-359_GT502PW-FRA.jpg,.GT.502.PW.,.GT.502.PW.,0.9993,1,1,GT502PW,GT502PW
2025-07-26_11-51-23-579_EB320FB-FRA.jpg,EB320FB,EB320FB,0.9991,1,1,EB320FB,EB320FB
2025-07-26_10-02-55-636_GK087QX-FRA.jpg,GK-087-QX,GK-087-QX,1.0000,1,1,GK087QX,GK087QX
2025-07-26_13-19-23-066_EN906FH-FRA.jpg,EN-906-FH,EN-906-FH,0.9969,1,1,EN906FH,EN906FH
2025-07-26_10-44-45-123_CM898SB-FRA.jpg,CM-898-SB,CM-898-SB,1.0000,1,1,CM898SB,CM898SB
2025-07-26_10-25-20-951_GK926WQ-FRA.jpg,GK-926-WQ,GK-926-WQ,1.0000,1,1,GK926WQ,GK926WQ
2025-07-26_09-57-49-173_AB475BZ-FRA.jpg,AB-475-BZ,AB-475-BZ,1.0000,1,1,AB475BZ,AB475BZ
2025-07-26_09-12-14-489_DE443PE-FRA.jpg,DE-443-PE,DE-443-PE,0.9935,1,1,DE443PE,DE443PE
2025-07-26_10-34-32-314_BS503NC-FRA.jpg,BS-503-NC,BS-503-NC,0.9998,1,1,BS503NC,BS503NC
2025-07-26_09-51-47-031_ED762JR-FRA.jpg,ED-762-JR,ED-762-JR,0.9999,1,1,ED762JR,ED762JR
2025-07-26_12-09-29-682_FC629EE-FRA.jpg,FC.629-EE,FC.629-EE,0.9972,1,1,FC629EE,FC629EE
2025-07-26_09-58-32-046_GH263HF-FRA.jpg,GH-263-HF,GH-263-HF,0.9902,1,1,GH263HF,GH263HF
2025-07-26_13-09-06-034_GM995XD-FRA.jpg,GM-995-XD,GM-995-XD,0.9994,1,1,GM995XD,GM995XD
2025-07-26_13-23-19-972_GS458TQ-FRA.jpg,GS-458-TQ,GS-458-TQ,0.9999,1,1,GS458TQ,GS458TQ
2025-07-26_11-02-21-975_FP403XS-FRA.jpg,FP-403-XS,FP-403-XS,0.9993,1,1,FP403XS,FP403XS
2025-07-26_09-36-05-952_DC666MS-FRA.jpg,DC.666.MS,DC.666.MS,0.9998,1,1,DC666MS,DC666MS
2025-07-26_12-03-24-623_DR213GL-FRA.jpg,DR-213-GL,DR-213-GL,0.9979,1,1,DR213GL,DR213GL
2025-07-26_09-51-26-587_DM763QT-FRA.jpg,DM-763-QT.,DM-763-QT.,1.0000,1,1,DM763QT,DM763QT
2025-07-26_15-59-33-745_GE877BY-FRA.jpg,GE-877-BY,GE-877-BY,0.9796,1,1,GE877BY,GE877BY
2025-07-26_15-49-58-324_ES354DM-FRA.jpg,ES-354-DM,ES-354-DM,1.0000,1,1,ES354DM,ES354DM
2025-07-26_11-00-40-954_AR654FJ-FRA.jpg,AR-654-FJ,AR-654-FJ,0.9999,1,1,AR654FJ,AR654FJ
2025-07-26_10-18-17-369_FY704EJ-FRA.jpg,FY-704-EJ,FY-704-EJ,0.9555,1,1,FY704EJ,FY704EJ
2025-07-26_13-59-56-100_GL630PK-FRA.jpg,GL-630-PK,GL-630-PK,0.9977,1,1,GL630PK,GL630PK
2025-07-26_17-23-26-492_DW336EE-FRA.jpg,DW-336-EE,DW-336-EE,0.9524,1,1,DW336EE,DW336EE
2025-07-26_13-23-21-856_GS458TQ-FRA.jpg,GS-458-TQ,GS-458-TQ,0.9998,1,1,GS458TQ,GS458TQ
2025-07-26_15-31-06-441_AX346LD-FRA.jpg,AX-346-LD,AX-346-LD,0.9769,1,1,AX346LD,AX346LD
2025-07-26_09-47-23-620_CD455RD-FRA.jpg,CD-455-RD,CD-455-RD,1.0000,1,1,CD455RD,CD455RD
2025-07-26_11-15-31-782_DV251BE-FRA.jpg,DV-251-BE,DV-251-BE,0.9887,1,1,DV251BE,DV251BE
2025-07-26_10-35-41-478_CR610YP-FRA.jpg,CR-610-YP,CR-610-YP,0.9989,1,1,CR610YP,CR610YP
2025-07-26_14-20-48-205_DZ766XF-FRA.jpg,DZ-766-XF,DZ-766-XF,0.9935,1,1,DZ766XF,DZ766XF
2025-07-26_17-55-03-133_HB484ZN-FRA.jpg,HB-484-ZN.,HB-484-ZN.,0.9932,1,1,HB484ZN,HB484ZN
2025-07-26_18-23-52-107_FL617XN-FRA.jpg,FL-617-XN,FL-617-XN,0.9999,1,1,FL617XN,FL617XN
2025-07-26_14-14-36-784_BR838QA-FRA.jpg,BR-838-QA,BR-838-QA,1.0000,1,1,BR838QA,BR838QA
2025-07-26_12-26-14-679_DH888MT-FRA.jpg,DH-888-MT,DH-888-MT,0.9997,1,1,DH888MT,DH888MT
2025-07-26_13-24-16-392_GH407FG-FRA.jpg,GH-407-FG,GH-407-FG,1.0000,1,1,GH407FG,GH407FG
2025-07-26_11-46-44-121_DN730HZ-FRA.jpg,DN-730-HZ,DN-730-HZ,1.0000,1,1,DN730HZ,DN730HZ
2025-07-26_10-55-37-595_DG522EV-FRA.jpg,DG-522-EV,DG-522-EV,0.9998,1,1,DG522EV,DG522EV
2025-07-26_10-18-51-834_EV619SC-FRA.jpg,EV-619-SC,EV-619-SC,0.9670,1,1,EV619SC,EV619SC
2025-07-26_10-18-33-058_AL443SM-FRA.jpg,AL-443-SM,AL-443-SM,0.9494,1,1,AL443SM,AL443SM
2025-07-26_13-29-02-511_HC825HY-FRA.jpg,HC-825-HY,HC-825-HY,0.9999,1,1,HC825HY,HC825HY
2025-07-26_12-37-55-945_BF956MX-FRA.jpg,BF-956-MX.,BF-956-MX.,1.0000,1,1,BF956MX,BF956MX
2025-07-26_17-59-04-028_FS718HD-FRA.jpg,FS-718-HD,FS-718-HD,1.0000,1,1,FS718HD,FS718HD
2025-07-26_16-59-04-863_FF598LA-FRA.jpg,FF-598-LA,FF-598-LA,1.0000,1,1,FF598LA,FF598LA
2025-07-26_11-38-03-181_HD931FF-FRA.jpg,HD-931-FF,HD-931-FF,0.9876,1,1,HD931FF,HD931FF
2025-07-26_13-17-00-354_BK878BB-FRA.jpg,BK-878-BB,BK-878-BBB,0.9346,0,0,BK878BB,BK878BBB
2025-07-26_11-18-35-778_GE688AM-FRA.jpg,GE-688-AM,GE-688-AM,0.9982,1,1,GE688AM,GE688AM
2025-07-26_12-26-18-413_BD552AL-FRA.jpg,BD-552-AL.,BD-552-AL.,1.0000,1,1,BD552AL,BD552AL
2025-07-26_09-53-50-864_BC507FH-FRA.jpg,BC-507-FH,BC-507-FH,0.9996,1,1,BC507FH,BC507FH
2025-07-26_10-21-40-342_DW443LZ-FRA.jpg,DW-443-LZ,DW-443-LZ,1.0000,1,1,DW443LZ,DW443LZ
2025-07-26_12-09-01-165_AW290TM-FRA.jpg,AW-290-TM,AW-290-TM,1.0000,1,1,AW290TM,AW290TM
2025-07-26_09-27-35-544_CH123BS-FRA.jpg,CH-123BS,CH-123BS,0.9871,1,1,CH123BS,CH123BS
2025-07-26_14-22-01-065_DA576CH-FRA.jpg,DA-576-CH,DA-576-CH,1.0000,1,1,DA576CH,DA576CH
2025-07-26_12-28-26-410_FP620DV-FRA.jpg,FP620DV,FP620DV,0.9668,1,1,FP620DV,FP620DV
2025-07-26_12-38-22-280_GP132PC-FRA.jpg,GP-132-PC,GP-132-PC,0.9982,1,1,GP132PC,GP132PC
2025-07-26_15-38-14-438_GN451ME-FRA.jpg,GN-451-ME,GN-451-ME,0.9993,1,1,GN451ME,GN451ME
2025-07-26_17-14-19-758_CB821FL-FRA.jpg,.CB-821-FL.,.CB-821-FL.,0.9871,1,1,CB821FL,CB821FL
2025-07-26_12-30-16-909_GQ614HJ-FRA.jpg,GQ-614-HJ,GQ-614-HJ,0.9998,1,1,GQ614HJ,GQ614HJ
2025-07-26_17-53-40-261_CQ470PG-FRA.jpg,CQ-470-PG,CQ-470-PG,0.9392,1,1,CQ470PG,CQ470PG
2025-07-26_12-44-12-177_HC458CA-FRA.jpg,HC-458-CA,HC-458-CA,0.9484,1,1,HC458CA,HC458CA
2025-07-26_11-06-01-255_BS120LP-FRA.jpg,BS-120-LP,BS-120-LP,0.9787,1,1,BS120LP,BS120LP
2025-07-26_11-03-58-217_AV046RQ-FRA.jpg,AV-046-RQ,AV-046-RQ,0.9999,1,1,AV046RQ,AV046RQ
2025-07-26_12-46-16-462_GC716GR-FRA.jpg,GC-716-GR,GC-716-GR,1.0000,1,1,GC716GR,GC716GR
2025-07-26_16-31-27-469_CR175BB-FRA.jpg,CR-175-BB,CR-175-BB,0.9998,1,1,CR175BB,CR175BB
2025-07-26_16-07-07-994_GA437PB-FRA.jpg,GA-437-PB,GA-437-PB,0.9978,1,1,GA437PB,GA437PB
2025-07-26_15-20-01-425_EF800NX-FRA.jpg,EF-800-NX,EF-800-NX,0.9997,1,1,EF800NX,EF800NX
2025-07-26_16-28-24-059_FA276LW-FRA.jpg,FA-276-LW,FA-276-LW,1.0000,1,1,FA276LW,FA276LW
2025-07-26_18-26-52-941_BP340DT-FRA.jpg,BP-340-DT,BP-340-DT,0.9997,1,1,BP340DT,BP340DT
2025-07-26_12-48-47-460_FW515LW-FRA.jpg,FW-515-LW,FW-515-LW,0.9616,1,1,FW515LW,FW515LW
2025-07-26_11-27-06-977_BY923ZH-FRA.jpg,BY-923-ZH,BY-923-ZH,1.0000,1,1,BY923ZH,BY923ZH
2025-07-26_10-08-49-187_GJ380RZ-FRA.jpg,GJ-380-RZ,GJ-380-RZ,1.0000,1,1,GJ380RZ,GJ380RZ
2025-07-26_09-19-22-393_HC372CL-FRA.jpg,HC-372-CL,HC-372-CL,0.9998,1,1,HC372CL,HC372CL
2025-07-26_15-01-30-367_FQ730NY-FRA.jpg,FQ-730-NY.,FQ-730-NY.,0.9684,1,1,FQ730NY,FQ730NY
2025-07-26_11-26-56-225_EE644XD-FRA.jpg,EE-644-XD,EE-644-XD,0.9972,1,1,EE644XD,EE644XD
2025-07-26_14-08-43-646_EB153NT-FRA.jpg,EB-153-NT,EB-153-NT,0.9983,1,1,EB153NT,EB153NT
2025-07-26_16-30-00-087_EG368ET-FRA.jpg,EG-368-ET,EG-368-ET,0.9936,1,1,EG368ET,EG368ET
2025-07-26_14-02-06-887_FK109KC-FRA.jpg,FK-109-KC,FK-109-KC,0.9837,1,1,FK109KC,FK109KC
2025-07-26_11-09-55-270_HB187ZY-FRA.jpg,HB-187-ZY.,HB-187-ZY.,1.0000,1,1,HB187ZY,HB187ZY
2025-07-26_14-50-23-601_BE401GQ-FRA.jpg,BE-401-GQ,BE-401-GQ,0.9999,1,1,BE401GQ,BE401GQ
2025-07-26_17-41-41-294_ER924EG-FRA.jpg,ER-924-EG,ER-924-EG,0.9990,1,1,ER924EG,ER924EG
2025-07-26_12-26-10-395_AE396TY-FRA.jpg,AE-396-TY,AE-396-TY,1.0000,1,1,AE396TY,AE396TY
2025-07-26_18-16-51-205_BS535NT-FRA.jpg,BS.535.NT,BS.535.NT,0.9526,1,1,BS535NT,BS535NT
2025-07-26_11-38-44-039_DH277AM-FRA.jpg,DH-277-AM,DH-277-AM,1.0000,1,1,DH277AM,DH277AM
2025-07-26_10-07-29-896_FX183WV-FRA.jpg,FX-183-WV,FX-183-WV,1.0000,1,1,FX183WV,FX183WV
2025-07-26_10-40-25-122_GW278MY-FRA.jpg,GW-278-MY.,GW-278-MY.,0.9998,1,1,GW278MY,GW278MY
2025-07-26_13-15-08-335_EW219CD-FRA.jpg,EW-219-CD,EW-219-CD,0.9873,1,1,EW219CD,EW219CD
2025-07-26_17-34-51-817_GY208BT-FRA.jpg,GY-208-BT,GY-208-BT,0.9953,1,1,GY208BT,GY208BT
2025-07-26_14-51-40-818_HD788QV-FRA.jpg,HD-788-QV,HD-788-QV,0.9999,1,1,HD788QV,HD788QV
2025-07-26_15-50-56-013_DX751CY-FRA.jpg,DX-751-CY,DX-751-CY,0.9634,1,1,DX751CY,DX751CY
2025-07-26_11-33-31-970_AQ282VC-FRA.jpg,AQ282VC,AQ282VC,1.0000,1,1,AQ282VC,AQ282VC
2025-07-26_09-18-34-868_GF327BR-FRA.jpg,GF-327-BR,GF-327-BR,1.0000,1,1,GF327BR,GF327BR
2025-07-26_10-16-34-138_CE624CB-FRA.jpg,CE.624.CB,CE.624.CB,0.9881,1,1,CE624CB,CE624CB
2025-07-26_13-25-38-604_BS280VH-FRA.jpg,BS-280-VH,BS-280-VH,0.9950,1,1,BS280VH,BS280VH
2025-07-26_10-14-18-553_AD712VD-FRA.jpg,AD-712-VD,AD-712-VD,1.0000,1,1,AD712VD,AD712VD
2025-07-26_16-59-03-400_FF598LA-FRA.jpg,FF-598-LA,FF-598-LA,1.0000,1,1,FF598LA,FF598LA
2025-07-26_09-51-18-915_GN397ZX-FRA.jpg,GN-397-ZX,GN-397-ZX,0.9998,1,1,GN397ZX,GN397ZX
2025-07-26_16-27-17-926_GG701YC-FRA.jpg,GG-701-YC,GG-701-YC,1.0000,1,1,GG701YC,GG701YC
2025-07-26_14-33-41-525_GV291EK-FRA.jpg,GV-291-EK,GV-291-EK,0.9979,1,1,GV291EK,GV291EK
2025-07-26_12-01-53-127_BE377GX-ITA.jpg,BE-377-GX,BE-377-GX,0.9999,1,1,BE377GX,BE377GX
2025-07-26_09-32-40-897_GQ821BW-FRA.jpg,GQ-821.BW,GQ-821.BW,0.9993,1,1,GQ821BW,GQ821BW
2025-07-26_11-29-08-272_FW627GF-FRA.jpg,FW-627-GF.,FW-627-GF.,0.9609,1,1,FW627GF,FW627GF
2025-07-26_12-30-25-806_EF507ZR-FRA.jpg,EF-507-ZR,EF-507-ZR,0.9800,1,1,EF507ZR,EF507ZR
2025-07-26_12-35-39-926_FX984YP-FRA.jpg,FX-984-YP,FX-984-YP,1.0000,1,1,FX984YP,FX984YP
2025-07-26_14-24-57-822_GX235LM-FRA.jpg,GX-235-LM,GX-235-LM,0.9995,1,1,GX235LM,GX235LM
2025-07-26_10-48-11-483_DD882BC-FRA.jpg,DD-882-BC,DD-882-BC,0.9992,1,1,DD882BC,DD882BC
2025-07-26_13-03-04-111_AT973VA-FRA.jpg,AT-973-VA,AT-973-VA,0.9996,1,1,AT973VA,AT973VA
2025-07-26_13-26-27-473_GN995QY-FRA.jpg,GN-995-QY,GN-995-QY,0.9999,1,1,GN995QY,GN995QY
2025-07-26_14-22-05-284_BG800SL-FRA.jpg,BG-800-SL,BG-800-SL,1.0000,1,1,BG800SL,BG800SL
2025-07-26_10-35-14-714_EP144XK-FRA.jpg,EP-144-XK,EP-144-XK,1.0000,1,1,EP144XK,EP144XK
2025-07-26_11-32-30-068_FB764HM-FRA.jpg,FB-764-HM,FB-764-HM,1.0000,1,1,FB764HM,FB764HM
2025-07-26_09-34-00-890_DY602HD-FRA.jpg,DY-602-HD,DY-602-HD,0.9974,1,1,DY602HD,DY602HD
2025-07-26_09-29-15-523_AM059FD-FRA.jpg,AM-059-FD,AM-059-FD,0.9990,1,1,AM059FD,AM059FD
2025-07-26_14-24-10-823_GW958LN-FRA.jpg,GW-958-LN,GW-958-LN,1.0000,1,1,GW958LN,GW958LN
2025-07-26_16-30-30-413_CQ688CB-FRA.jpg,CQ-688-CB,CQ-688-CB,0.9995,1,1,CQ688CB,CQ688CB
2025-07-26_11-14-00-365_DX769LG-FRA.jpg,DX-769-LG,DX-769-LG,1.0000,1,1,DX769LG,DX769LG
2025-07-26_13-36-59-575_GX844TZ-FRA.jpg,GX-844-TZ,GX-844-TZ,0.9999,1,1,GX844TZ,GX844TZ
2025-07-26_11-46-44-041_HD811VX-FRA.jpg,HD-811-VX,HD-811-VX,0.9974,1,1,HD811VX,HD811VX
2025-07-26_10-23-20-521_EH429NC-FRA.jpg,EH429NC,EH429NC,0.9992,1,1,EH429NC,EH429NC
2025-07-26_09-20-05-515_GX039YL-FRA.jpg,GX-039-YL.,GX-039-YL.,0.9999,1,1,GX039YL,GX039YL
2025-07-26_09-19-20-234_GK978NV-FRA.jpg,GK-978-NV,GK-978-NV,0.9995,1,1,GK978NV,GK978NV
2025-07-26_17-59-05-146_FS718HD-FRA.jpg,FS-718-HD,FS-718-HD,0.9999,1,1,FS718HD,FS718HD
2025-07-26_12-22-40-139_CA859MY-FRA.jpg,CA-859-MY,CA-859-MY,1.0000,1,1,CA859MY,CA859MY
2025-07-26_10-57-04-947_DK936MV-FRA.jpg,DK-936-MV,DK-936-MV,0.9884,1,1,DK936MV,DK936MV
2025-07-26_11-26-06-653_DC075PZ-FRA.jpg,DC-075-PZ,DC-075-PZ,1.0000,1,1,DC075PZ,DC075PZ
2025-07-26_14-23-43-345_DP095LE-FRA.jpg,DP095LE,DP095LE,0.9967,1,1,DP095LE,DP095LE
2025-07-26_12-34-25-661_GV911VN-FRA.jpg,GV-911-VN,GV-911-VN,0.9999,1,1,GV911VN,GV911VN
2025-07-26_10-34-16-421_DW227HL-FRA.jpg,DW-227-HL,DW-227-HL,0.9996,1,1,DW227HL,DW227HL
2025-07-26_13-09-10-236_DX965QN-FRA.jpg,DX-965-QN,DX-965-QN,0.9709,1,1,DX965QN,DX965QN
2025-07-26_16-05-28-284_CJ724XK-FRA.jpg,CJ-724-XK,CJ-724-XK,1.0000,1,1,CJ724XK,CJ724XK
2025-07-26_12-10-54-196_EC264VA-FRA.jpg,EC-264-VA,EC-264-VA,1.0000,1,1,EC264VA,EC264VA
2025-07-26_12-25-59-695_CV786CD-FRA.jpg,CV-786-CD,CV-786-CD,0.9483,1,1,CV786CD,CV786CD
2025-07-26_13-50-26-055_CS386RD-FRA.jpg,CS-386-RD,CS-386-RD,0.9988,1,1,CS386RD,CS386RD
2025-07-26_11-15-32-821_FB743TS-FRA.jpg,FB-743-TS,FB-743-TS,1.0000,1,1,FB743TS,FB743TS
2025-07-26_12-41-48-847_CE444JE-FRA.jpg,CE-444-JE,CE-444-JE,0.9994,1,1,CE444JE,CE444JE
2025-07-26_09-25-42-609_EK869GT-FRA.jpg,EK-869-GT,EK-869-GT,0.9999,1,1,EK869GT,EK869GT
2025-07-26_10-47-24-448_HD404ZN-FRA.jpg,HD-404-ZN.,HD-404-ZN.,0.9996,1,1,HD404ZN,HD404ZN
2025-07-26_16-06-01-021_GP136DJ-FRA.jpg,GP-136-DJ,GP-136-DJ,1.0000,1,1,GP136DJ,GP136DJ
2025-07-26_09-02-24-660_CX142TW-FRA.jpg,CX-142-TW,CX-142-TW,0.9893,1,1,CX142TW,CX142TW
2025-07-26_13-23-01-325_HA644WM-FRA.jpg,HA.644.WM,HA.644.WM,0.9983,1,1,HA644WM,HA644WM
2025-07-26_10-28-05-802_EB352LG-FRA.jpg,EB.352LG,EB.352LG,1.0000,1,1,EB352LG,EB352LG
2025-07-26_09-15-53-327_BY522AW-FRA.jpg,BY-522-AW,BY-522-AW,0.9975,1,1,BY522AW,BY522AW
2025-07-26_12-48-29-222_BJ322XY-FRA.jpg,BJ-322.XY,BJ-322.XY,0.9999,1,1,BJ322XY,BJ322XY
2025-07-26_10-40-54-775_HC473TF-FRA.jpg,HC-473-TF,HC-473-TF,1.0000,1,1,HC473TF,HC473TF
2025-07-26_13-57-35-535_BZ857XF-FRA.jpg,BZ-857-XF,BZ-857-XF,1.0000,1,1,BZ857XF,BZ857XF
2025-07-26_13-02-49-885_GX366XR-FRA.jpg,GX-366-XR,GX-366-XR,1.0000,1,1,GX366XR,GX366XR
2025-07-26_10-34-08-674_DR153TK-FRA.jpg,DR-153-TK,DR-153-TK,0.9812,1,1,DR153TK,DR153TK
2025-07-26_10-15-38-844_GJ461WX-FRA.jpg,GJ-461-WX,GJ-461-WX,0.9982,1,1,GJ461WX,GJ461WX
2025-07-26_14-29-58-490_BH471JN-FRA.jpg,BH-471-JN,BH-471-JN,0.9998,1,1,BH471JN,BH471JN
2025-07-26_11-43-00-321_FH890CD-FRA.jpg,FH-890-CD,FH-890-CD,0.9993,1,1,FH890CD,FH890CD
2025-07-26_13-01-57-701_AD210MZ-FRA.jpg,AD-210-MZ,AD-210-MZ,1.0000,1,1,AD210MZ,AD210MZ
2025-07-26_17-29-40-369_BF693VZ-FRA.jpg,BF-693-VZ,BF-693-VZ,0.9997,1,1,BF693VZ,BF693VZ
2025-07-26_11-16-31-784_DL013GT-FRA.jpg,DL-013-GT,DL-013-GT,0.9686,1,1,DL013GT,DL013GT
2025-07-26_14-25-20-531_GN420AC-FRA.jpg,GN-420-AC,GN-420-AC,0.9586,1,1,GN420AC,GN420AC
2025-07-26_11-38-48-233_DH277AM-FRA.jpg,DH-277-AM,DH-277-AM,0.9875,1,1,DH277AM,DH277AM
2025-07-26_11-44-18-094_GC731FZ-FRA.jpg,GC-731-FZ,GC-731-FZ,1.0000,1,1,GC731FZ,GC731FZ
2025-07-26_14-07-36-161_EB677RA-FRA.jpg,EB-677-RA,EB-677-RA,0.9998,1,1,EB677RA,EB677RA
2025-07-26_14-50-16-801_HB760SK-FRA.jpg,HB-760-SK,HB-760-SK,0.9999,1,1,HB760SK,HB760SK
2025-07-26_09-38-45-262_AC103BE-FRA.jpg,AC-103-BE.,AC-103-BE.,0.9980,1,1,AC103BE,AC103BE
2025-07-26_10-19-44-582_FB575WP-FRA.jpg,FB-575-WP,FB-575-WP,0.9561,1,1,FB575WP,FB575WP
2025-07-26_13-27-21-110_CQ289KL-FRA.jpg,CQ-289-KL,CQ-289-KL,0.9996,1,1,CQ289KL,CQ289KL
2025-07-26_12-56-34-759_GS359NN-FRA.jpg,GS-359-NN.,GS-359-NN.,0.9999,1,1,GS359NN,GS359NN
2025-07-26_10-35-40-135_BN818CJ-FRA.jpg,BN.818.CJ,BN.818.CJ,1.0000,1,1,BN818CJ,BN818CJ
2025-07-26_12-26-21-799_CX415LE-FRA.jpg,CX-415-LE,CX-415-LE,1.0000,1,1,CX415LE,CX415LE
2025-07-26_09-49-03-691_FL773KP-FRA.jpg,FL-773-KP,FL-773-KP,1.0000,1,1,FL773KP,FL773KP
2025-07-26_10-19-08-037_EW716GD-FRA.jpg,EW-716-GD,EW-716-GD,1.0000,1,1,EW716GD,EW716GD
2025-07-26_09-29-12-538_EY543KN-FRA.jpg,EY-543-KN,EY-543-KN,0.9980,1,1,EY543KN,EY543KN
2025-07-26_12-10-59-405_CT897BX-FRA.jpg,CT-897.BX,CT-897.BX,0.9790,1,1,CT897BX,CT897BX
2025-07-26_12-41-42-420_GK612SD-FRA.jpg,GK-612-SD,GK-612-SD,0.9999,1,1,GK612SD,GK612SD
2025-07-26_16-06-55-510_BL275KE-FRA.jpg,BL-275-KE,BL-275-KE,0.9927,1,1,BL275KE,BL275KE
2025-07-26_16-10-03-550_GX717KR-FRA.jpg,GX-717-KR,GX-717-KR,0.9999,1,1,GX717KR,GX717KR
2025-07-26_11-34-44-790_BZ465MY-FRA.jpg,BZ-465-MY,BZ-465-MY,1.0000,1,1,BZ465MY,BZ465MY
2025-07-26_09-06-42-561_FS653YC-FRA.jpg,FS-653-YC,FS-653-YC,0.9908,1,1,FS653YC,FS653YC
2025-07-26_14-14-52-249_DY370XZ-FRA.jpg,DY-370-XZ,DY-370-XZ,1.0000,1,1,DY370XZ,DY370XZ
2025-07-26_11-11-51-371_EZ400CL-FRA.jpg,EZ-400-CL,EZ-400-CL,1.0000,1,1,EZ400CL,EZ400CL
2025-07-26_10-14-21-347_AM977YK-FRA.jpg,AM-977-YK,AM-977-YK,0.9999,1,1,AM977YK,AM977YK
2025-07-26_11-30-09-048_CJ147TS-FRA.jpg,CJ-147-TS,CJ-147-TS,1.0000,1,1,CJ147TS,CJ147TS
2025-07-26_10-14-12-407_BN341PD-FRA.jpg,BN-341-PD,BN-341-PD,1.0000,1,1,BN341PD,BN341PD
2025-07-26_11-23-45-670_GN973XR-FRA.jpg,GN-973-XR,GN-973-XR,0.9789,1,1,GN973XR,GN973XR
2025-07-26_12-10-19-136_DL112XR-FRA.jpg,DL-112-XR.,DL-112-XR.,0.9999,1,1,DL112XR,DL112XR
2025-07-26_13-32-18-749_CJ903NW-FRA.jpg,CJ-903-NW,CJ-903-NW,1.0000,1,1,CJ903NW,CJ903NW
2025-07-26_10-29-20-980_ED971YJ-FRA.jpg,ED-971-YJ,ED-971-YJ,1.0000,1,1,ED971YJ,ED971YJ
2025-07-26_14-20-50-724_HC528YN-FRA.jpg,HC.528-YN,HC.528-YN,0.9999,1,1,HC528YN,HC528YN
2025-07-26_13-11-27-482_AW209AK-FRA.jpg,AW-209-AK.,AW-209-AK.,1.0000,1,1,AW209AK,AW209AK
2025-07-26_14-46-57-755_CM771AZ-FRA.jpg,CM.771-AZ,CM.771-AZ,0.9999,1,1,CM771AZ,CM771AZ
2025-07-26_09-27-15-041_GG616XL-FRA.jpg,.GG-616-XL..,.GG-616-XL..,0.9953,1,1,GG616XL,GG616XL
2025-07-26_10-07-35-606_GD654RC-FRA.jpg,GD-654-RC,GD-654-RC,0.9705,1,1,GD654RC,GD654RC
2025-07-26_11-09-49-247_AZ427HC-FRA.jpg,AZ-427-HC,AZ-427-HC,0.9999,1,1,AZ427HC,AZ427HC
2025-07-26_09-28-33-242_GT172PT-FRA.jpg,.GT-172-PT.,.GT-172-PT.,0.9721,1,1,GT172PT,GT172PT
2025-07-26_13-37-03-207_FH184PS-FRA.jpg,FH-184-PS,FH-184-PS,0.9982,1,1,FH184PS,FH184PS
2025-07-26_15-36-25-223_EP941AL-FRA.jpg,EP-941-AL,EP-941-AL,0.9999,1,1,EP941AL,EP941AL
2025-07-26_14-34-22-941_FV176JW-FRA.jpg,FV-176-JW.,FV-176-JW.,1.0000,1,1,FV176JW,FV176JW
2025-07-26_13-17-02-602_GT816XJ-FRA.jpg,GT-816-XJ,GT-816-XJ,0.9635,1,1,GT816XJ,GT816XJ
2025-07-26_12-04-45-031_FN390WZ-FRA.jpg,FN-390-WZ,FN-390-WZ,0.9863,1,1,FN390WZ,FN390WZ
2025-07-26_13-06-18-279_BN244FJ-FRA.jpg,BN-244-FJ,BN-244-FJ,0.9888,1,1,BN244FJ,BN244FJ
2025-07-26_10-24-55-380_GA892EM-FRA.jpg,GA-892-EM,GA-892-EM,0.9799,1,1,GA892EM,GA892EM
2025-07-26_16-06-33-271_GW595AQ-FRA.jpg,GW595AQ,GW595AQ,1.0000,1,1,GW595AQ,GW595AQ
2025-07-26_10-19-48-814_BT462AF-FRA.jpg,BT-462-AF,BT-462-AF,0.9854,1,1,BT462AF,BT462AF
2025-07-26_11-31-47-949_AC023VJ-FRA.jpg,AC-023-VJ,AC-023-VJ,1.0000,1,1,AC023VJ,AC023VJ
2025-07-26_16-40-30-055_GR455VN-FRA.jpg,GR-455-VN,GR-455-VN,0.9992,1,1,GR455VN,GR455VN
2025-07-26_10-37-59-224_GQ715EG-FRA.jpg,GQ-715-EG,GQ-715-EG,1.0000,1,1,GQ715EG,GQ715EG
2025-07-26_11-55-45-209_EQ899DZ-FRA.jpg,EQ-899-DZ,EQ-899-DZ,0.9990,1,1,EQ899DZ,EQ899DZ
2025-07-26_12-42-06-982_FR757XB-FRA.jpg,FR-757-XB,FR-757-XB,1.0000,1,1,FR757XB,FR757XB
2025-07-26_13-15-53-316_EF089XW-ITA.jpg,EF-089-XW,EF-089-XW,0.9990,1,1,EF089XW,EF089XW
2025-07-26_16-28-57-547_CS511WB-FRA.jpg,CS-511-WB,CS-511-WB,0.9997,1,1,CS511WB,CS511WB
2025-07-26_12-08-56-570_GK047WH-FRA.jpg,GK047WH,GK047WH,0.9348,1,1,GK047WH,GK047WH
2025-07-26_16-24-03-088_HB520SG-FRA.jpg,HB-520-SG,HB-520-SG,0.9999,1,1,HB520SG,HB520SG
2025-07-26_17-55-04-662_HB484ZN-FRA.jpg,HB-484-ZN,HB-484-ZN,1.0000,1,1,HB484ZN,HB484ZN
2025-07-26_12-49-37-011_5261YY93-FRA.jpg,5261YY93,5261YY93,0.9838,1,1,5261YY93,5261YY93
2025-07-26_10-02-46-318_FP503AX-FRA.jpg,FP-503-AX,FP-503-AX,1.0000,1,1,FP503AX,FP503AX
2025-07-26_15-44-02-224_CD924TK-FRA.jpg,CD-924-TK,CD-924-TK,0.9934,1,1,CD924TK,CD924TK
2025-07-26_16-41-53-236_ET177TN-FRA.jpg,ET-177-TN,ET-177-TN,0.9995,1,1,ET177TN,ET177TN
2025-07-26_11-23-51-281_981BSV95-FRA.jpg,981BSV95,981BSV95,0.9997,1,1,981BSV95,981BSV95
2025-07-26_16-50-26-211_AL378QM-FRA.jpg,AL-378-QM,AL-378-QM,0.9998,1,1,AL378QM,AL378QM
2025-07-26_10-27-55-461_AB703YM-FRA.jpg,AB-703-YM,AB-703-YM,0.9999,1,1,AB703YM,AB703YM
2025-07-26_09-46-47-959_HA968FJ-FRA.jpg,HA-968-FJ,HA-968-FJ,0.9962,1,1,HA968FJ,HA968FJ
2025-07-26_10-34-33-962_BS503NC-FRA.jpg,BS-503-NC,BS-503-NC,0.9469,1,1,BS503NC,BS503NC
2025-07-26_12-07-01-510_GY353XK-FRA.jpg,GY-353-XK.,GY-353-XK.,0.9496,1,1,GY353XK,GY353XK
2025-07-26_10-50-56-629_DF579DS-FRA.jpg,DF-579-DS,DF-579-DS,0.9540,1,1,DF579DS,DF579DS
2025-07-26_12-38-26-866_EC790HM-FRA.jpg,EC-790-HM,EC-790-HM,0.9999,1,1,EC790HM,EC790HM
2025-07-26_17-08-54-664_FM859BB-FRA.jpg,FM-859-BB,FM-859-BB,0.9938,1,1,FM859BB,FM859BB
2025-07-26_09-27-17-605_GJ520ZM-FRA.jpg,GJ-520-ZM.,GJ-520-ZM.,0.9982,1,1,GJ520ZM,GJ520ZM
2025-07-26_09-17-05-496_CY278RY-FRA.jpg,CY-278-RY.,CY-278-RY.,0.9995,1,1,CY278RY,CY278RY
2025-07-26_15-38-17-224_GN451ME-FRA.jpg,GN-451-ME,GN-451-ME,1.0000,1,1,GN451ME,GN451ME
2025-07-26_10-27-23-123_CC573ES-FRA.jpg,CC-573-ES,CC-573-ES,0.9998,1,1,CC573ES,CC573ES
2025-07-26_09-48-16-956_DX378KM-FRA.jpg,DX-378-KM,DX-378-KM,0.9995,1,1,DX378KM,DX378KM
2025-07-26_09-30-57-437_FN695NE-FRA.jpg,FN-695-NE,FN-695-NE,0.9862,1,1,FN695NE,FN695NE
2025-07-26_17-18-15-777_FB848HE-FRA.jpg,FB-848-HE,FB-848-HE,1.0000,1,1,FB848HE,FB848HE
2025-07-26_10-25-58-263_EH758MW-FRA.jpg,EH-758-MW,EH-758-MW,0.9971,1,1,EH758MW,EH758MW
2025-07-26_09-12-54-136_BH174QZ-FRA.jpg,BH-174-QZ,BH-174-QZ,0.9632,1,1,BH174QZ,BH174QZ
2025-07-26_12-25-59-339_BD381EB-FRA.jpg,BD-381-EB,BD-381-EB,0.9998,1,1,BD381EB,BD381EB
2025-07-26_12-12-01-042_HC338BY-FRA.jpg,HC-338-BY,HC-338-BY,0.9999,1,1,HC338BY,HC338BY
2025-07-26_10-10-11-090_EX138HZ-FRA.jpg,EX-138-HZ,EX-138-HZ,0.9540,1,1,EX138HZ,EX138HZ
2025-07-26_14-10-17-248_CC090JB-FRA.jpg,CC-090-JB,CC-090-JB,1.0000,1,1,CC090JB,CC090JB
2025-07-26_10-22-23-815_DF830CT-FRA.jpg,DF-830-CT.,DF-830-CT.,0.9999,1,1,DF830CT,DF830CT
2025-07-26_15-14-20-375_GG131RX-FRA.jpg,GG-131-RX,GG-131-RX,1.0000,1,1,GG131RX,GG131RX
2025-07-26_15-19-57-767_BW427DE-FRA.jpg,BW-427-DE,BW-427-DE,0.9986,1,1,BW427DE,BW427DE
2025-07-26_11-57-01-974_DZ518RG-FRA.jpg,DZ-518-RG,DZ-518-RG,1.0000,1,1,DZ518RG,DZ518RG
2025-07-26_14-47-20-596_FJ369GZ-FRA.jpg,FJ-369-GZ,FJ-369-GZ,0.9194,1,1,FJ369GZ,FJ369GZ
2025-07-26_10-58-25-938_EF320FA-FRA.jpg,EF-320-FA,EF-320-FA,0.9650,1,1,EF320FA,EF320FA
2025-07-26_11-20-20-643_DF640XZ-FRA.jpg,DF-640-XZ,DF-640-XZ,0.9995,1,1,DF640XZ,DF640XZ
2025-07-26_12-42-34-221_AA624AX-FRA.jpg,AA-624-AX,AA-624-AX,1.0000,1,1,AA624AX,AA624AX
2025-07-26_17-03-19-412_FT458HD-FRA.jpg,FT-458-HD,FT-458-HD,0.9988,1,1,FT458HD,FT458HD
2025-07-26_17-18-13-434_EY059WM-FRA.jpg,EY-059-WM,EY-059-WM,0.9999,1,1,EY059WM,EY059WM
2025-07-26_14-42-17-731_FL337VV-FRA.jpg,FL-337-VV,FL-337-VV,0.9662,1,1,FL337VV,FL337VV
2025-07-26_11-18-00-129_GL763PA-FRA.jpg,GL-763-PA,GL-763-PA,0.9936,1,1,GL763PA,GL763PA
2025-07-26_13-22-38-760_AW763AL-FRA.jpg,AW-763-AL,AW-763-AL,1.0000,1,1,AW763AL,AW763AL
2025-07-26_10-29-26-607_CZ044YJ-FRA.jpg,CZ-044-YJ,CZ-044-YJ,0.9999,1,1,CZ044YJ,CZ044YJ
2025-07-26_17-26-46-349_DB116KK-FRA.jpg,DB-116-KK,DB-116-KK,0.9996,1,1,DB116KK,DB116KK
2025-07-26_15-57-18-260_AX863QX-FRA.jpg,AX-863-QX,AX-863-QX,1.0000,1,1,AX863QX,AX863QX
2025-07-26_12-26-08-093_GD509KD-FRA.jpg,GD-509-KD,GD-509-KD,1.0000,1,1,GD509KD,GD509KD
2025-07-26_10-11-21-161_FJ541AB-FRA.jpg,FJ-541-AB,FJ-541-AB,0.9748,1,1,FJ541AB,FJ541AB
2025-07-26_14-11-31-394_AL512FN-FRA.jpg,AL-512-FN,AL-512-FN,1.0000,1,1,AL512FN,AL512FN
2025-07-26_10-49-28-808_DP164SA-FRA.jpg,DP-164SA,DP-164SA,0.9997,1,1,DP164SA,DP164SA
2025-07-26_10-23-21-759_GE411YZ-FRA.jpg,GE-411-YZ,GE-411-YZ,0.9744,1,1,GE411YZ,GE411YZ
2025-07-26_16-11-09-853_FS044YB-FRA.jpg,FS-044-YB,FS-044-YB,0.9999,1,1,FS044YB,FS044YB
2025-07-26_11-40-16-941_DF889PW-FRA.jpg,DF-889-PW,DF-889-PW,0.9997,1,1,DF889PW,DF889PW
2025-07-26_10-55-39-294_CA402AH-FRA.jpg,CA.402.AH,CA.402.AH,0.9999,1,1,CA402AH,CA402AH
2025-07-26_13-22-15-891_WW616HT-FRA.jpg,WW-616-HT.,WW-616-HT.,0.9705,1,1,WW616HT,WW616HT
2025-07-26_18-02-59-978_AL942DS-FRA.jpg,AL-942-DS,AL-942-DS,1.0000,1,1,AL942DS,AL942DS
2025-07-26_10-29-27-640_ED131MZ-FRA.jpg,ED-131-MZ,ED-131-MZ,1.0000,1,1,ED131MZ,ED131MZ
2025-07-26_16-23-22-406_DM089CY-FRA.jpg,DM-089-CY,DM-089-CY,1.0000,1,1,DM089CY,DM089CY
2025-07-26_12-50-06-394_DF881SJ-FRA.jpg,DF881-SJ.,DF881-SJ.,1.0000,1,1,DF881SJ,DF881SJ
2025-07-26_11-24-10-166_6714XN93-FRA.jpg,6714XN93,6714XN93,0.9998,1,1,6714XN93,6714XN93
2025-07-26_16-16-42-598_DK367ZD-FRA.jpg,DK-367-ZD,DK-367-ZD,0.9868,1,1,DK367ZD,DK367ZD
2025-07-26_10-31-29-260_GF285JS-FRA.jpg,GF.285.JS,GF.285.JS,0.9998,1,1,GF285JS,GF285JS
2025-07-26_10-51-34-616_GB832EK-FRA.jpg,GB-832-EK,GB-832-EK,0.9990,1,1,GB832EK,GB832EK
2025-07-26_10-31-40-056_DN171FY-FRA.jpg,DN-171-FY,DN-171-FY,0.9999,1,1,DN171FY,DN171FY
2025-07-26_10-27-19-182_FN370PR-FRA.jpg,FN-370-PR,FN-370-PR,0.9914,1,1,FN370PR,FN370PR
2025-07-26_14-45-58-780_CC212ZV-FRA.jpg,CC212-ZV,CC212-ZV,0.9997,1,1,CC212ZV,CC212ZV
2025-07-26_10-06-32-233_CN125FC-FRA.jpg,CN-125-FC,CN-125-FC,0.9999,1,1,CN125FC,CN125FC
2025-07-26_12-54-52-586_GL243SA-FRA.jpg,GL-243-SA,GL-243-SA,1.0000,1,1,GL243SA,GL243SA
2025-07-26_09-55-47-114_GQ267SD-FRA.jpg,GQ-267-SD,GQ-267-SD,0.9928,1,1,GQ267SD,GQ267SD
2025-07-26_10-56-44-594_CX028EE-FRA.jpg,CX-028-EE,CX-028-EE,0.9996,1,1,CX028EE,CX028EE
2025-07-26_18-01-13-464_HD512AG-FRA.jpg,HD-512-AG,HD-512-AG,0.9653,1,1,HD512AG,HD512AG
2025-07-26_10-17-46-394_HC473AP-FRA.jpg,HC-473-AP,HC-473-AP,1.0000,1,1,HC473AP,HC473AP
2025-07-26_12-57-12-157_ER915HG-FRA.jpg,ER-915-HG,ER-915-HG,1.0000,1,1,ER915HG,ER915HG
2025-07-26_10-02-43-430_DK644FF-FRA.jpg,DK-644-FF,DK-644-FF,0.9999,1,1,DK644FF,DK644FF
2025-07-26_13-13-58-501_FK333WJ-FRA.jpg,FK-333-WJ,FK-333-WJ,0.9999,1,1,FK333WJ,FK333WJ
2025-07-26_12-43-46-317_GT428MR-FRA.jpg,GT-428-MR,GT-428-MR,0.9642,1,1,GT428MR,GT428MR
2025-07-26_09-45-32-665_CP634JE-FRA.jpg,CP-634JE,CP-634JE,0.9999,1,1,CP634JE,CP634JE
2025-07-26_12-29-14-754_GB339SY-FRA.jpg,GB-339-SY.,GB-339-SY.,1.0000,1,1,GB339SY,GB339SY
2025-07-26_12-42-07-149_EM378LQ-FRA.jpg,.EM378-LQ,.EM378-LQ,1.0000,1,1,EM378LQ,EM378LQ
2025-07-26_09-26-54-357_AQ873KB-FRA.jpg,AQ-873-KB,AQ-873-KB,1.0000,1,1,AQ873KB,AQ873KB
2025-07-26_15-23-40-672_EP042TA-FRA.jpg,EP-042-TA,EP-042-TA,0.9811,1,1,EP042TA,EP042TA
2025-07-26_13-19-42-170_BX108CW-FRA.jpg,BX-108-CW,BX-108-CW,0.9968,1,1,BX108CW,BX108CW
2025-07-26_11-18-04-949_DQ868EE-FRA.jpg,DQ-868-EE.,DQ-868-EE.,0.9999,1,1,DQ868EE,DQ868EE
2025-07-26_11-20-26-664_CT956WY-FRA.jpg,CT-956-WY,CT-956-WY,1.0000,1,1,CT956WY,CT956WY
2025-07-26_16-40-36-065_EB587WN-FRA.jpg,EB-587-WN,EB-587-WN,1.0000,1,1,EB587WN,EB587WN
2025-07-26_17-07-53-983_EH283DA-FRA.jpg,EH-283-DA,EH-283-DA,0.9999,1,1,EH283DA,EH283DA
2025-07-26_11-42-52-320_EM123GY-FRA.jpg,EM-123-GY,EM-123-GY,0.9997,1,1,EM123GY,EM123GY
2025-07-26_13-38-02-728_GZ372JD-FRA.jpg,GZ-372-JD,GZ-372-JD,0.9744,1,1,GZ372JD,GZ372JD
2025-07-26_14-08-39-222_ER620QD-FRA.jpg,ER-620-QD,ER-620-QD,0.9943,1,1,ER620QD,ER620QD
2025-07-26_17-10-22-042_CW685PJ-FRA.jpg,CW-685-PJ.,CW-685-PJ.,0.9999,1,1,CW685PJ,CW685PJ
2025-07-26_11-28-27-189_HD240TA-FRA.jpg,HD-240-TA.,HD-240-TA.,0.9999,1,1,HD240TA,HD240TA
2025-07-26_16-43-22-712_ES732RD-FRA.jpg,ES-732-RD,ES-732-RD,0.9987,1,1,ES732RD,ES732RD
2025-07-26_10-47-42-866_BT493BF-FRA.jpg,BT-493-BF,BT-493-BF,0.9710,1,1,BT493BF,BT493BF
2025-07-26_12-26-14-453_HD641MZ-FRA.jpg,HD-641.MZ,HD-641.MZ,1.0000,1,1,HD641MZ,HD641MZ
2025-07-26_09-58-01-087_AQ062MP-FRA.jpg,AQ-062-MP.,AQ-062-MP.,0.9583,1,1,AQ062MP,AQ062MP
2025-07-26_13-02-11-617_AT770QF-FRA.jpg,AT-770-QF,AT-770-QF,1.0000,1,1,AT770QF,AT770QF
2025-07-26_12-24-13-533_FZ526MG-FRA.jpg,FZ-526-MG,FZ-526-MG,1.0000,1,1,FZ526MG,FZ526MG
2025-07-26_10-27-47-659_CJ585YC-FRA.jpg,CJ-585-YC,CJ-585-YC,1.0000,1,1,CJ585YC,CJ585YC
2025-07-26_12-43-32-308_FK977KZ-FRA.jpg,FK-977-KZ,FK-977-KZ,0.9999,1,1,FK977KZ,FK977KZ
2025-07-26_15-40-53-948_EY727GR-FRA.jpg,EY-727-GR,EY-727-GR,0.9994,1,1,EY727GR,EY727GR
2025-07-26_18-06-01-842_HA189KH-FRA.jpg,HA.189KH,HA.189KH,0.9623,1,1,HA189KH,HA189KH
2025-07-26_14-33-29-718_GV890ZX-FRA.jpg,GV-890-ZX,GV-890-ZX,1.0000,1,1,GV890ZX,GV890ZX
2025-07-26_09-18-04-028_EQ477FA-FRA.jpg,EQ-477-FA,EQ-477-FA,1.0000,1,1,EQ477FA,EQ477FA
2025-07-26_09-55-23-385_CM683ET-FRA.jpg,CM-683-ET.,CM-683-ET.,0.9992,1,1,CM683ET,CM683ET
2025-07-26_10-23-59-439_GJ100BG-FRA.jpg,GJ-100-BG,GJ-100-BG,0.9801,1,1,GJ100BG,GJ100BG
2025-07-26_12-35-42-928_GH768QE-FRA.jpg,GH-768-QE,GH-768-QE,0.9309,1,1,GH768QE,GH768QE
2025-07-26_10-31-40-339_BB063VV-FRA.jpg,BB-063-VV,BB-063-VV,0.9878,1,1,BB063VV,BB063VV
2025-07-26_09-34-13-041_AK957BN-FRA.jpg,AK-957-BN,AK-957-BN,0.9991,1,1,AK957BN,AK957BN
2025-07-26_09-59-38-607_BS463GZ-FRA.jpg,BS-463-GZ,BS-463-GZ,1.0000,1,1,BS463GZ,BS463GZ
2025-07-26_14-36-54-450_GJ701QS-FRA.jpg,GJ-701-QS,GJ-701-QS,0.9798,1,1,GJ701QS,GJ701QS
2025-07-26_16-57-09-661_GP772JA-FRA.jpg,GP-772-JA.,GP-772-JA.,0.9974,1,1,GP772JA,GP772JA
2025-07-26_12-30-27-389_EF507ZR-FRA.jpg,EF-507-ZR,EF-507-ZR,0.9344,1,1,EF507ZR,EF507ZR
2025-07-26_15-39-24-894_EP112BM-FRA.jpg,EP-112-BM,EP-112-BM,0.9980,1,1,EP112BM,EP112BM
2025-07-26_10-20-38-727_EW345AA-FRA.jpg,EW-345-AA,EW-345-AA,0.9584,1,1,EW345AA,EW345AA
2025-07-26_16-38-28-102_GC026SW-FRA.jpg,GC026SW,GC026SW,0.9465,1,1,GC026SW,GC026SW
2025-07-26_10-50-49-866_GA552YW-FRA.jpg,GA-552-YW,GA-552-YW,0.9979,1,1,GA552YW,GA552YW
2025-07-26_14-50-01-976_FC307ZR-FRA.jpg,FC-307-ZR,FC-307-ZR,0.9868,1,1,FC307ZR,FC307ZR
2025-07-26_14-55-39-867_GW463YC-FRA.jpg,GW-463-YC,GW-463-YC,0.9996,1,1,GW463YC,GW463YC
2025-07-26_11-25-15-016_DH642LB-FRA.jpg,DH-642-LB,DH-642-LB,0.9999,1,1,DH642LB,DH642LB
2025-07-26_09-56-52-064_CY449RR-FRA.jpg,CY-449-RR,CY-449-RR,0.9698,1,1,CY449RR,CY449RR
2025-07-26_16-54-01-473_FY009XK-FRA.jpg,FY-009-XK,FY-009-XK,0.9919,1,1,FY009XK,FY009XK
2025-07-26_10-51-08-520_CN465MH-FRA.jpg,CN-465-MH,CN-465-MH,1.0000,1,1,CN465MH,CN465MH
2025-07-26_11-05-00-265_CF576GB-FRA.jpg,CF-576-GB,CF-576-GB,1.0000,1,1,CF576GB,CF576GB
2025-07-26_10-47-00-389_AB207TY-FRA.jpg,AB-207-TY,AB-207-TY,1.0000,1,1,AB207TY,AB207TY
2025-07-26_12-31-09-625_BL751GA-FRA.jpg,BL-751-GA,BL-751-GA,0.9914,1,1,BL751GA,BL751GA
2025-07-26_10-31-13-840_BA989CS-FRA.jpg,BA-989-CS,BA-989-CS,0.9997,1,1,BA989CS,BA989CS
2025-07-26_13-24-10-301_GR597PY-FRA.jpg,GR-597-PY,GR-597-PY,0.9994,1,1,GR597PY,GR597PY
2025-07-26_11-42-56-464_CR558JY-FRA.jpg,CR-558-JY,CR-558-JY,1.0000,1,1,CR558JY,CR558JY
2025-07-26_10-10-05-916_GW564DP-FRA.jpg,GW-564-DP,GW-564-DP,1.0000,1,1,GW564DP,GW564DP
2025-07-26_17-28-55-214_DF031AA-FRA.jpg,DF-031-AA.,DF-031-AA.,0.9993,1,1,DF031AA,DF031AA
2025-07-26_10-45-41-545_999CCP06-FRA.jpg,999-CCP06,999-CCP06,0.9943,1,1,999CCP06,999CCP06
2025-07-26_16-00-28-160_GZ856FB-FRA.jpg,GZ-856-FB,GZ-856-FB,0.9970,1,1,GZ856FB,GZ856FB
2025-07-26_18-01-13-884_EV330DJ-FRA.jpg,EV-330DJ,EV-330DJ,1.0000,1,1,EV330DJ,EV330DJ
2025-07-26_16-09-47-935_CK907MS-FRA.jpg,CK-907-MS,CK-907-MS,0.9781,1,1,CK907MS,CK907MS
2025-07-26_09-24-16-049_EE863EL-FRA.jpg,EE-863-EL,EE-863-EL,1.0000,1,1,EE863EL,EE863EL
2025-07-26_17-35-18-950_GH700CR-FRA.jpg,GH-700-CR,GH-700-CR,0.9976,1,1,GH700CR,GH700CR
2025-07-26_13-07-47-551_EE450GL-FRA.jpg,EE-450-GL,EE-450-GL,0.9989,1,1,EE450GL,EE450GL
2025-07-26_16-40-17-350_EP870KD-FRA.jpg,EP-870-KD,EP-870-KD,0.9990,1,1,EP870KD,EP870KD
2025-07-26_11-33-59-915_GC511JT-FRA.jpg,GC-511-JT,GC-511-JT,0.9996,1,1,GC511JT,GC511JT
2025-07-26_14-34-41-280_HB662AZ-FRA.jpg,HB-662AZ,HB-662AZ,0.9925,1,1,HB662AZ,HB662AZ
2025-07-26_13-15-44-196_CV407RS-FRA.jpg,CV407RS,CV407RS,0.9999,1,1,CV407RS,CV407RS
2025-07-26_09-22-37-358_BZ621HY-FRA.jpg,BZ-621.HY.,BZ-621.HY.,0.9971,1,1,BZ621HY,BZ621HY
2025-07-26_14-31-48-102_EE777WW-FRA.jpg,EE-777-WW,EE-777-WW,0.9999,1,1,EE777WW,EE777WW
2025-07-26_13-13-50-311_BP091LJ-FRA.jpg,BP-091-LJ,BP-091-LJ,1.0000,1,1,BP091LJ,BP091LJ
2025-07-26_13-04-07-027_BJ183ZG-FRA.jpg,BJ-183-ZG,BJ-183-ZG,0.9900,1,1,BJ183ZG,BJ183ZG
2025-07-26_10-42-19-223_3727VV22-FRA.jpg,3727VV-22,3727VV-22,0.9986,1,1,3727VV22,3727VV22
2025-07-26_09-03-38-787_CX077LJ-FRA.jpg,CX-077-LJ,CX-077-LJ,0.9999,1,1,CX077LJ,CX077LJ
2025-07-26_10-28-42-560_DF579DS-FRA.jpg,DF-579-DS,DF-579-DS,0.9981,1,1,DF579DS,DF579DS
2025-07-26_10-17-47-354_GK410RL-FRA.jpg,GK-410-RL.,GK-410-RL.,1.0000,1,1,GK410RL,GK410RL
2025-07-26_10-08-18-889_FW158FS-FRA.jpg,FW-158-FS.,FW-158-FS.,0.9602,1,1,FW158FS,FW158FS
2025-07-26_10-19-06-295_DG642FE-FRA.jpg,DG-642-FE,DG-642-FE,0.9543,1,1,DG642FE,DG642FE
2025-07-26_11-35-12-886_BQ875PN-FRA.jpg,BQ-875-PN,BQ-875-PN,1.0000,1,1,BQ875PN,BQ875PN
2025-07-26_11-48-57-323_GT400QR-FRA.jpg,GT-400-QR,GT-400-QR,0.9794,1,1,GT400QR,GT400QR
2025-07-26_11-45-24-879_EF372ZX-FRA.jpg,EF-372-ZX,EF-372-ZX,0.9954,1,1,EF372ZX,EF372ZX
2025-07-26_13-32-39-835_EG784BP-FRA.jpg,EG-784-BP,EG-784-BP,0.9978,1,1,EG784BP,EG784BP
2025-07-26_12-08-52-286_BP499JQ-FRA.jpg,BP-499-JQ,BP-499-JQ,0.9999,1,1,BP499JQ,BP499JQ
2025-07-26_11-26-50-175_DA068AV-FRA.jpg,DA-068-AV,DA-068-AV,0.9925,1,1,DA068AV,DA068AV
2025-07-26_14-15-41-472_FC707SB-FRA.jpg,FC-707-SB,FC-707-SB,0.9923,1,1,FC707SB,FC707SB
2025-07-26_12-11-28-366_CL613TT-FRA.jpg,CL-613-TT,CL-613-TT,1.0000,1,1,CL613TT,CL613TT
2025-07-26_09-31-16-845_HA243WS-FRA.jpg,HA-243-WS,HA-243-WS,1.0000,1,1,HA243WS,HA243WS
2025-07-26_13-20-26-915_BK178KY-FRA.jpg,BK-178-KY,BK-178-KY,0.9920,1,1,BK178KY,BK178KY
2025-07-26_14-47-06-690_GF310TG-FRA.jpg,GF-310-TG,GF-310-TG,0.9998,1,1,GF310TG,GF310TG
2025-07-26_13-40-03-789_GW417ML-FRA.jpg,GW-417-ML,GW-417-ML,0.9999,1,1,GW417ML,GW417ML
2025-07-26_14-24-08-560_ET514GK-FRA.jpg,ET-514-GK,ET-514-GK,0.9999,1,1,ET514GK,ET514GK
2025-07-26_16-38-54-260_AR528PF-FRA.jpg,.AR-528-PF.,.AR-528-PF.,0.9997,1,1,AR528PF,AR528PF
2025-07-26_15-11-44-298_GE065KX-FRA.jpg,GE-065-KX,GE-065-KX,0.9597,1,1,GE065KX,GE065KX
2025-07-26_11-41-38-209_EL994DM-FRA.jpg,EL-994-DM,EL-994-DM,0.9549,1,1,EL994DM,EL994DM
2025-07-26_12-17-37-705_AT165PX-FRA.jpg,AT-165-PX,AT-165-PX,0.9998,1,1,AT165PX,AT165PX
2025-07-26_17-55-07-984_DK258CC-FRA.jpg,DK-258-CC,DK-258-CC,0.9993,1,1,DK258CC,DK258CC
2025-07-26_12-38-06-745_EW456VX-FRA.jpg,EW-456-VX,EW-456-VX,1.0000,1,1,EW456VX,EW456VX
2025-07-26_14-16-53-598_FJ940FP-FRA.jpg,FJ-940-FP,FJ-940-FP,0.9999,1,1,FJ940FP,FJ940FP
2025-07-26_10-31-17-152_DR191VS-FRA.jpg,DR-191-VS,DR-191-VS,1.0000,1,1,DR191VS,DR191VS
2025-07-26_09-33-49-761_HD108HZ-FRA.jpg,HD-108-HZ.,HD-108-HZ.,0.9960,1,1,HD108HZ,HD108HZ
2025-07-26_10-42-19-357_EW972KB-FRA.jpg,EW-972-KB,EW-972-KB,1.0000,1,1,EW972KB,EW972KB
2025-07-26_14-21-55-004_FN045SD-FRA.jpg,FN-045-SD.,FN-045-SD.,0.9909,1,1,FN045SD,FN045SD
2025-07-26_13-14-25-031_EA117DQ-FRA.jpg,EA-117-DQ,EA-117-DQ,0.9988,1,1,EA117DQ,EA117DQ
2025-07-26_12-22-03-737_AL169CY-FRA.jpg,AL-169-CY,AL-169-CY,0.9461,1,1,AL169CY,AL169CY
2025-07-26_13-05-11-771_GZ796YR-FRA.jpg,GZ-796-YR,GZ-796-YR,1.0000,1,1,GZ796YR,GZ796YR
2025-07-26_12-09-40-803_WW378LJ-FRA.jpg,WW-378-LJ,WW-378-LJ,1.0000,1,1,WW378LJ,WW378LJ
2025-07-26_12-56-48-779_HA319DK-FRA.jpg,HA-319-DK,HA-319-DK,0.9978,1,1,HA319DK,HA319DK
2025-07-26_14-51-51-877_FK433VD-FRA.jpg,FK-433-VD,FK-433-VD,1.0000,1,1,FK433VD,FK433VD
2025-07-26_09-26-44-478_ET722XL-FRA.jpg,ET-722-XL.,ET-722-XL.,1.0000,1,1,ET722XL,ET722XL
2025-07-26_11-43-17-075_GC976KW-FRA.jpg,GC-976-KW,GC-976-KW,1.0000,1,1,GC976KW,GC976KW
2025-07-26_12-42-05-628_AP646NY-FRA.jpg,AP-646-NY,AP-646-NY,0.9653,1,1,AP646NY,AP646NY
2025-07-26_09-38-43-235_AC103BE-FRA.jpg,AC-103-BE,AC-103-BE,1.0000,1,1,AC103BE,AC103BE
2025-07-26_17-00-21-880_FJ416BS-FRA.jpg,FJ-416-BS,FJ-416-BS,1.0000,1,1,FJ416BS,FJ416BS
2025-07-26_12-49-55-592_EE929VX-FRA.jpg,EE-929-VX,EE-929-VX,1.0000,1,1,EE929VX,EE929VX
2025-07-26_13-06-23-699_AN289YG-FRA.jpg,AN-289-YG,AN-289-YG,0.9996,1,1,AN289YG,AN289YG
2025-07-26_11-34-42-325_BD441CJ-FRA.jpg,BD-441-CJ,BD-441-CJ,0.9999,1,1,BD441CJ,BD441CJ
2025-07-26_10-32-00-096_GM257XD-FRA.jpg,GM-257-XD,GM-257-XD,0.9893,1,1,GM257XD,GM257XD
2025-07-26_16-15-33-591_GE695FA-FRA.jpg,GE-695-FA,GE-695-FA,0.9998,1,1,GE695FA,GE695FA
2025-07-26_11-57-08-344_ED463KY-FRA.jpg,ED-463-KY,ED-463-KY,1.0000,1,1,ED463KY,ED463KY
2025-07-26_14-14-34-628_HC885TG-FRA.jpg,HC-885-TG,HC-885-TG,0.9999,1,1,HC885TG,HC885TG
2025-07-26_10-21-42-510_AW672TG-FRA.jpg,AW-672-TG,AW-672-TG,0.9505,1,1,AW672TG,AW672TG
2025-07-26_13-23-21-401_CW328DQ-FRA.jpg,CW-328-DQ,CW-328-DQ,0.9999,1,1,CW328DQ,CW328DQ
2025-07-26_10-39-45-800_DF375JQ-FRA.jpg,DF-375-JQ,DF-375-JQ,0.9923,1,1,DF375JQ,DF375JQ
2025-07-26_11-38-10-019_BH665YF-FRA.jpg,BH-665-YF,BH-665-YF,1.0000,1,1,BH665YF,BH665YF
2025-07-26_10-05-17-931_AD515DN-FRA.jpg,AD-515-DN,AD-515-DN,0.9996,1,1,AD515DN,AD515DN
2025-07-26_14-46-48-719_GZ638SX-FRA.jpg,GZ-638-SX.,GZ-638-SX.,1.0000,1,1,GZ638SX,GZ638SX
2025-07-26_13-26-53-071_FF342LN-FRA.jpg,FF-342-LN,FF-342-LN,1.0000,1,1,FF342LN,FF342LN
2025-07-26_12-42-26-858_FK942PN-FRA.jpg,FK-942-PN,FK-942-PN,0.9997,1,1,FK942PN,FK942PN
2025-07-26_10-53-48-369_DV370YZ-FRA.jpg,DV-370-YZ,DV-370-YZ,0.9995,1,1,DV370YZ,DV370YZ
2025-07-26_12-45-55-449_DE876QC-FRA.jpg,DE-876-QC,DE-876-QC,0.9781,1,1,DE876QC,DE876QC
2025-07-26_12-37-48-405_CF650DM-FRA.jpg,CF-650-DM,CF-650-DM,0.9998,1,1,CF650DM,CF650DM
2025-07-26_12-07-46-913_GT693AW-FRA.jpg,GT.693.AW,GT.693.AW,0.9997,1,1,GT693AW,GT693AW
2025-07-26_09-21-30-490_FA003AG-FRA.jpg,FA-003-AG,FA-003-AG,0.9995,1,1,FA003AG,FA003AG
2025-07-26_18-08-42-866_FH418KN-FRA.jpg,FH-418-KN,FH-418-KN,1.0000,1,1,FH418KN,FH418KN
2025-07-26_09-11-32-531_FS057LL-FRA.jpg,FS-057-LL.,FS-057-LL.,0.9995,1,1,FS057LL,FS057LL
2025-07-26_10-18-09-608_BS952EA-FRA.jpg,BS-952-EA.,BS-952-EA.,1.0000,1,1,BS952EA,BS952EA
2025-07-26_18-23-34-064_FA371SD-FRA.jpg,FA-371-SD,FA-371-SD,0.9995,1,1,FA371SD,FA371SD
2025-07-26_15-05-33-294_EW856ZY-FRA.jpg,EW-856-ZY.,EW-856-ZY.,1.0000,1,1,EW856ZY,EW856ZY
2025-07-26_15-23-43-793_ED449VY-FRA.jpg,ED-449-VY,ED-449-VY,1.0000,1,1,ED449VY,ED449VY
2025-07-26_11-23-10-976_EA396AG-FRA.jpg,EA-396-AG,EA-396-AG,0.9903,1,1,EA396AG,EA396AG
2025-07-26_11-15-54-871_GT427KR-FRA.jpg,GT-427-KR,GT-427-KR,1.0000,1,1,GT427KR,GT427KR
2025-07-26_12-21-23-324_GV118EQ-FRA.jpg,GV-118-EQ,GV-118-EQ,0.9970,1,1,GV118EQ,GV118EQ
2025-07-26_13-13-03-492_CL230ZX-FRA.jpg,CL-230-ZX,CL-230-ZX,1.0000,1,1,CL230ZX,CL230ZX
2025-07-26_09-09-31-952_FR955EG-FRA.jpg,FR-955-EG,FR-955-EG,1.0000,1,1,FR955EG,FR955EG
2025-07-26_16-47-47-568_GK312WA-FRA.jpg,GK-312-WA,GK-312-WA,0.9904,1,1,GK312WA,GK312WA
2025-07-26_11-40-37-778_EB201NK-FRA.jpg,EB-201-NK,EB-201-NK,0.9625,1,1,EB201NK,EB201NK
2025-07-26_10-18-21-540_FC241CP-FRA.jpg,.FC-241-CP,.FC-241-CP,0.9942,1,1,FC241CP,FC241CP
2025-07-26_16-05-29-947_AW688MS-FRA.jpg,AW-688-MS,AW-688-MS,0.9946,1,1,AW688MS,AW688MS
2025-07-26_09-05-12-432_BS870DK-FRA.jpg,BS-870-DK,BS-870-DK,0.9964,1,1,BS870DK,BS870DK
2025-07-26_14-20-22-102_BG029TE-FRA.jpg,BG-029-TE,BG-029-TE,0.9999,1,1,BG029TE,BG029TE
2025-07-26_10-33-14-121_CY380SC-FRA.jpg,CY-380-SC,CY-380-SC,0.9999,1,1,CY380SC,CY380SC
2025-07-26_17-02-59-501_GD528CP-FRA.jpg,GD528CP,GD528CP,0.9994,1,1,GD528CP,GD528CP
2025-07-26_17-43-16-103_HA568SB-FRA.jpg,HA-568-SB,HA-568-SB,0.9998,1,1,HA568SB,HA568SB
2025-07-26_14-41-20-001_AT105WY-FRA.jpg,AT-105-WY,AT-105-WY,0.9544,1,1,AT105WY,AT105WY
2025-07-26_10-34-14-420_DG719AD-FRA.jpg,DG.719-AD,DG.719-AD,1.0000,1,1,DG719AD,DG719AD
2025-07-26_16-07-55-326_GT558EJ-FRA.jpg,GT-558-EJ,GT-558-EJ,1.0000,1,1,GT558EJ,GT558EJ
2025-07-26_11-39-19-745_GB053TK-FRA.jpg,GB-053-TK.,GB-053-TK.,1.0000,1,1,GB053TK,GB053TK
2025-07-26_16-42-00-636_GW456EP-FRA.jpg,GW-456-EP,GW-456-EP,0.9975,1,1,GW456EP,GW456EP
2025-07-26_14-24-36-263_FT060LA-FRA.jpg,FT-060-LA,FT-060-LA,1.0000,1,1,FT060LA,FT060LA
2025-07-26_12-07-12-233_CK067QE-FRA.jpg,CK-067-QE,CK-067-QE,1.0000,1,1,CK067QE,CK067QE
2025-07-26_11-29-32-913_ET972QG-FRA.jpg,ET-972-QG,ET-972-QG,0.9993,1,1,ET972QG,ET972QG
2025-07-26_18-00-22-532_HD039KZ-FRA.jpg,HD-039-KZ,HD-039-KZ,0.9997,1,1,HD039KZ,HD039KZ
2025-07-26_13-14-53-094_EK091AM-FRA.jpg,EK-091-AM,EK-091-AM,0.9881,1,1,EK091AM,EK091AM
2025-07-26_09-22-04-763_FT146VF-FRA.jpg,FT-146-VF,FT-146-VF,1.0000,1,1,FT146VF,FT146VF
2025-07-26_11-13-53-682_HC226XL-FRA.jpg,HC-226-XL,HC-226-XL,1.0000,1,1,HC226XL,HC226XL
2025-07-26_09-03-10-515_AD250HD-FRA.jpg,AD-250-HD,AD-250-HD,0.9981,1,1,AD250HD,AD250HD
2025-07-26_11-49-21-855_CG651DP-FRA.jpg,CG-651-DP,CG-651-DP,0.9960,1,1,CG651DP,CG651DP
2025-07-26_10-52-26-128_EE067EK-FRA.jpg,EE-067-EK,EE-067-EK,0.9993,1,1,EE067EK,EE067EK
2025-07-26_13-11-15-171_CT679FR-FRA.jpg,CT-679-FR,CT-679-FR,0.9998,1,1,CT679FR,CT679FR
2025-07-26_11-25-20-402_GY562XZ-FRA.jpg,GY-562-XZ,GY-562-XZ,0.9782,1,1,GY562XZ,GY562XZ
2025-07-26_14-37-45-930_WW211JX-FRA.jpg,WW-211-JX,WW-211-JX,0.9744,1,1,WW211JX,WW211JX
2025-07-26_12-16-26-774_BW985DL-FRA.jpg,BW-985-DL.,BW-985-DL.,0.9667,1,1,BW985DL,BW985DL
2025-07-26_09-28-26-810_CA159WG-FRA.jpg,CA-159-WG,CA-159-WG,0.9928,1,1,CA159WG,CA159WG
2025-07-26_11-13-32-401_FX062WP-FRA.jpg,FX-062-WP,FX-062-WP,0.9980,1,1,FX062WP,FX062WP
2025-07-26_12-59-17-212_EW404GM-FRA.jpg,EW-404-GM,EW-404-GM,0.9998,1,1,EW404GM,EW404GM
2025-07-26_15-50-55-212_FZ340CA-FRA.jpg,FZ-340-CA,FZ-340-CA,0.9209,1,1,FZ340CA,FZ340CA
2025-07-26_13-02-06-209_AJ447QA-FRA.jpg,AJ-447-QA,AJ-447-QA,0.9722,1,1,AJ447QA,AJ447QA
2025-07-26_10-37-29-088_CP963DK-ITA.jpg,CP-963-DK.,CP-963-DK.,1.0000,1,1,CP963DK,CP963DK
2025-07-26_13-08-58-821_CT927NC-FRA.jpg,CT-927-NC,CT-927-NC,1.0000,1,1,CT927NC,CT927NC
2025-07-26_12-15-07-489_GX847RA-FRA.jpg,GX-847-RA,GX-847-RA,0.9871,1,1,GX847RA,GX847RA
2025-07-26_18-03-08-934_DR173RQ-FRA.jpg,DR-173-RQ,DR-173-RQ,0.9975,1,1,DR173RQ,DR173RQ
2025-07-26_12-09-50-524_GK479MP-FRA.jpg,GK-479-MP.,GK-479-MP.,0.9829,1,1,GK479MP,GK479MP
2025-07-26_09-12-54-654_AZ370YG-FRA.jpg,AZ-370-YG,AZ-370-YG,1.0000,1,1,AZ370YG,AZ370YG
2025-07-26_10-58-10-227_EY966BC-FRA.jpg,EY-966-BC,EY-966-BC,0.9995,1,1,EY966BC,EY966BC
2025-07-26_11-56-37-394_GF244TM-FRA.jpg,GF-244-TM,GF-244-TM,0.9839,1,1,GF244TM,GF244TM
2025-07-26_14-31-50-482_FY142WY-FRA.jpg,FY-142-WY.,FY-142-WY.,0.9969,1,1,FY142WY,FY142WY
2025-07-26_14-36-54-622_FK599WL-FRA.jpg,FK-599-WL.,FK-599-WL.,0.9971,1,1,FK599WL,FK599WL
2025-07-26_17-35-10-487_BN693XB-FRA.jpg,BN-693-XB,BN-693-XB,0.9672,1,1,BN693XB,BN693XB
2025-07-26_13-19-46-379_BQ349RW-FRA.jpg,BQ.349R/W,BQ.349R/W,0.9592,1,1,BQ349RW,BQ349RW
2025-07-26_12-48-03-186_ES866TT-FRA.jpg,ES-866-TT,ES-866-TT,1.0000,1,1,ES866TT,ES866TT
2025-07-26_13-08-21-508_DB644PB-FRA.jpg,DB-644-PB,DB-644-PB,1.0000,1,1,DB644PB,DB644PB
2025-07-26_15-57-00-814_GP516ZD-FRA.jpg,GP516ZD,GP516ZD,0.9943,1,1,GP516ZD,GP516ZD
2025-07-26_15-01-00-017_EK055JB-FRA.jpg,EK.055.JB,EK.055.JB,0.9999,1,1,EK055JB,EK055JB
2025-07-26_14-02-59-865_DM644SR-FRA.jpg,DM-644-SR,DM-644-SR,0.9997,1,1,DM644SR,DM644SR
2025-07-26_15-20-46-389_AN134KE-FRA.jpg,AN-134-KE,AN-134-KE,0.9767,1,1,AN134KE,AN134KE
2025-07-26_12-16-25-619_CM867FE-FRA.jpg,CM-867-FE,CM-867-FE,1.0000,1,1,CM867FE,CM867FE
2025-07-26_10-34-26-420_CV966BM-FRA.jpg,CV-966-BM,CV-966-BM,0.9993,1,1,CV966BM,CV966BM
2025-07-26_13-30-31-390_DF983KK-FRA.jpg,DF-983-KK,DF-983-KK,0.9952,1,1,DF983KK,DF983KK
2025-07-26_15-39-11-361_CH966NR-FRA.jpg,CH-966-NR,CH-966-NR,0.9995,1,1,CH966NR,CH966NR
2025-07-26_12-06-07-400_DW605ZG-FRA.jpg,DW-605-ZG,DW-605-ZG,1.0000,1,1,DW605ZG,DW605ZG
2025-07-26_11-33-43-110_DX007BT-FRA.jpg,DX-007-BT,DX-007-BT,0.9941,1,1,DX007BT,DX007BT
2025-07-26_13-10-15-934_CL548LZ-FRA.jpg,CL-548-LZ,CL-548-LZ,1.0000,1,1,CL548LZ,CL548LZ
2025-07-26_10-14-46-522_EY728VA-FRA.jpg,EY-728-VA,EY-728-VA,0.9999,1,1,EY728VA,EY728VA
2025-07-26_10-28-04-481_AC910LX-FRA.jpg,AC-910-LX,AC-910-LX,0.9472,1,1,AC910LX,AC910LX
2025-07-26_09-38-20-546_BJ922GQ-FRA.jpg,BJ-922-GQ,BJ-922-GQ,0.9998,1,1,BJ922GQ,BJ922GQ
2025-07-26_12-53-43-183_FV134BY-FRA.jpg,FV-134-BY,FV-134-BY,0.9999,1,1,FV134BY,FV134BY
2025-07-26_15-36-05-365_EL128ZF-FRA.jpg,EL-128-ZF,EL-128-ZF,1.0000,1,1,EL128ZF,EL128ZF
2025-07-26_15-35-12-476_BS858AV-FRA.jpg,BS-858-AV,BS-858-AV,1.0000,1,1,BS858AV,BS858AV
2025-07-26_11-16-38-585_FQ899GD-FRA.jpg,FQ-899-GD,FQ-899-GD,0.9797,1,1,FQ899GD,FQ899GD
2025-07-26_12-07-10-644_CF975HQ-FRA.jpg,CF-975-HQ,CF-975-HQ,0.9924,1,1,CF975HQ,CF975HQ
2025-07-26_10-08-47-526_EV794EZ-FRA.jpg,EV.794-EZ,EV.794-EZ,0.9999,1,1,EV794EZ,EV794EZ
2025-07-26_11-16-31-507_AJ467DJ-FRA.jpg,AJ-467-DJ,AJ-467-DJ,1.0000,1,1,AJ467DJ,AJ467DJ
2025-07-26_10-09-04-766_HE385JW-FRA.jpg,HE-385-JW,HE-385-JW,0.9633,1,1,HE385JW,HE385JW
2025-07-26_10-08-24-510_GK700QJ-FRA.jpg,GK-700-QJ,GK-700-QJ,0.9999,1,1,GK700QJ,GK700QJ
2025-07-26_14-12-39-001_EK533ZV-FRA.jpg,EK-533-ZV,EK-533-ZV,0.9994,1,1,EK533ZV,EK533ZV
2025-07-26_12-53-29-683_FR503KN-FRA.jpg,FR-503-KN,FR-503-KN,0.9952,1,1,FR503KN,FR503KN
2025-07-26_10-17-42-855_EL402YF-FRA.jpg,EL-402-YF,EL-402-YF,0.9672,1,1,EL402YF,EL402YF
2025-07-26_14-11-46-562_GS143QQ-FRA.jpg,GS-143-QQ,GS-143-QQ,0.9954,1,1,GS143QQ,GS143QQ
2025-07-26_16-44-24-891_GZ077PG-FRA.jpg,GZ-077-PG,GZ-077-PG,1.0000,1,1,GZ077PG,GZ077PG
2025-07-26_13-22-53-851_BG324ZF-FRA.jpg,BG-324-ZF,BG-324-ZF,0.9534,1,1,BG324ZF,BG324ZF
2025-07-26_10-03-19-774_FW634KL-FRA.jpg,FW-634-KL.,FW-634-KL.,0.9992,1,1,FW634KL,FW634KL
2025-07-26_12-43-12-933_AC037GQ-FRA.jpg,AC-037-GQ,AC-037-GQ,1.0000,1,1,AC037GQ,AC037GQ
2025-07-26_12-28-57-070_DJ977PQ-FRA.jpg,DJ-977-PQ,DJ-977-PQ,0.9997,1,1,DJ977PQ,DJ977PQ
2025-07-26_12-32-47-801_AD847HV-FRA.jpg,AD-847-HV,AD-847-HV,1.0000,1,1,AD847HV,AD847HV
2025-07-26_09-34-02-342_DY602HD-FRA.jpg,DY-602-HD,DY-602-HD,0.9989,1,1,DY602HD,DY602HD
2025-07-26_18-23-56-050_FR855EL-FRA.jpg,FR-855-EL,FR-855-EL,1.0000,1,1,FR855EL,FR855EL
2025-07-26_13-28-13-761_FG367DQ-FRA.jpg,FG-367-DQ,FG-367-DQ,1.0000,1,1,FG367DQ,FG367DQ
2025-07-26_15-08-06-336_FY417NQ-FRA.jpg,FY-417-NQ,FY-417-NQ,1.0000,1,1,FY417NQ,FY417NQ
2025-07-26_13-25-36-027_FP995VX-FRA.jpg,FP-995-VX,FP-995-VX,0.9573,1,1,FP995VX,FP995VX
2025-07-26_14-23-26-585_CN780SC-FRA.jpg,CN-780-SC,CN-780-SC,1.0000,1,1,CN780SC,CN780SC
2025-07-26_17-28-57-822_GF840TX-FRA.jpg,GF-840-TX,GF-840-TX,0.9999,1,1,GF840TX,GF840TX
2025-07-26_13-35-45-611_AM458HV-FRA.jpg,AM.458.HV,AM.458.HV,0.9982,1,1,AM458HV,AM458HV
2025-07-26_17-50-16-444_FT811FV-FRA.jpg,FT-811-FV,FT-811-FV,0.9988,1,1,FT811FV,FT811FV
2025-07-26_12-01-03-523_FA383RQ-FRA.jpg,FA-383-RQ,FA-383-RQ,0.9686,1,1,FA383RQ,FA383RQ
2025-07-26_10-23-00-616_FS642CD-FRA.jpg,FS-642-CD,FS-642-CD,0.9995,1,1,FS642CD,FS642CD
2025-07-26_18-01-19-967_AB771RC-FRA.jpg,AB-771-RC,AB-771-RC,0.9999,1,1,AB771RC,AB771RC
2025-07-26_10-44-32-999_AQ683XG-FRA.jpg,AQ683.XG,AQ683.XG,0.9999,1,1,AQ683XG,AQ683XG
2025-07-26_13-05-12-274_FN111DP-FRA.jpg,FN-111-DP,FN-111-DP,0.9798,1,1,FN111DP,FN111DP
2025-07-26_11-08-16-447_GM648CX-FRA.jpg,GM-648-CX.,GM-648-CX.,0.9834,1,1,GM648CX,GM648CX
2025-07-26_12-56-36-622_HD639TZ-FRA.jpg,HD-639-TZ,HD-639-TZ,0.9773,1,1,HD639TZ,HD639TZ
2025-07-26_09-42-00-556_BX643WS-FRA.jpg,BX-643-WS,BX-643-WS,0.9857,1,1,BX643WS,BX643WS
2025-07-26_15-52-29-751_GW581SW-FRA.jpg,GW-581-SW.,GW-581-SW.,0.9990,1,1,GW581SW,GW581SW
2025-07-26_17-35-02-305_HC738XT-FRA.jpg,HC-738-XT,HC-738-XT,0.9107,1,1,HC738XT,HC738XT
2025-07-26_14-34-13-778_BT997PA-FRA.jpg,BT-997-PA,BT-997-PA,0.9468,1,1,BT997PA,BT997PA
2025-07-26_12-56-50-037_BD139NR-FRA.jpg,BD-139-NR,BD-139-NR,1.0000,1,1,BD139NR,BD139NR
2025-07-26_17-09-39-609_GK460QN-FRA.jpg,GK-460-QN,GK-460-QN,0.9798,1,1,GK460QN,GK460QN
2025-07-26_14-22-14-700_GX940JY-FRA.jpg,GX-940-JY,GX-940-JY,1.0000,1,1,GX940JY,GX940JY
2025-07-26_11-04-37-228_DZ123GJ-FRA.jpg,DZ123.GJ,DZ123.GJ,0.9904,1,1,DZ123GJ,DZ123GJ
2025-07-26_10-46-01-806_EX914AT-FRA.jpg,EX-914-AT,EX-914-AT,0.9999,1,1,EX914AT,EX914AT
2025-07-26_12-56-31-432_FM286FJ-FRA.jpg,FM-286-FJ,FM-286-FJ,0.9998,1,1,FM286FJ,FM286FJ
2025-07-26_09-57-08-563_BD982QW-FRA.jpg,BD-982-QW,BD-982-QW,0.9999,1,1,BD982QW,BD982QW
2025-07-26_14-18-05-058_EJ269CE-FRA.jpg,EJ-269-CE,EJ-269-CE,0.9998,1,1,EJ269CE,EJ269CE
2025-07-26_10-25-24-631_FQ328ZX-FRA.jpg,FQ-328-ZX,FQ-328-ZX,0.9999,1,1,FQ328ZX,FQ328ZX
2025-07-26_10-46-02-701_FN796WE-FRA.jpg,FN-796-WE,FN-796-WE,0.9998,1,1,FN796WE,FN796WE
2025-07-26_16-32-26-183_FR918QT-FRA.jpg,FR918QT,FR918QT,1.0000,1,1,FR918QT,FR918QT
2025-07-26_12-19-57-841_FF473VB-FRA.jpg,FF473VB,FF473VB,0.9578,1,1,FF473VB,FF473VB
2025-07-26_13-02-54-428_BM040GJ-FRA.jpg,BM-040-GJ,BM-040-GJ,0.9672,1,1,BM040GJ,BM040GJ
2025-07-26_16-18-44-955_FL773QT-FRA.jpg,FL-773-QT.,FL-773-QT.,0.9891,1,1,FL773QT,FL773QT
2025-07-26_11-55-44-274_DW551VV-FRA.jpg,DW-551-VV,DW-551-VV,0.9800,1,1,DW551VV,DW551VV
2025-07-26_12-52-02-657_GK805WE-FRA.jpg,GK-805-WE,GK-805-WE,0.9999,1,1,GK805WE,GK805WE
2025-07-26_13-09-29-738_EZ513TA-FRA.jpg,EZ-513-TA.,EZ-513-TA.,0.9998,1,1,EZ513TA,EZ513TA
2025-07-26_13-03-13-422_DS281AA-FRA.jpg,DS-281-AA.,DS-281-AA.,1.0000,1,1,DS281AA,DS281AA
2025-07-26_14-36-42-748_AQ637XA-FRA.jpg,AQ-637-XA,AQ-637-XA,0.9859,1,1,AQ637XA,AQ637XA
2025-07-26_11-04-59-837_FR164DV-FRA.jpg,FR-164-DV,FR-164-DV,0.9634,1,1,FR164DV,FR164DV
2025-07-26_12-07-54-664_DZ340RW-FRA.jpg,DZ-340-RW,DZ-340-RW,0.9980,1,1,DZ340RW,DZ340RW
2025-07-26_11-10-39-339_AS540XJ-FRA.jpg,AS-540-XJ,AS-540-XJ,0.9998,1,1,AS540XJ,AS540XJ
2025-07-26_13-53-11-103_CP408YG-FRA.jpg,.CP-408-YG,.CP-408-YG,1.0000,1,1,CP408YG,CP408YG
2025-07-26_15-33-06-317_AK933ND-FRA.jpg,AK-933-ND,AK-933-ND,0.9999,1,1,AK933ND,AK933ND
2025-07-26_16-16-35-478_EF970AH-FRA.jpg,EF-970-AH,EF-970-AH,0.9584,1,1,EF970AH,EF970AH
2025-07-26_18-12-09-188_ED714NZ-FRA.jpg,ED.714.NZ,ED.714.NZ,0.9999,1,1,ED714NZ,ED714NZ
2025-07-26_11-11-51-920_GM059RE-FRA.jpg,GM-059-RE.,GM-059-RE.,0.9997,1,1,GM059RE,GM059RE
2025-07-26_16-23-14-319_EB321RD-FRA.jpg,EB-321-RD,EB-321-RD,0.9965,1,1,EB321RD,EB321RD
2025-07-26_16-59-46-659_FG869PP-FRA.jpg,FG-869-PP,FG-869-PP,0.9698,1,1,FG869PP,FG869PP
2025-07-26_10-21-41-903_BR096JM-FRA.jpg,BR-096-JM,BR-096-JM,1.0000,1,1,BR096JM,BR096JM
2025-07-26_12-48-30-854_BJ322XY-FRA.jpg,BJ-322-XY,BJ-322-XY,0.9980,1,1,BJ322XY,BJ322XY
2025-07-26_09-27-04-398_AX934AK-FRA.jpg,AX-934-AK,AX-934-AK,1.0000,1,1,AX934AK,AX934AK
2025-07-26_18-20-28-735_FK994WY-FRA.jpg,FK-994-WY.,FK-994-WY.,0.9999,1,1,FK994WY,FK994WY
2025-07-26_16-32-44-126_HC578BG-FRA.jpg,HC-578-BG,HC-578-BG,0.9999,1,1,HC578BG,HC578BG
2025-07-26_12-42-09-347_EN847AE-FRA.jpg,EN-847-AE,EN-847-AE,0.9996,1,1,EN847AE,EN847AE
2025-07-26_12-05-15-123_FQ866HA-FRA.jpg,FQ-866-HA,FQ-866-HA,0.9885,1,1,FQ866HA,FQ866HA
2025-07-26_16-45-41-479_HD558GD-FRA.jpg,HD-558-GD,HD-558-GD,0.9990,1,1,HD558GD,HD558GD
2025-07-26_10-10-55-150_EN530DF-FRA.jpg,EN-530-DF,EN-530-DF,1.0000,1,1,EN530DF,EN530DF
2025-07-26_16-35-25-819_CE432XV-FRA.jpg,CE-432-XV,CE-432-XV,0.9996,1,1,CE432XV,CE432XV
2025-07-26_12-04-43-383_GS738QC-FRA.jpg,GS-738-QC,GS-738-QC,0.9953,1,1,GS738QC,GS738QC
2025-07-26_12-33-11-710_GS391VJ-FRA.jpg,GS-391-VJ,GS-391-VJ,0.9574,1,1,GS391VJ,GS391VJ
2025-07-26_10-18-25-294_GK453CT-FRA.jpg,GK-453-CT,GK-453-CT,0.9879,1,1,GK453CT,GK453CT
2025-07-26_16-08-37-931_AB490LN-FRA.jpg,AB-490-LN,AB-490-LN,0.9999,1,1,AB490LN,AB490LN
2025-07-26_09-36-01-349_FK720AT-FRA.jpg,FK-720-AT,FK-720-AT,0.9999,1,1,FK720AT,FK720AT
2025-07-26_13-05-28-831_AV718NK-FRA.jpg,AV-718-NK,AV-718-NK,1.0000,1,1,AV718NK,AV718NK
2025-07-26_10-44-34-957_AQ683XG-FRA.jpg,AQ683.XG,AQ683.XG,0.9782,1,1,AQ683XG,AQ683XG
2025-07-26_16-55-10-170_GZ129DC-FRA.jpg,GZ.129.DC,GZ.129.DC,1.0000,1,1,GZ129DC,GZ129DC
2025-07-26_09-21-19-658_DF481XH-FRA.jpg,DF-481-XH,DF-481-XH,0.9993,1,1,DF481XH,DF481XH
2025-07-26_10-40-36-936_FA623PL-FRA.jpg,.FA-623-PL.,.FA-623-PL.,0.9720,1,1,FA623PL,FA623PL
2025-07-26_17-19-32-858_CA708ND-FRA.jpg,CA-708-ND,CA-708-ND,1.0000,1,1,CA708ND,CA708ND
2025-07-26_12-56-47-079_FZ613TL-FRA.jpg,.FZ-613-TL.,.FZ-613-TL.,0.9967,1,1,FZ613TL,FZ613TL
2025-07-26_12-09-26-960_AB238YS-FRA.jpg,AB-238-YS,AB-238-YS,0.9706,1,1,AB238YS,AB238YS
2025-07-26_11-33-59-199_AK593QD-FRA.jpg,AK593QD,AK593QD,0.9997,1,1,AK593QD,AK593QD
2025-07-26_10-56-06-549_GP306XS-FRA.jpg,GP.306.XS,GP.306.XS,0.9990,1,1,GP306XS,GP306XS
2025-07-26_09-55-21-129_AW949KM-FRA.jpg,AW-949-KM,AW-949-KM,0.9994,1,1,AW949KM,AW949KM
2025-07-26_12-36-59-820_449RC33-FRA.jpg,449RC33,449RC33,0.9939,1,1,449RC33,449RC33
2025-07-26_12-18-54-771_AN939VB-FRA.jpg,AN-939-VB,AN-939-VB,0.9997,1,1,AN939VB,AN939VB
2025-07-26_14-21-50-968_DT945EP-FRA.jpg,DT-945-EP,DT-945-EP,0.9818,1,1,DT945EP,DT945EP
2025-07-26_13-30-32-891_DH404QX-FRA.jpg,DH-404-QX,DH-404-QX,0.9842,1,1,DH404QX,DH404QX
2025-07-26_11-44-07-164_GS150PJ-FRA.jpg,GS-150-PJ,GS-150-PJ,0.9459,1,1,GS150PJ,GS150PJ
2025-07-26_09-12-01-334_EQ661DV-FRA.jpg,EQ-661-DV,EQ-661-DV,0.9999,1,1,EQ661DV,EQ661DV
2025-07-26_09-20-28-194_AQ982RJ-FRA.jpg,AQ-982-RJ,AQ-982-RJ,0.9990,1,1,AQ982RJ,AQ982RJ
2025-07-26_13-13-14-453_DW726DP-FRA.jpg,DW-726-DP,DW-726-DP,1.0000,1,1,DW726DP,DW726DP
2025-07-26_16-41-34-735_CR635FE-FRA.jpg,CR-635-FE,CR-635-FE,0.9612,1,1,CR635FE,CR635FE
2025-07-26_10-26-11-863_EH630VT-FRA.jpg,EH-630-VT,EH-630-VT,0.9603,1,1,EH630VT,EH630VT
2025-07-26_14-00-14-570_DJ174LV-FRA.jpg,DJ-174-LV,DJ-174-LV,0.9983,1,1,DJ174LV,DJ174LV
2025-07-26_12-05-17-711_FW124TH-FRA.jpg,FW-124-TH,FW-124-TH,0.9998,1,1,FW124TH,FW124TH
2025-07-26_14-41-15-344_FL623ZZ-FRA.jpg,FL-623-ZZ,FL-623-ZZ,1.0000,1,1,FL623ZZ,FL623ZZ
2025-07-26_09-18-23-548_DS129MW-FRA.jpg,DS-129-MW.,DS-129-MW.,0.9973,1,1,DS129MW,DS129MW
2025-07-26_15-53-26-161_BJ945FR-FRA.jpg,BJ-945-FR,BJ-945-FR,0.9990,1,1,BJ945FR,BJ945FR
2025-07-26_14-21-52-455_FA077VH-FRA.jpg,FA-077-VH,FA-077-VH,0.9999,1,1,FA077VH,FA077VH
2025-07-26_17-19-19-747_EF947FW-FRA.jpg,EF-947-FW,EF-947-FW,0.9511,1,1,EF947FW,EF947FW
2025-07-26_11-10-25-947_AR896NJ-FRA.jpg,AR-896-NJ,AR-896-NJ,1.0000,1,1,AR896NJ,AR896NJ
2025-07-26_09-30-59-770_FN695NE-FRA.jpg,FN-695-NE,FN-695-NE,0.9997,1,1,FN695NE,FN695NE
2025-07-26_14-06-03-348_GB265EY-FRA.jpg,GB-265-EY.,GB-265-EY.,0.9983,1,1,GB265EY,GB265EY
2025-07-26_10-44-31-724_GY783MK-FRA.jpg,GY-783-MK,GY-783-MK,0.9974,1,1,GY783MK,GY783MK
2025-07-26_10-52-06-890_DT923XH-FRA.jpg,DT-923-XH,DT-923-XH,0.9526,1,1,DT923XH,DT923XH
2025-07-26_17-36-01-058_GJ643LD-FRA.jpg,GJ-643-LD,GJ-643-LD,1.0000,1,1,GJ643LD,GJ643LD
2025-07-26_18-09-13-861_GV129JS-FRA.jpg,GV-129-JS,GV-129-JS,0.9989,1,1,GV129JS,GV129JS
2025-07-26_17-34-19-591_AN513CL-FRA.jpg,AN-513-CL.,AN-513-CL.,0.9989,1,1,AN513CL,AN513CL
2025-07-26_11-50-04-869_GN764XX-FRA.jpg,GN-764-XX,GN-764-XX,0.9995,1,1,GN764XX,GN764XX
2025-07-26_11-39-06-835_FW122MW-FRA.jpg,FW-122-MW,FW-122-MW,0.9999,1,1,FW122MW,FW122MW
2025-07-26_10-56-52-083_GT186WQ-FRA.jpg,GT.186.WQ,GT.186.WQ,0.9995,1,1,GT186WQ,GT186WQ
2025-07-26_17-03-10-786_FR780AG-FRA.jpg,FR-780-AG,FR-780-AG,1.0000,1,1,FR780AG,FR780AG
2025-07-26_14-59-35-031_BM757XB-FRA.jpg,BM-757-XB,BM-757-XB,0.9635,1,1,BM757XB,BM757XB
2025-07-26_09-29-50-722_GV198QJ-FRA.jpg,GV-198-QJ,GV-198-QJ,0.9999,1,1,GV198QJ,GV198QJ
2025-07-26_14-40-49-903_FD729NG-FRA.jpg,FD-729-NG,FD-729-NG,0.9999,1,1,FD729NG,FD729NG
2025-07-26_17-58-10-187_FL580LG-FRA.jpg,FL.580-LG,FL.580-LG,0.9537,1,1,FL580LG,FL580LG
2025-07-26_17-34-31-298_EG811VC-FRA.jpg,EG-811-VC.,EG-811-VC.,0.9970,1,1,EG811VC,EG811VC
2025-07-26_10-39-55-946_EG181NB-FRA.jpg,EG-181-NB.,EG-181-NB.,1.0000,1,1,EG181NB,EG181NB
2025-07-26_10-19-27-099_EZ226KJ-FRA.jpg,EZ-226-KJ,EZ-226-KJ,1.0000,1,1,EZ226KJ,EZ226KJ
2025-07-26_14-37-54-395_GJ863CQ-FRA.jpg,GJ-863-CQ,GJ-863-CQ,0.9998,1,1,GJ863CQ,GJ863CQ
2025-07-26_11-55-33-922_FY333KY-FRA.jpg,FY-333-KY,FY-333-KY,0.9998,1,1,FY333KY,FY333KY
2025-07-26_17-09-33-822_EJ634BW-FRA.jpg,EJ-634-BW,EJ-634-BW,1.0000,1,1,EJ634BW,EJ634BW
2025-07-26_10-42-49-875_EC786RH-FRA.jpg,EC-786-RH,EC-786-RH,0.9999,1,1,EC786RH,EC786RH
2025-07-26_18-08-45-408_FH418KN-FRA.jpg,FH-418-KN,FH-418-KN,0.9998,1,1,FH418KN,FH418KN
2025-07-26_11-33-35-038_AQ282VC-FRA.jpg,AQ.282.VC,AQ.282.VC,0.9957,1,1,AQ282VC,AQ282VC
2025-07-26_09-29-37-159_GC476KY-FRA.jpg,GC-476-KY,GC-476-KY,1.0000,1,1,GC476KY,GC476KY
2025-07-26_10-21-27-309_BF124XF-FRA.jpg,BF-124-XF,BF-124-XF,0.9908,1,1,BF124XF,BF124XF
2025-07-26_09-34-29-621_GK837VQ-FRA.jpg,GK-837-VQ,GK-837-VQ,0.9897,1,1,GK837VQ,GK837VQ
2025-07-26_10-33-17-474_FD460LL-FRA.jpg,FD-460-LL.,FD-460-LL.,0.9957,1,1,FD460LL,FD460LL
2025-07-26_12-33-22-351_AW005ZG-FRA.jpg,AW-005-ZG,AW-005-ZG,0.9904,1,1,AW005ZG,AW005ZG
2025-07-26_12-43-47-528_GR467CL-FRA.jpg,GR-467-CL,GR-467-CL,0.9657,1,1,GR467CL,GR467CL
2025-07-26_09-04-53-187_GF973KT-FRA.jpg,GF-973-KT,GF-973-KT,1.0000,1,1,GF973KT,GF973KT
2025-07-26_15-33-15-746_DS483RQ-FRA.jpg,DS-483-RQ,DS-483-RQ,1.0000,1,1,DS483RQ,DS483RQ
2025-07-26_12-30-21-108_HB568SN-FRA.jpg,HB-568-SN.,HB-568-SN.,0.9999,1,1,HB568SN,HB568SN
2025-07-26_13-59-58-166_DD316LA-FRA.jpg,DD-316-LA,DD-316-LA,0.9524,1,1,DD316LA,DD316LA
2025-07-26_09-59-56-540_BK692JL-FRA.jpg,BK-692JL,BK-692JL,0.9999,1,1,BK692JL,BK692JL
2025-07-26_10-05-13-096_GG280FY-FRA.jpg,GG-280-FY,GG-280-FY,1.0000,1,1,GG280FY,GG280FY
2025-07-26_16-10-42-984_CR144TC-FRA.jpg,CR-144-TC,CR-144-TC,0.9999,1,1,CR144TC,CR144TC
2025-07-26_10-37-19-088_HD712QP-FRA.jpg,HD-712-QP,HD-712-QP,0.9884,1,1,HD712QP,HD712QP
2025-07-26_13-34-11-647_HC698QF-FRA.jpg,HC-698-QF.,HC-698-QF.,0.9978,1,1,HC698QF,HC698QF
2025-07-26_14-01-52-918_DX340TT-FRA.jpg,DX-340-TT,DX-340-TT,0.9893,1,1,DX340TT,DX340TT
2025-07-26_12-01-49-522_AN349LW-FRA.jpg,.AN-349-LW,.AN-349-LW,0.9998,1,1,AN349LW,AN349LW
2025-07-26_10-07-45-678_BN926SD-FRA.jpg,BN-926.SD,BN-926.SD,0.9999,1,1,BN926SD,BN926SD
2025-07-26_18-13-42-455_BQ243BS-FRA.jpg,BQ-243-BS,BQ-243-BS,0.9970,1,1,BQ243BS,BQ243BS
2025-07-26_18-03-11-659_FR989NF-FRA.jpg,FR-989-NF.,FR-989-NF.,0.9982,1,1,FR989NF,FR989NF
2025-07-26_12-48-49-851_AQ134MN-FRA.jpg,AQ-134-MN,AQ-134-MN,1.0000,1,1,AQ134MN,AQ134MN
2025-07-26_16-48-59-707_ET200GE-FRA.jpg,ET-200-GE,ET-200-GE,0.9713,1,1,ET200GE,ET200GE
2025-07-26_13-38-19-113_GS830XW-FRA.jpg,GS-830-XW,GS-830-XW,0.9998,1,1,GS830XW,GS830XW
2025-07-26_09-58-55-201_EM450QL-FRA.jpg,EM-450-QL.,EM-450-QL.,0.9688,1,1,EM450QL,EM450QL
2025-07-26_14-33-40-058_AG400FC-FRA.jpg,AG-400-FC,AG-400-FC,0.9607,1,1,AG400FC,AG400FC
2025-07-26_14-58-48-624_CH835LP-FRA.jpg,CH-835-LP,CH-835-LP,0.9989,1,1,CH835LP,CH835LP
2025-07-26_09-53-52-883_ET634CY-FRA.jpg,ET-634-CY.,ET-634-CY.,0.9976,1,1,ET634CY,ET634CY
2025-07-26_10-58-15-895_AC026WD-FRA.jpg,AC-026-WD,AC-026-WD,1.0000,1,1,AC026WD,AC026WD
2025-07-26_09-30-56-392_FR727NF-FRA.jpg,FR-727-NF,FR-727-NF,0.9754,1,1,FR727NF,FR727NF
2025-07-26_10-05-21-491_DQ493HM-FRA.jpg,DQ-493-HM,DQ-493-HM,0.9994,1,1,DQ493HM,DQ493HM
2025-07-26_11-13-39-944_CT419LF-FRA.jpg,CT-419-LF,CT-419-LF,0.9757,1,1,CT419LF,CT419LF
2025-07-26_09-25-48-418_BL761GW-FRA.jpg,BL-761-GW,BL-761-GW,0.9999,1,1,BL761GW,BL761GW
2025-07-26_11-08-23-745_AB620EH-FRA.jpg,AB-620-EH,AB-620-EH,0.9997,1,1,AB620EH,AB620EH
2025-07-26_12-26-03-855_FX381BA-FRA.jpg,FX-381-BA,FX-381-BA,1.0000,1,1,FX381BA,FX381BA
2025-07-26_18-07-42-177_BG609XS-FRA.jpg,BG-609-XS,BG-609-XS,0.9989,1,1,BG609XS,BG609XS
2025-07-26_14-15-19-210_FL133YW-FRA.jpg,FL133YW,FL133YW,1.0000,1,1,FL133YW,FL133YW
2025-07-26_11-15-57-104_GT427KR-FRA.jpg,GT-427-KR,GT-427-KR,0.9979,1,1,GT427KR,GT427KR
2025-07-26_14-26-52-131_DD209MF-FRA.jpg,DD-209-MF,DD-209-MF,0.9890,1,1,DD209MF,DD209MF
2025-07-26_11-32-05-694_EP536KQ-FRA.jpg,EP-536-KQ,EP-536-KQ,0.9996,1,1,EP536KQ,EP536KQ
2025-07-26_13-42-57-887_HE610PN-FRA.jpg,HE-610-PN,HE-610-PN,0.9866,1,1,HE610PN,HE610PN
2025-07-26_14-05-23-988_AE674YY-FRA.jpg,AE-674-YY.,AE-674-YY.,0.9988,1,1,AE674YY,AE674YY
2025-07-26_14-12-39-211_BV116JG-FRA.jpg,BV-116-JG,BV-116-JG,1.0000,1,1,BV116JG,BV116JG
2025-07-26_10-07-15-274_GV449QF-FRA.jpg,GV-449-QF,GV-449-QF,0.9996,1,1,GV449QF,GV449QF
2025-07-26_11-14-46-981_FB448KK-FRA.jpg,FB-448-KK,FB-448-KK,1.0000,1,1,FB448KK,FB448KK
2025-07-26_09-57-51-683_DC725RD-FRA.jpg,DC-725-RD,DC-725-RD,0.9837,1,1,DC725RD,DC725RD
2025-07-26_12-15-52-728_EW343HD-FRA.jpg,.EW-343-HD,.EW-343-HD,1.0000,1,1,EW343HD,EW343HD
2025-07-26_17-33-04-376_FS143LJ-FRA.jpg,FS-143-LJ,FS-143-LJ,0.9493,1,1,FS143LJ,FS143LJ
2025-07-26_12-55-48-188_DS342WE-FRA.jpg,DS-342-WE,DS-342-WE,0.9819,1,1,DS342WE,DS342WE
2025-07-26_10-23-20-902_BA895PW-FRA.jpg,BA-895-PW,BA-895-PW,0.9635,1,1,BA895PW,BA895PW
2025-07-26_12-10-16-796_FJ222MZ-FRA.jpg,FJ-222-MZ,FJ-222-MZ,0.9755,1,1,FJ222MZ,FJ222MZ
2025-07-26_11-10-46-306_AY290WP-FRA.jpg,AY-290-WP,AY-290-WP,0.9462,1,1,AY290WP,AY290WP
2025-07-26_14-10-19-910_FZ379TA-FRA.jpg,FZ-379-TA,FZ-379-TA,0.9972,1,1,FZ379TA,FZ379TA
2025-07-26_10-06-51-040_AA749FF-FRA.jpg,AA-749-FF,AA-749-FF,1.0000,1,1,AA749FF,AA749FF
2025-07-26_14-31-15-058_HE156SG-FRA.jpg,HE-156-SG,HE-156-SG,0.9994,1,1,HE156SG,HE156SG
2025-07-26_13-15-51-941_EF089XW-FRA.jpg,EF-089-XW,EF-089-XW,0.9996,1,1,EF089XW,EF089XW
2025-07-26_12-45-01-598_EW468SH-FRA.jpg,EW-468-SH,EW-468-SH,0.9782,1,1,EW468SH,EW468SH
2025-07-26_12-37-23-186_FJ411HD-FRA.jpg,FJ-411-HD,FJ-411-HD,1.0000,1,1,FJ411HD,FJ411HD
2025-07-26_10-21-14-101_DW921KQ-FRA.jpg,DW-921-KQ,DW-921-KQ,0.9993,1,1,DW921KQ,DW921KQ
2025-07-26_12-34-01-810_CW741XE-FRA.jpg,CW-741-XE.,CW-741-XE.,0.9999,1,1,CW741XE,CW741XE
2025-07-26_16-14-09-775_GW533TQ-FRA.jpg,GW533-TQ,GW533-TQ,0.9831,1,1,GW533TQ,GW533TQ
2025-07-26_12-26-18-236_CX065TP-FRA.jpg,CX-065-TP,CX-065-TP,1.0000,1,1,CX065TP,CX065TP
2025-07-26_13-23-49-742_HD796XP-FRA.jpg,HD-796-XP,HD-796-XP,1.0000,1,1,HD796XP,HD796XP
2025-07-26_16-49-35-962_CN683WL-FRA.jpg,CN-683-WL,CN-683-WL,1.0000,1,1,CN683WL,CN683WL
2025-07-26_16-07-07-000_AJ443TL-FRA.jpg,AJ-443-TL,AJ-443-TL,0.9998,1,1,AJ443TL,AJ443TL
2025-07-26_10-37-54-676_ES880CV-FRA.jpg,ES-880-CV,ES-880-CV,0.9990,1,1,ES880CV,ES880CV
2025-07-26_11-31-54-777_ES818VN-FRA.jpg,ES818VN,ES818VN,1.0000,1,1,ES818VN,ES818VN
2025-07-26_11-31-03-596_GW598BL-FRA.jpg,GW-598-BL,GW-598-BL,0.9784,1,1,GW598BL,GW598BL
2025-07-26_14-18-27-925_FB523JH-FRA.jpg,FB-523-JH,FB-523-JH,0.9997,1,1,FB523JH,FB523JH
2025-07-26_10-06-34-738_CN125FC-FRA.jpg,CN-125-FC,CN-125-FC,1.0000,1,1,CN125FC,CN125FC
2025-07-26_16-39-43-014_CW938HV-FRA.jpg,CW.938.HV,CW.938.HV,0.9999,1,1,CW938HV,CW938HV
2025-07-26_12-05-20-329_CD026LM-FRA.jpg,CD-026-LM,CD-026-LM,0.9930,1,1,CD026LM,CD026LM
2025-07-26_10-30-33-584_GZ324GV-FRA.jpg,GZ-324-GV.,GZ-324-GV.,0.9885,1,1,GZ324GV,GZ324GV
2025-07-26_14-02-06-426_BB155FD-FRA.jpg,BB-155-FD,BB-155-FD,1.0000,1,1,BB155FD,BB155FD
2025-07-26_14-21-16-670_CT545CQ-FRA.jpg,CT-545-CQ,CT-545-CQ,1.0000,1,1,CT545CQ,CT545CQ
2025-07-26_17-40-07-992_DS134ZH-FRA.jpg,DS-134-ZH,DS-134-ZH,0.9965,1,1,DS134ZH,DS134ZH
2025-07-26_09-27-03-119_GG791KR-FRA.jpg,GG791KR,GG791KR,0.9999,1,1,GG791KR,GG791KR
2025-07-26_14-11-15-107_GA183YS-FRA.jpg,GA-183-YS,GA-183-YS,1.0000,1,1,GA183YS,GA183YS
2025-07-26_17-50-23-731_DC539XK-FRA.jpg,DC-539-XK,DC-539-XK,1.0000,1,1,DC539XK,DC539XK
2025-07-26_16-42-08-751_BF292KG-FRA.jpg,BF-292-KG,BF-292-KG,1.0000,1,1,BF292KG,BF292KG
2025-07-26_14-23-18-257_BX553BC-FRA.jpg,BX-553-BC,BX-553-BC,0.9457,1,1,BX553BC,BX553BC
2025-07-26_09-53-05-113_HA981VL-FRA.jpg,HA981VL,HA981VL,0.9994,1,1,HA981VL,HA981VL
2025-07-26_13-08-25-972_DF760ZC-FRA.jpg,DF-760-ZC,DF-760-ZC,1.0000,1,1,DF760ZC,DF760ZC
2025-07-26_12-17-51-835_FA761EH-FRA.jpg,FA-761-EH,FA-761-EH,0.9988,1,1,FA761EH,FA761EH
2025-07-26_09-10-54-011_FQ769HB-FRA.jpg,FQ-769-HB,FQ-769-HB,0.9999,1,1,FQ769HB,FQ769HB
2025-07-26_11-39-19-440_FD928VW-FRA.jpg,FD-928-VW,FD-928-VW,0.9981,1,1,FD928VW,FD928VW
2025-07-26_14-12-44-749_AB395FL-FRA.jpg,AB-395-FL.,AB-395-FL.,1.0000,1,1,AB395FL,AB395FL
2025-07-26_13-29-56-250_GF842BC-FRA.jpg,GF-842-BC,GF-842-BC,0.9999,1,1,GF842BC,GF842BC
2025-07-26_12-35-36-919_FX984YP-FRA.jpg,FX-984-YP,FX-984-YP,0.9978,1,1,FX984YP,FX984YP
2025-07-26_12-05-07-511_FJ734WV-FRA.jpg,FJ-734-WV,FJ-734-WV,1.0000,1,1,FJ734WV,FJ734WV
2025-07-26_09-22-28-467_FG725WK-FRA.jpg,FG-725-WK,FG-725-WK,0.9706,1,1,FG725WK,FG725WK
2025-07-26_16-13-29-520_AG881KZ-FRA.jpg,AG-881-KZ,AG-881-KZ,1.0000,1,1,AG881KZ,AG881KZ
2025-07-26_17-20-49-516_DE801HA-FRA.jpg,DE-801-HA,DE-801-HA,1.0000,1,1,DE801HA,DE801HA
2025-07-26_18-06-37-287_EV580NZ-FRA.jpg,EV-580-NZ,EV-580-NZ,0.9770,1,1,EV580NZ,EV580NZ
2025-07-26_16-14-29-052_BH174QZ-FRA.jpg,BH-174-QZ,BH-174-QZ,0.9832,1,1,BH174QZ,BH174QZ
2025-07-26_12-04-13-528_BY503ER-FRA.jpg,BY-503-ER,BY-503-ER,0.9843,1,1,BY503ER,BY503ER
2025-07-26_12-35-43-684_EV637BB-FRA.jpg,EV.637BB,EV.637BB,0.9987,1,1,EV637BB,EV637BB
2025-07-26_09-02-36-477_AC220ZP-FRA.jpg,.AC-220-ZP,.AC-220-ZP,0.9991,1,1,AC220ZP,AC220ZP
2025-07-26_12-12-50-726_WW145GW-FRA.jpg,WW-145-GW.,WW-145-GW.,0.9857,1,1,WW145GW,WW145GW
2025-07-26_10-03-14-816_HC296BX-FRA.jpg,HC.296BX,HC.296BX,1.0000,1,1,HC296BX,HC296BX
2025-07-26_10-58-27-807_GE991WW-FRA.jpg,GE-991-WW,GE-991-WW,0.9996,1,1,GE991WW,GE991WW
2025-07-26_13-25-11-378_EB677RA-FRA.jpg,EB677RA,EB677RA,0.9331,1,1,EB677RA,EB677RA
2025-07-26_13-13-02-692_HC852BE-FRA.jpg,HC-852-BE.,HC-852-BE.,0.9976,1,1,HC852BE,HC852BE
2025-07-26_11-05-47-680_CT354VC-ITA.jpg,CT-354-VC,CT-354-VC,0.9661,1,1,CT354VC,CT354VC
2025-07-26_14-21-49-726_GX879HX-FRA.jpg,GX-879-HX,GX-879-HX,0.9644,1,1,GX879HX,GX879HX
2025-07-26_14-16-00-229_GX782KR-FRA.jpg,GX-782-KR,GX-782-KR,0.9995,1,1,GX782KR,GX782KR
2025-07-26_18-04-25-725_GS245RV-FRA.jpg,GS-245-RV.,GS-245-RV.,0.9610,1,1,GS245RV,GS245RV
2025-07-26_10-10-53-398_FQ461PN-FRA.jpg,FQ-461-PN,FQ-461-PN,0.9999,1,1,FQ461PN,FQ461PN
2025-07-26_14-16-33-178_GJ361KT-ITA.jpg,GJ-361-KT,GJ-361-KT,0.9944,1,1,GJ361KT,GJ361KT
2025-07-26_10-58-48-108_2442RX33-FRA.jpg,2442RX33,2442RX33,0.9998,1,1,2442RX33,2442RX33
2025-07-26_10-14-47-689_FS555KT-FRA.jpg,FS-555-KT.,FS-555-KT.,0.9976,1,1,FS555KT,FS555KT
2025-07-26_18-15-31-834_FQ936KR-FRA.jpg,FQ-936-KR,FQ-936-KR,0.9996,1,1,FQ936KR,FQ936KR
2025-07-26_14-26-59-750_EY476SP-FRA.jpg,EY-476-SP,EY-476-SP,0.9793,1,1,EY476SP,EY476SP
2025-07-26_11-33-59-671_GB941EV-FRA.jpg,GB-941-EV.,GB-941-EV.,1.0000,1,1,GB941EV,GB941EV
2025-07-26_10-55-49-234_BJ940NE-FRA.jpg,BJ-940-NE.,BJ-940-NE.,1.0000,1,1,BJ940NE,BJ940NE
2025-07-26_09-24-20-179_GF511SQ-FRA.jpg,GF-511-SQ,GF-511-SQ,0.9935,1,1,GF511SQ,GF511SQ
2025-07-26_16-11-46-116_910AHD06-FRA.jpg,910AHD06,910AHD06,0.9999,1,1,910AHD06,910AHD06
2025-07-26_10-08-08-290_GZ911HK-FRA.jpg,GZ-911-HK.,GZ-911-HK.,0.9575,1,1,GZ911HK,GZ911HK
2025-07-26_11-33-33-836_FT954LT-FRA.jpg,FT-954-LT.,FT-954-LT.,1.0000,1,1,FT954LT,FT954LT
2025-07-26_15-53-02-040_HD206PS-FRA.jpg,HD-206-PS,HD-206-PS,0.9970,1,1,HD206PS,HD206PS
2025-07-26_10-08-31-836_DM448ND-FRA.jpg,DM.448.ND.,DM.448.ND.,0.9998,1,1,DM448ND,DM448ND
2025-07-26_09-55-08-783_BZ271FJ-FRA.jpg,BZ-271-FJ,BZ-271-FJ,1.0000,1,1,BZ271FJ,BZ271FJ
2025-07-26_15-21-04-435_BV417SG-FRA.jpg,BV-417-SG,BV-417-SG,0.9999,1,1,BV417SG,BV417SG
2025-07-26_11-27-03-889_GV708GE-FRA.jpg,GV-708-GE,GV-708-GE,1.0000,1,1,GV708GE,GV708GE
2025-07-26_11-45-51-061_CM025JC-FRA.jpg,CM-025-JC,CM-025-JC,1.0000,1,1,CM025JC,CM025JC
2025-07-26_10-18-07-773_GW651LN-FRA.jpg,GW-651-LN,GW-651-LN,0.9999,1,1,GW651LN,GW651LN
2025-07-26_11-13-36-162_CD261KS-FRA.jpg,CD-261-KS,CD-261-KS,1.0000,1,1,CD261KS,CD261KS
2025-07-26_11-38-06-816_FJ371BR-FRA.jpg,FJ-371-BR,FJ-371-BR,1.0000,1,1,FJ371BR,FJ371BR
2025-07-26_09-25-57-015_EF011TD-FRA.jpg,EF-011-TD,EF-011-TD,0.9950,1,1,EF011TD,EF011TD
2025-07-26_11-14-51-176_FG676NE-FRA.jpg,FG-676-NE,FG-676-NE,0.9673,1,1,FG676NE,FG676NE
2025-07-26_11-37-54-177_CS156EZ-FRA.jpg,CS-156-EZ,CS-156-EZ,1.0000,1,1,CS156EZ,CS156EZ
2025-07-26_09-28-03-243_GE404DG-FRA.jpg,GE-404-DG,GE-404-DG,0.9923,1,1,GE404DG,GE404DG
2025-07-26_12-34-03-093_DN601LK-FRA.jpg,DN-601-LK,DN-601-LK,0.9999,1,1,DN601LK,DN601LK
2025-07-26_15-33-25-660_DD379JT-FRA.jpg,DD-379-JT.,DD-379-JT.,1.0000,1,1,DD379JT,DD379JT
2025-07-26_12-53-47-846_FQ867MB-FRA.jpg,FQ-867-MB,FQ-867-MB,0.9964,1,1,FQ867MB,FQ867MB
2025-07-26_15-47-36-046_CQ855CV-FRA.jpg,CQ-855-CV,CQ-855-CV,0.9998,1,1,CQ855CV,CQ855CV
2025-07-26_16-08-30-171_EV466FL-FRA.jpg,.EV-466-FL.,.EV-466-FL.,0.9997,1,1,EV466FL,EV466FL
2025-07-26_09-34-27-430_ER407TZ-FRA.jpg,ER-407-TZ,ER-407-TZ,0.9999,1,1,ER407TZ,ER407TZ
2025-07-26_12-30-23-089_DV175WQ-FRA.jpg,DV-175-WQ,DV-175-WQ,0.9988,1,1,DV175WQ,DV175WQ
2025-07-26_11-41-43-912_FZ213XA-FRA.jpg,FZ-213-XA,FZ-213-XA,0.9999,1,1,FZ213XA,FZ213XA
2025-07-26_11-16-30-006_BK345GM-FRA.jpg,BK345GM,BK345GM,1.0000,1,1,BK345GM,BK345GM
2025-07-26_16-08-04-155_AK702NG-FRA.jpg,AK.702-NG,AK.702-NG,0.9999,1,1,AK702NG,AK702NG
2025-07-26_13-08-52-220_FZ695KV-FRA.jpg,FZ-695-KV,FZ-695-KV,1.0000,1,1,FZ695KV,FZ695KV
2025-07-26_11-47-30-288_EA955XA-FRA.jpg,EA-955-XA,EA-955-XA,0.9503,1,1,EA955XA,EA955XA
2025-07-26_12-19-52-297_BX944KG-FRA.jpg,BX-944-KG,BX-944-KG,0.9880,1,1,BX944KG,BX944KG
2025-07-26_12-05-16-330_FW124TH-FRA.jpg,FW-124-TH,FW-124-TH,0.9410,1,1,FW124TH,FW124TH
2025-07-26_09-53-50-963_ET634CY-FRA.jpg,ET-634-CY.,ET-634-CY.,0.9999,1,1,ET634CY,ET634CY
2025-07-26_10-52-11-032_CX206FT-FRA.jpg,CX-206-FT,CX-206-FT,1.0000,1,1,CX206FT,CX206FT
2025-07-26_10-05-41-289_DS029KY-FRA.jpg,DS-029-KY.,DS-029-KY.,0.9998,1,1,DS029KY,DS029KY
2025-07-26_15-13-48-724_AR160RT-FRA.jpg,AR-160-RT.,AR-160-RT.,0.9998,1,1,AR160RT,AR160RT
2025-07-26_13-13-58-637_GV935KJ-FRA.jpg,GV-935-KJ,GV-935-KJ,1.0000,1,1,GV935KJ,GV935KJ
2025-07-26_13-09-24-129_BJ612CJ-FRA.jpg,BJ-612-CJ,BJ-612-CJ,1.0000,1,1,BJ612CJ,BJ612CJ
2025-07-26_12-35-29-204_FF186HN-FRA.jpg,FF-186-HN,FF-186-HN,0.9741,1,1,FF186HN,FF186HN
2025-07-26_10-03-57-257_EM789XW-FRA.jpg,EM-789-XW,EM-789-XW,1.0000,1,1,EM789XW,EM789XW
2025-07-26_10-07-11-666_DG823RL-FRA.jpg,DG-823-RL.,DG-823-RL.,0.9999,1,1,DG823RL,DG823RL
2025-07-26_14-46-56-609_FG524YN-FRA.jpg,FG-524-YN,FG-524-YN,1.0000,1,1,FG524YN,FG524YN
2025-07-26_14-05-53-582_DB600WD-FRA.jpg,DB-600-WD,DB-600-WD,0.9861,1,1,DB600WD,DB600WD
2025-07-26_16-22-56-516_EW927FR-FRA.jpg,EW-927-FR,EW-927-FR,0.9999,1,1,EW927FR,EW927FR
2025-07-26_14-24-34-410_AG113HH-FRA.jpg,AG-113-HH,AG-113-HH,0.9825,1,1,AG113HH,AG113HH
2025-07-26_12-05-51-249_DB252MP-FRA.jpg,DB-252-MP.,DB-252-MP.,0.9959,1,1,DB252MP,DB252MP
2025-07-26_09-47-22-364_BH091YB-FRA.jpg,BH-091-YB,BH-091-YB,0.9984,1,1,BH091YB,BH091YB
2025-07-26_10-25-52-015_ET245AQ-FRA.jpg,ET-245-AQ,ET-245-AQ,0.9971,1,1,ET245AQ,ET245AQ
2025-07-26_12-55-54-276_FR920TL-FRA.jpg,FR-920-TL,FR-920-TL,0.9998,1,1,FR920TL,FR920TL
2025-07-26_13-28-23-978_EH019VS-FRA.jpg,EH-019-VS,EH-019-VS,0.9997,1,1,EH019VS,EH019VS
2025-07-26_13-16-45-437_AH574ME-FRA.jpg,AH-574-ME,AH-574-ME,1.0000,1,1,AH574ME,AH574ME
2025-07-26_14-53-38-468_BW124LH-FRA.jpg,BW-124-LH,BW-124-LH,1.0000,1,1,BW124LH,BW124LH
2025-07-26_11-15-36-909_EE745BS-FRA.jpg,EE-745-BS,EE-745-BS,0.9948,1,1,EE745BS,EE745BS
2025-07-26_13-32-21-087_FY821CR-FRA.jpg,FY-821-CR,FY-821-CR,0.9999,1,1,FY821CR,FY821CR
2025-07-26_13-37-46-927_EF760ZK-FRA.jpg,EF-760-ZK,EF-760-ZK,1.0000,1,1,EF760ZK,EF760ZK
2025-07-26_14-34-37-792_CR648RC-FRA.jpg,CR-648-RC,CR-648-RC,1.0000,1,1,CR648RC,CR648RC
2025-07-26_10-29-14-173_CB494JN-FRA.jpg,CB-494-JN,CB-494-JN,1.0000,1,1,CB494JN,CB494JN
2025-07-26_14-44-25-469_BR501HR-FRA.jpg,BR-501-HR,BR-501-HR,0.9979,1,1,BR501HR,BR501HR
2025-07-26_10-40-49-417_GB772LX-FRA.jpg,GB-772-LX,GB-772-LX,0.9838,1,1,GB772LX,GB772LX
2025-07-26_18-03-05-817_GK507CW-FRA.jpg,GK-507-CW,GK-507-CW,0.9841,1,1,GK507CW,GK507CW
2025-07-26_10-05-11-616_BC429SY-FRA.jpg,BC-429-SY,BC-429-SY,0.9916,1,1,BC429SY,BC429SY
2025-07-26_10-34-23-000_EL163FF-FRA.jpg,EL-163-FF.,EL-163-FF.,1.0000,1,1,EL163FF,EL163FF
2025-07-26_10-55-31-404_GD490GP-FRA.jpg,GD-490-GP,GD-490-GP,0.9943,1,1,GD490GP,GD490GP
2025-07-26_16-36-46-031_FS410VH-FRA.jpg,FS410-VH,FS410-VH,0.9999,1,1,FS410VH,FS410VH
2025-07-26_12-09-42-487_FK114XW-FRA.jpg,FK-114-XW,FK-114-XW,0.9999,1,1,FK114XW,FK114XW
2025-07-26_10-04-55-557_DR945ZJ-FRA.jpg,DR-945-ZJ,DR-945-ZJ,0.9799,1,1,DR945ZJ,DR945ZJ
2025-07-26_14-14-36-859_EG307KY-FRA.jpg,EG-307-KY,EG-307-KY,1.0000,1,1,EG307KY,EG307KY
2025-07-26_12-33-10-350_FX110QS-FRA.jpg,FX-110-QS,FX-110-QS,0.9997,1,1,FX110QS,FX110QS
2025-07-26_11-57-35-160_EY506EP-FRA.jpg,EY-506-EP,EY-506-EP,0.9935,1,1,EY506EP,EY506EP
2025-07-26_09-57-19-865_EY963SF-FRA.jpg,EY-963-SF,EY-963-SF,1.0000,1,1,EY963SF,EY963SF
2025-07-26_13-14-11-734_GK488YZ-FRA.jpg,GK-488-YZ,GK-488-YZ,0.9945,1,1,GK488YZ,GK488YZ
2025-07-26_09-20-03-580_GX039YL-FRA.jpg,GX-039-YL.,GX-039-YL.,0.9936,1,1,GX039YL,GX039YL
2025-07-26_09-53-22-693_AT968YL-FRA.jpg,AT-968-YL,AT-968-YL,1.0000,1,1,AT968YL,AT968YL
2025-07-26_11-42-45-139_GX402KL-FRA.jpg,GX-402-KL,GX-402-KL,1.0000,1,1,GX402KL,GX402KL
2025-07-26_10-24-56-549_GW475RY-FRA.jpg,GW-475-RY,GW-475-RY,0.9833,1,1,GW475RY,GW475RY
2025-07-26_17-34-11-075_CJ456PY-FRA.jpg,CJ-456-PY,CJ-456-PY,0.9999,1,1,CJ456PY,CJ456PY
2025-07-26_10-05-53-498_FV347TA-FRA.jpg,FV-347-TA,FV-347-TA,1.0000,1,1,FV347TA,FV347TA
2025-07-26_09-30-14-815_AJ409BP-FRA.jpg,AJ-409-BP,AJ-409-BP,1.0000,1,1,AJ409BP,AJ409BP
2025-07-26_17-39-00-860_GG824YR-FRA.jpg,GG-824-YR,GG-824-YR,1.0000,1,1,GG824YR,GG824YR
2025-07-26_10-19-34-251_GN033LW-FRA.jpg,GN-033-LW,GN-033-LW,0.9980,1,1,GN033LW,GN033LW
2025-07-26_10-08-35-113_CY863GW-FRA.jpg,CY863GW,CY863GW,0.9999,1,1,CY863GW,CY863GW
2025-07-26_10-32-05-077_DC898MJ-FRA.jpg,DC-898-MJ.,DC-898-MJ.,0.9961,1,1,DC898MJ,DC898MJ
2025-07-26_11-27-28-173_GW353KD-FRA.jpg,GW-353-KD,GW-353-KD,0.9996,1,1,GW353KD,GW353KD
2025-07-26_13-09-52-313_FD017BZ-FRA.jpg,FD-017-BZ,FD-017-BZ,1.0000,1,1,FD017BZ,FD017BZ
2025-07-26_17-56-33-158_DW449AE-FRA.jpg,DW-449-AE,DW-449-AE,0.9869,1,1,DW449AE,DW449AE
2025-07-26_13-09-06-953_EC316BC-FRA.jpg,EC-316-BC,EC-316-BC,0.9942,1,1,EC316BC,EC316BC
2025-07-26_11-13-39-607_GX508NV-FRA.jpg,GX508NV,GX508NV,0.9986,1,1,GX508NV,GX508NV
2025-07-26_11-13-54-173_DD399ZF-FRA.jpg,DD-399-ZF,DD-399-ZF,0.9924,1,1,DD399ZF,DD399ZF
2025-07-26_13-09-30-752_FE186PG-FRA.jpg,FE-186-PG,FE-186-PG,1.0000,1,1,FE186PG,FE186PG
2025-07-26_14-16-44-893_DY511FL-FRA.jpg,DY-511-FL,DY-511-FL,1.0000,1,1,DY511FL,DY511FL
2025-07-26_09-27-15-683_DZ215DT-FRA.jpg,DZ-215-DT,DZ-215-DT,1.0000,1,1,DZ215DT,DZ215DT
2025-07-26_13-38-37-104_FL168CF-FRA.jpg,FL-168-CF,FL-168-CF,0.9999,1,1,FL168CF,FL168CF
2025-07-26_14-21-46-661_DV598TF-FRA.jpg,DV-598-TF,DV-598-TF,0.9493,1,1,DV598TF,DV598TF
2025-07-26_12-05-46-262_AJ860HL-FRA.jpg,AJ-860-HL,AJ-860-HL,0.9845,1,1,AJ860HL,AJ860HL
2025-07-26_13-15-40-933_GF883FZ-FRA.jpg,GF-883-FZ,GF-883-FZ,1.0000,1,1,GF883FZ,GF883FZ
2025-07-26_09-30-49-577_EE799QY-FRA.jpg,EE-799-QY,EE-799-QY,1.0000,1,1,EE799QY,EE799QY
2025-07-26_13-02-14-857_AF246FS-FRA.jpg,AF-246-FS,AF-246-FS,0.9988,1,1,AF246FS,AF246FS
2025-07-26_12-54-15-520_CW893QN-FRA.jpg,CW-893-QN,CW-893-QN,0.9999,1,1,CW893QN,CW893QN
2025-07-26_09-19-25-614_DP491ZA-FRA.jpg,DP-491-ZA.,DP-491-ZA.,0.9999,1,1,DP491ZA,DP491ZA
2025-07-26_09-30-53-837_FR727NF-FRA.jpg,FR-727-NF,FR-727-NF,0.9999,1,1,FR727NF,FR727NF
2025-07-26_11-10-22-607_AG363QQ-FRA.jpg,AG-363-QQ,AG-363-QQ,0.9895,1,1,AG363QQ,AG363QQ
2025-07-26_11-23-51-046_CT342SW-FRA.jpg,CT-342-SW,CT-342-SW,0.9995,1,1,CT342SW,CT342SW
2025-07-26_13-23-29-763_364AGF93-FRA.jpg,364AGF93,364AGF93,0.9998,1,1,364AGF93,364AGF93
2025-07-26_11-13-28-420_FS730FA-FRA.jpg,FS-730-FA.,FS-730-FA.,0.9687,1,1,FS730FA,FS730FA
2025-07-26_14-19-15-961_DR838FZ-FRA.jpg,DR-838-FZ.,DR-838-FZ.,0.9661,1,1,DR838FZ,DR838FZ
2025-07-26_14-08-42-948_BW380GG-FRA.jpg,BW-380-GG,BW-380-GG,0.9952,1,1,BW380GG,BW380GG
2025-07-26_12-48-06-053_FA034VZ-FRA.jpg,FA-034-VZ,FA-034-VZ,1.0000,1,1,FA034VZ,FA034VZ
2025-07-26_12-01-30-773_DE739MX-FRA.jpg,DE-739-MX,DE-739-MX,0.9996,1,1,DE739MX,DE739MX
2025-07-26_10-29-44-199_GD518KB-FRA.jpg,GD-518-KB,GD-518-KB,0.9929,1,1,GD518KB,GD518KB
2025-07-26_16-13-46-434_CF794GG-FRA.jpg,CF-794-GG,CF-794-GG,1.0000,1,1,CF794GG,CF794GG
2025-07-26_11-14-27-796_EC969TZ-FRA.jpg,EC-969-TZ,EC-969-TZ,0.9992,1,1,EC969TZ,EC969TZ
2025-07-26_11-36-54-251_GX081GD-FRA.jpg,GX-081-GD,GX-081-GD,1.0000,1,1,GX081GD,GX081GD
2025-07-26_16-23-00-796_BE661SG-FRA.jpg,BE-661-SG,BE-661-SG,1.0000,1,1,BE661SG,BE661SG
2025-07-26_10-29-41-492_BH412CT-FRA.jpg,BH-412-CT,BH-412-CT,0.9918,1,1,BH412CT,BH412CT
2025-07-26_10-34-12-039_CA911XL-FRA.jpg,CA-911-XL.,CA-911-XL.,0.9989,1,1,CA911XL,CA911XL
2025-07-26_12-09-54-016_ED279TL-FRA.jpg,ED-279-TL,ED-279-TL,1.0000,1,1,ED279TL,ED279TL
2025-07-26_09-02-39-697_AD222ZS-ITA.jpg,AD-222-ZS,AD-222-ZS,0.9945,1,1,AD222ZS,AD222ZS
2025-07-26_10-49-44-867_HC220XS-FRA.jpg,HC-220-XS,HC-220-XS,1.0000,1,1,HC220XS,HC220XS
2025-07-26_10-14-15-785_EC169TS-FRA.jpg,EC-169-TS,EC-169-TS,0.9897,1,1,EC169TS,EC169TS
2025-07-26_10-38-16-610_HC374ZB-FRA.jpg,HC-374-ZB,HC-374-ZB,1.0000,1,1,HC374ZB,HC374ZB
2025-07-26_12-10-34-906_CA510CL-FRA.jpg,CA-510-CL,CA-510-CL,0.9982,1,1,CA510CL,CA510CL
2025-07-26_09-21-39-855_EG826AM-FRA.jpg,EG826AM,EG826AM,0.9336,1,1,EG826AM,EG826AM
2025-07-26_17-42-16-067_FH380KM-FRA.jpg,FH-380-KM,FH-380-KM,1.0000,1,1,FH380KM,FH380KM
2025-07-26_13-25-26-354_HD827AS-FRA.jpg,HD-827-AS,HD-827-AS,0.9700,1,1,HD827AS,HD827AS
2025-07-26_09-26-46-438_BS523RM-FRA.jpg,BS523RM,BS523RM,1.0000,1,1,BS523RM,BS523RM
2025-07-26_14-11-15-950_EK851QE-FRA.jpg,EK.851-QE.,EK.851-QE.,0.9893,1,1,EK851QE,EK851QE
2025-07-26_11-28-34-086_GZ319WJ-FRA.jpg,GZ-319-WJ,GZ-319-WJ,0.9569,1,1,GZ319WJ,GZ319WJ
2025-07-26_15-39-59-475_CP939EL-FRA.jpg,CP-939-EL,CP-939-EL,0.9992,1,1,CP939EL,CP939EL
2025-07-26_11-03-36-675_EA584DQ-FRA.jpg,EA584DQ,EA584DQ,0.9578,1,1,EA584DQ,EA584DQ
2025-07-26_09-26-47-532_BQ297GS-FRA.jpg,BQ-297-GS,BQ-297-GS,0.9906,1,1,BQ297GS,BQ297GS
2025-07-26_11-33-41-074_DX573FA-FRA.jpg,DX573FA,DX573FA,0.9413,1,1,DX573FA,DX573FA
2025-07-26_12-12-27-053_FZ068TJ-FRA.jpg,FZ-068-TJ,FZ-068-TJ,1.0000,1,1,FZ068TJ,FZ068TJ
2025-07-26_10-08-48-129_AM661RJ-FRA.jpg,AM-661-RJ,AM-661-RJ,0.9995,1,1,AM661RJ,AM661RJ
2025-07-26_12-50-16-907_BL106TF-FRA.jpg,BL-106-TF,BL-106-TF,0.9999,1,1,BL106TF,BL106TF
2025-07-26_13-32-17-505_GJ230AK-FRA.jpg,GJ-230-AK,GJ-230-AK,1.0000,1,1,GJ230AK,GJ230AK
2025-07-26_12-11-50-845_AK842QH-FRA.jpg,AK-842-QH,AK-842-QH,1.0000,1,1,AK842QH,AK842QH
2025-07-26_10-18-50-334_FJ111ST-FRA.jpg,FJ-111-ST,FJ-111-ST,0.9997,1,1,FJ111ST,FJ111ST
2025-07-26_14-21-55-374_GY995WP-FRA.jpg,GY-995-WP,GY-995-WP,1.0000,1,1,GY995WP,GY995WP
2025-07-26_09-52-42-271_FH224AF-FRA.jpg,FH-224-AF,FH-224-AF,1.0000,1,1,FH224AF,FH224AF
2025-07-26_13-43-00-108_HE610PN-FRA.jpg,HE-610-PN,HE-610-PN,0.9868,1,1,HE610PN,HE610PN
2025-07-26_11-22-59-287_FY571HX-FRA.jpg,FY-571-HX,FY-571-HX,1.0000,1,1,FY571HX,FY571HX
2025-07-26_16-45-36-974_EE846NG-FRA.jpg,EE.846.NG,EE.846.NG,1.0000,1,1,EE846NG,EE846NG
2025-07-26_10-28-48-860_ED894LJ-FRA.jpg,ED-894-LJ,ED-894-LJ,0.9819,1,1,ED894LJ,ED894LJ
2025-07-26_14-13-52-900_GL920QW-FRA.jpg,GL-920-QW,GL-920-QW,0.9870,1,1,GL920QW,GL920QW
2025-07-26_09-12-49-893_GP935EQ-FRA.jpg,GP.935.EQ,GP.935.EQ,0.9998,1,1,GP935EQ,GP935EQ
2025-07-26_14-15-44-459_GD017MM-FRA.jpg,GD-017-MM,GD-017-MM,0.9999,1,1,GD017MM,GD017MM
2025-07-26_09-21-25-729_AW552MF-FRA.jpg,AW-552-MF,AW-552-MF,0.9564,1,1,AW552MF,AW552MF
2025-07-26_13-09-21-099_BA133QK-FRA.jpg,BA-133-QK,BA-133-QK,0.9828,1,1,BA133QK,BA133QK
2025-07-26_13-13-23-665_CX368JL-FRA.jpg,CX-368-JL,CX-368-JL,0.9991,1,1,CX368JL,CX368JL
2025-07-26_17-30-38-888_GD678KQ-FRA.jpg,GD-678-KQ,GD-678-KQ,0.9998,1,1,GD678KQ,GD678KQ
2025-07-26_11-01-26-496_DN269YP-FRA.jpg,DN-269-YP,DN-269-YP,0.9998,1,1,DN269YP,DN269YP
2025-07-26_16-39-13-071_FB297BM-FRA.jpg,FB297BM,FB297BM,0.9979,1,1,FB297BM,FB297BM
2025-07-26_12-10-26-704_GV596YP-FRA.jpg,GV-596-YP,GV-596-YP,0.9997,1,1,GV596YP,GV596YP
2025-07-26_09-32-16-974_DR395XB-FRA.jpg,DR-395-XB,DR-395-XB,0.9906,1,1,DR395XB,DR395XB
2025-07-26_14-19-03-302_FM639EG-FRA.jpg,FM-639-EG,FM-639-EG,0.9999,1,1,FM639EG,FM639EG
2025-07-26_11-31-42-820_DR698MJ-FRA.jpg,DR-698-MJ,DR-698-MJ,0.9979,1,1,DR698MJ,DR698MJ
2025-07-26_15-54-50-883_FZ859CY-FRA.jpg,FZ-859-CY,FZ-859-CY,1.0000,1,1,FZ859CY,FZ859CY
2025-07-26_09-21-03-392_FM142AA-FRA.jpg,FM-142-AA,FM-142-AA,0.9996,1,1,FM142AA,FM142AA
2025-07-26_12-14-02-107_BV259LR-FRA.jpg,BV-259-LR,BV-259-LR,1.0000,1,1,BV259LR,BV259LR
2025-07-26_10-37-29-887_BR994GY-FRA.jpg,BR-994-GY,BR-994-GY,1.0000,1,1,BR994GY,BR994GY
2025-07-26_10-23-45-304_DM374GR-FRA.jpg,DM-374-GR,DM-374-GR,0.9998,1,1,DM374GR,DM374GR
2025-07-26_11-17-40-329_BS368HA-FRA.jpg,BS-368-HA,BS-368-HA,1.0000,1,1,BS368HA,BS368HA
2025-07-26_11-22-08-305_GS665CT-FRA.jpg,GS-665-CT,GS-665-CT,0.9995,1,1,GS665CT,GS665CT
2025-07-26_17-29-51-138_CQ257WQ-FRA.jpg,CQ.257.WQ,CQ.257.WQ,0.9976,1,1,CQ257WQ,CQ257WQ
2025-07-26_11-29-45-029_GW883YF-FRA.jpg,GW-883-YF,GW-883-YF,1.0000,1,1,GW883YF,GW883YF
2025-07-26_10-05-42-460_DZ099ZR-FRA.jpg,DZ-099-ZR,DZ-099-ZR,0.9998,1,1,DZ099ZR,DZ099ZR
2025-07-26_10-15-18-552_GX913DL-FRA.jpg,GX-913-DL.,GX-913-DL.,0.9987,1,1,GX913DL,GX913DL
2025-07-26_14-24-48-573_CE719SY-FRA.jpg,CE-719-SY,CE-719-SY,0.9983,1,1,CE719SY,CE719SY
2025-07-26_11-45-49-278_GN488QD-FRA.jpg,GN-488-QD,GN-488-QD,0.9604,1,1,GN488QD,GN488QD
2025-07-26_15-35-54-621_GJ485KW-FRA.jpg,GJ-485-KW,GJ-485-KW,0.9888,1,1,GJ485KW,GJ485KW
2025-07-26_12-19-46-462_CW354LS-FRA.jpg,CW-354-LS,CW-354-LS,1.0000,1,1,CW354LS,CW354LS
2025-07-26_14-31-47-171_GY586CQ-FRA.jpg,GY-586-CQ,GY-586-CQ,0.9689,1,1,GY586CQ,GY586CQ
2025-07-26_09-26-39-212_GY824NH-FRA.jpg,GY-824-NH,GY-824-NH,0.9973,1,1,GY824NH,GY824NH
2025-07-26_09-47-23-403_GE238AX-FRA.jpg,GE-238-AX,GE-238-AX,0.9976,1,1,GE238AX,GE238AX
2025-07-26_16-45-57-004_EN355GC-FRA.jpg,EN-355-GC,EN-355-GC,0.9950,1,1,EN355GC,EN355GC
2025-07-26_09-03-35-462_DP158PB-FRA.jpg,DP-158-PB,DP-158-PB,0.9996,1,1,DP158PB,DP158PB
2025-07-26_09-47-24-593_GE238AX-FRA.jpg,GE-238-AX.,GE-238-AX..,0.8960,0,1,GE238AX,GE238AX
2025-07-26_09-17-07-777_AZ082CR-FRA.jpg,AZ082CR,AZ082CR,0.9741,1,1,AZ082CR,AZ082CR
2025-07-26_09-24-32-089_GL914XK-FRA.jpg,GL-914-XK,GL-914-XK,0.9909,1,1,GL914XK,GL914XK
2025-07-26_10-40-56-749_DB043RR-FRA.jpg,DB-043-RR,DB-043-RR,0.9994,1,1,DB043RR,DB043RR
2025-07-26_16-33-19-331_EV606KC-FRA.jpg,EV-606-KC,EV-606-KC,0.9999,1,1,EV606KC,EV606KC
2025-07-26_11-20-25-258_CN565JX-FRA.jpg,CN-565-JX.,CN-565-JX.,0.9999,1,1,CN565JX,CN565JX
2025-07-26_11-39-56-758_DW150VY-FRA.jpg,DW-150-VY,DW-150-VY,0.9998,1,1,DW150VY,DW150VY
2025-07-26_12-40-18-012_HD327ZR-FRA.jpg,HD-327-ZR,HD-327-ZR,1.0000,1,1,HD327ZR,HD327ZR
2025-07-26_17-26-33-068_GT023VW-FRA.jpg,.GT-023-VW.,.GT-023-VW.,0.9994,1,1,GT023VW,GT023VW
2025-07-26_09-26-59-815_BJ394KA-FRA.jpg,BJ-394-KA,BJ-394-KA,0.9952,1,1,BJ394KA,BJ394KA
2025-07-26_11-12-22-474_BL543CN-FRA.jpg,BL.543.CN,BL.543.CN,0.9991,1,1,BL543CN,BL543CN
2025-07-26_14-12-13-058_FY186YS-FRA.jpg,FY-186-YS,FY-186-YS,0.9992,1,1,FY186YS,FY186YS
2025-07-26_10-28-22-911_FN410VY-FRA.jpg,FN-410-VY,FN-410-VY,1.0000,1,1,FN410VY,FN410VY
2025-07-26_10-23-39-206_CC691QT-FRA.jpg,CC-691-QT,CC-691-QT,0.9996,1,1,CC691QT,CC691QT
2025-07-26_09-31-02-133_GJ751NY-FRA.jpg,GJ-751-NY,GJ-751-NY,1.0000,1,1,GJ751NY,GJ751NY
2025-07-26_13-09-21-674_CF665YY-FRA.jpg,CF-665-YY,CF-665-YY,0.9998,1,1,CF665YY,CF665YY
2025-07-26_16-39-27-394_HB759WC-FRA.jpg,HB-759-WC,HB-759-WC,0.9999,1,1,HB759WC,HB759WC
2025-07-26_10-59-33-263_GG723ME-FRA.jpg,GG-723-ME,GG-723-ME,1.0000,1,1,GG723ME,GG723ME
2025-07-26_13-24-19-287_CA641FS-FRA.jpg,CA-641-FS,CA-641-FS,0.9988,1,1,CA641FS,CA641FS
2025-07-26_16-47-58-081_FS942FN-FRA.jpg,FS942FN,FS942FN,0.9821,1,1,FS942FN,FS942FN
2025-07-26_09-08-06-597_621BCJ06-FRA.jpg,621BCJ-06,621BCJ-06,0.9996,1,1,621BCJ06,621BCJ06
2025-07-26_11-08-25-585_GC630MW-FRA.jpg,GC-630-MW,GC-630-MW,0.9962,1,1,GC630MW,GC630MW
2025-07-26_10-18-48-894_EZ373AA-FRA.jpg,EZ-373-AA,EZ-373-AA,0.9834,1,1,EZ373AA,EZ373AA
2025-07-26_09-06-34-578_EY284RT-FRA.jpg,EY-284-RT,EY-284-RT,0.9950,1,1,EY284RT,EY284RT
2025-07-26_14-16-33-479_BN722AH-FRA.jpg,BN-722-AH,BN-722-AH,0.9999,1,1,BN722AH,BN722AH
2025-07-26_11-13-37-504_CG755VV-FRA.jpg,CG-755-VV,CG-755-VV,0.9880,1,1,CG755VV,CG755VV
2025-07-26_09-49-48-933_EK022HD-FRA.jpg,EK-022-HD,EK-022-HD,1.0000,1,1,EK022HD,EK022HD
2025-07-26_15-31-55-881_GC083HF-FRA.jpg,GC-083-HF,GC-083-HF,0.9999,1,1,GC083HF,GC083HF
2025-07-26_13-55-20-310_GP143NQ-FRA.jpg,GP-143.NQ,GP-143.NQ,1.0000,1,1,GP143NQ,GP143NQ
2025-07-26_10-25-14-353_GZ768GS-FRA.jpg,GZ-768-GS,GZ-768-GS,0.9944,1,1,GZ768GS,GZ768GS
2025-07-26_13-20-15-047_DE671NK-FRA.jpg,DE-671-NK,DE-671-NK,0.9697,1,1,DE671NK,DE671NK
2025-07-26_09-01-13-329_GZ288QD-FRA.jpg,GZ-288QD,GZ-288QD,1.0000,1,1,GZ288QD,GZ288QD
2025-07-26_16-00-27-118_GQ247SN-FRA.jpg,GQ-247-SN.,GQ-247-SN.,0.9990,1,1,GQ247SN,GQ247SN
2025-07-26_13-09-05-391_HC973CV-FRA.jpg,HC.973.CV,HC.973.CV,1.0000,1,1,HC973CV,HC973CV
2025-07-26_10-41-00-855_CW873JM-FRA.jpg,CW873JM,CW873JM,1.0000,1,1,CW873JM,CW873JM
2025-07-26_10-54-52-808_CX359NZ-FRA.jpg,CX-359-NZ,CX-359-NZ,1.0000,1,1,CX359NZ,CX359NZ
2025-07-26_17-04-06-919_DF068JX-FRA.jpg,DF-068-JX,DF-068-JX,0.9972,1,1,DF068JX,DF068JX
2025-07-26_14-59-26-171_AR494ZX-FRA.jpg,AR-494-ZX,AR-494-ZX,0.9986,1,1,AR494ZX,AR494ZX
2025-07-26_11-11-30-791_BB032PH-FRA.jpg,BB-032-PH,BB-032-PH,0.9985,1,1,BB032PH,BB032PH
2025-07-26_12-10-23-907_BH644NF-FRA.jpg,BH-644-NF.,BH-644-NF.,0.9983,1,1,BH644NF,BH644NF
2025-07-26_11-35-37-286_EQ599CP-FRA.jpg,EQ-599-CP,EQ-599-CP,0.9994,1,1,EQ599CP,EQ599CP
2025-07-26_09-17-46-750_FN870HN-FRA.jpg,FN-870-HN,FN-870-HN,0.9847,1,1,FN870HN,FN870HN
2025-07-26_09-38-38-421_GY840NH-FRA.jpg,GY-840-NH,GY-840-NH,0.9800,1,1,GY840NH,GY840NH
2025-07-26_11-25-22-387_GY562XZ-FRA.jpg,GY-562-XZ,GY-562-XZ,0.9745,1,1,GY562XZ,GY562XZ
2025-07-26_18-21-11-075_GB764WT-FRA.jpg,GB-764-WT.,GB-764-WT.,0.9993,1,1,GB764WT,GB764WT
2025-07-26_10-28-03-379_FY795CN-FRA.jpg,FY-795-CN,FY-795-CN,1.0000,1,1,FY795CN,FY795CN
2025-07-26_17-28-37-171_GG751MP-FRA.jpg,GG-751-MP,GG-751-MP,0.9837,1,1,GG751MP,GG751MP
2025-07-26_12-41-51-007_FX164RS-FRA.jpg,FX-164-RS,FX-164-RS,0.9916,1,1,FX164RS,FX164RS
2025-07-26_13-10-21-890_AT875TW-FRA.jpg,AT-875-TW,AT-875-TW,1.0000,1,1,AT875TW,AT875TW
2025-07-26_16-24-43-539_GA634QH-FRA.jpg,GA634QH,GA634QH,1.0000,1,1,GA634QH,GA634QH
2025-07-26_18-04-16-311_AA777FK-FRA.jpg,.AA777FK.,.AA777FK.,0.9979,1,1,AA777FK,AA777FK
2025-07-26_16-36-41-369_FC252BY-FRA.jpg,FC-252-BY.,FC-252-BY.,0.9958,1,1,FC252BY,FC252BY
2025-07-26_11-47-57-262_HC030PW-FRA.jpg,HC-030-PW.,HC-030-PW.,0.9596,1,1,HC030PW,HC030PW
2025-07-26_11-36-13-031_GA844QB-FRA.jpg,GA-844-QB,GA-844-QB,1.0000,1,1,GA844QB,GA844QB
2025-07-26_16-43-38-652_FJ324YD-FRA.jpg,FJ-324-YD,FJ-324-YD,0.9502,1,1,FJ324YD,FJ324YD
2025-07-26_09-27-18-078_ET521YS-FRA.jpg,ET-521-YS,ET-521-YS,0.9998,1,1,ET521YS,ET521YS
2025-07-26_16-40-02-390_FY781SN-FRA.jpg,FY-781-SN,FY-781-SN,0.9963,1,1,FY781SN,FY781SN
2025-07-26_18-09-46-264_BY035HD-FRA.jpg,BY-035-HD,BY-035-HD,1.0000,1,1,BY035HD,BY035HD
2025-07-26_09-10-03-910_GQ895FG-FRA.jpg,GQ-895-FG,GQ-895-FG,0.9990,1,1,GQ895FG,GQ895FG
2025-07-26_13-38-04-127_GS575FQ-FRA.jpg,GS-575-FQ,GS-575-FQ,0.9997,1,1,GS575FQ,GS575FQ
2025-07-26_09-54-37-884_AJ312KM-FRA.jpg,AJ-312-KM,AJ-312-KM,0.9694,1,1,AJ312KM,AJ312KM
2025-07-26_17-32-32-066_HE494EN-FRA.jpg,HE-494-EN,HE-494-EN,1.0000,1,1,HE494EN,HE494EN
2025-07-26_09-26-54-295_DH439GR-FRA.jpg,DH-439-GR,DH-439-GR,1.0000,1,1,DH439GR,DH439GR
2025-07-26_16-56-53-643_CK667AJ-FRA.jpg,CK667AJ,CK667AJ,0.9997,1,1,CK667AJ,CK667AJ
2025-07-26_10-20-18-370_BG104RA-FRA.jpg,BG-104-RA,BG-104-RA,0.9988,1,1,BG104RA,BG104RA
2025-07-26_10-22-30-379_GY021TY-FRA.jpg,GY-021-TY,GY-021-TY,0.9999,1,1,GY021TY,GY021TY
2025-07-26_11-14-46-877_BH156GJ-FRA.jpg,BH-156-GJ,BH-156-GJ,0.9970,1,1,BH156GJ,BH156GJ
2025-07-26_09-26-46-591_EV584RS-FRA.jpg,EV-584-RS,EV-584-RS,1.0000,1,1,EV584RS,EV584RS
2025-07-26_15-16-39-144_FJ173EF-FRA.jpg,FJ-173-EF,FJ-173-EF,0.9946,1,1,FJ173EF,FJ173EF
2025-07-26_11-02-44-988_DZ957HM-FRA.jpg,DZ-957-HM.,DZ-957-HM.,0.9999,1,1,DZ957HM,DZ957HM
2025-07-26_12-05-54-212_HB306XW-FRA.jpg,HB-306-XW,HB-306-XW,1.0000,1,1,HB306XW,HB306XW
2025-07-26_12-52-01-362_FS816RM-FRA.jpg,FS-816-RM,FS-816-RM,1.0000,1,1,FS816RM,FS816RM
2025-07-26_17-21-20-731_HC728TR-FRA.jpg,HC-728-TR,HC-728-TR,0.9996,1,1,HC728TR,HC728TR
2025-07-26_13-09-08-913_FH589CN-FRA.jpg,FH-589-CN,FH-589-CN,1.0000,1,1,FH589CN,FH589CN
2025-07-26_09-52-54-474_GW478VK-FRA.jpg,GW-478-VK,GW-478-VK,0.9997,1,1,GW478VK,GW478VK
2025-07-26_13-19-20-340_EG350TY-FRA.jpg,EG-350-TY,EG-350-TY,0.9998,1,1,EG350TY,EG350TY
2025-07-26_11-29-33-383_GC224SA-FRA.jpg,GC-224-SA,GC-224-SA,0.9424,1,1,GC224SA,GC224SA
2025-07-26_09-57-09-826_BD074FD-FRA.jpg,BD-074-FD,BD-074-FD,0.9897,1,1,BD074FD,BD074FD
2025-07-26_17-04-05-363_DF068JX-FRA.jpg,DF-068-JX,DF-068-JX,1.0000,1,1,DF068JX,DF068JX
2025-07-26_16-56-51-603_FY190XV-FRA.jpg,FY190XV,FY190XV,0.9990,1,1,FY190XV,FY190XV
2025-07-26_11-20-15-290_BL460SX-FRA.jpg,BL-460-SX,BL-460-SX,0.9985,1,1,BL460SX,BL460SX
2025-07-26_11-31-52-329_BQ843KD-FRA.jpg,BQ-843.KD,BQ-843.KD,1.0000,1,1,BQ843KD,BQ843KD
2025-07-26_12-56-35-957_FM427SZ-FRA.jpg,FM-427-SZ,FM-427-SZ,1.0000,1,1,FM427SZ,FM427SZ
2025-07-26_10-00-16-320_GR379TT-FRA.jpg,GR-379-TT.,GR-379-TT.,0.9999,1,1,GR379TT,GR379TT
2025-07-26_13-32-22-691_AB509AB-FRA.jpg,AB509AB,AB509AB,0.9843,1,1,AB509AB,AB509AB
2025-07-26_12-33-10-616_GF705BR-FRA.jpg,GF-705-BR,GF-705-BR,0.9868,1,1,GF705BR,GF705BR
2025-07-26_10-16-53-626_FV591YL-FRA.jpg,FV-591-YL,FV-591-YL,0.9973,1,1,FV591YL,FV591YL
2025-07-26_11-29-24-374_BG662TP-FRA.jpg,BG-662-TP,BG-662-TP,1.0000,1,1,BG662TP,BG662TP
2025-07-26_15-09-53-217_FS757WP-FRA.jpg,FS-757-WP,FS-757-WP,0.9921,1,1,FS757WP,FS757WP
2025-07-26_13-37-04-513_BR518CR-FRA.jpg,BR-518-CR,BR-518-CR,0.9891,1,1,BR518CR,BR518CR
2025-07-26_18-23-23-953_DB680QF-FRA.jpg,DB-680-QF,DB-680-QF,0.9999,1,1,DB680QF,DB680QF
2025-07-26_09-39-19-745_EF472TC-FRA.jpg,.EF-472-TC.,.EF-472-TC.,0.9826,1,1,EF472TC,EF472TC
2025-07-26_17-34-32-110_HD382KB-FRA.jpg,HD382KB,HD382KB,1.0000,1,1,HD382KB,HD382KB
2025-07-26_11-09-45-646_DW573HF-FRA.jpg,DW-573-HF,DW-573-HF,0.9852,1,1,DW573HF,DW573HF
2025-07-26_10-26-08-536_BE874CE-FRA.jpg,BE-874-CE.,BE-874-CE.,0.9994,1,1,BE874CE,BE874CE
2025-07-26_11-29-03-052_GR628SB-FRA.jpg,GR-628-SB,GR-628-SB,0.9601,1,1,GR628SB,GR628SB
2025-07-26_09-51-43-266_CQ959YX-FRA.jpg,CQ-959-YX,CQ-959-YX,0.9784,1,1,CQ959YX,CQ959YX
2025-07-26_14-40-35-427_EL147RL-FRA.jpg,EL-147-RL.,EL-147-RL.,0.9707,1,1,EL147RL,EL147RL
2025-07-26_12-50-07-883_DS713DX-FRA.jpg,DS-713-DX.,DS-713-DX.,0.9773,1,1,DS713DX,DS713DX
2025-07-26_10-18-20-909_EE439PG-FRA.jpg,EE-439-PG,EE-439-PG,1.0000,1,1,EE439PG,EE439PG
2025-07-26_11-48-47-001_CZ432PV-FRA.jpg,CZ-432-PV,CZ-432-PV,0.9807,1,1,CZ432PV,CZ432PV
2025-07-26_13-24-11-216_FR067CM-FRA.jpg,FR-067-CM,FR-067-CM,0.9995,1,1,FR067CM,FR067CM
2025-07-26_11-45-51-978_BW490TC-FRA.jpg,BW-490-TC,BW-490-TC,1.0000,1,1,BW490TC,BW490TC
2025-07-26_09-53-55-253_CH789VT-FRA.jpg,CH-789-VT,CH-789-VT,1.0000,1,1,CH789VT,CH789VT
2025-07-26_10-59-39-962_GY463PA-FRA.jpg,GY-463-PA,GY-463-PA,0.9999,1,1,GY463PA,GY463PA
2025-07-26_11-35-53-998_BG399ZF-FRA.jpg,BG-399-ZF,BG-399-ZF,1.0000,1,1,BG399ZF,BG399ZF
2025-07-26_12-52-05-848_HA806GL-FRA.jpg,HA-806-GL.,HA-806-GL.,0.9538,1,1,HA806GL,HA806GL
2025-07-26_11-10-41-100_BN284HA-FRA.jpg,BN-284-HA,BN-284-HA,1.0000,1,1,BN284HA,BN284HA
2025-07-26_11-13-28-796_GK087QG-FRA.jpg,GK-087-QG,GK-087-QG,1.0000,1,1,GK087QG,GK087QG
2025-07-26_10-21-40-990_AA975AC-FRA.jpg,AA-975-AC,AA-975-AC,1.0000,1,1,AA975AC,AA975AC
2025-07-26_13-02-08-417_BY485NS-FRA.jpg,BY-485-NS,BY-485-NS,0.9993,1,1,BY485NS,BY485NS
2025-07-26_09-58-53-826_GT310XS-FRA.jpg,GT-310-XS,GT-310-XS,0.9515,1,1,GT310XS,GT310XS
2025-07-26_10-58-07-794_FJ742CC-FRA.jpg,FJ-742-CC,FJ-742-CC,0.9996,1,1,FJ742CC,FJ742CC
2025-07-26_17-49-22-631_ES819EW-FRA.jpg,ES-819-EW,ES-819-EW,0.9993,1,1,ES819EW,ES819EW
2025-07-26_11-18-32-178_GS969RA-FRA.jpg,GS-969-RA,GS-969-RA,1.0000,1,1,GS969RA,GS969RA
2025-07-26_09-03-52-329_GH261DP-FRA.jpg,GH-261-DP,GH-261-DP,0.9896,1,1,GH261DP,GH261DP
2025-07-26_13-29-09-400_DR344KL-FRA.jpg,DR-344-KL,DR-344-KL,1.0000,1,1,DR344KL,DR344KL
2025-07-26_11-23-43-168_GN973XR-FRA.jpg,GN-973-XR,GN-973-XR,1.0000,1,1,GN973XR,GN973XR
2025-07-26_16-56-08-703_GR089NF-FRA.jpg,GR089NF,GR089NF,1.0000,1,1,GR089NF,GR089NF
2025-07-26_11-18-47-506_CJ208KA-FRA.jpg,CJ-208-KA,CJ-208-KA,0.9679,1,1,CJ208KA,CJ208KA
2025-07-26_15-29-23-444_GC262FQ-FRA.jpg,GC-262-FQ,GC-262-FQ,0.9999,1,1,GC262FQ,GC262FQ
2025-07-26_17-52-17-116_FE999HM-FRA.jpg,FE-999-HM,FE-999-HM,0.9780,1,1,FE999HM,FE999HM
2025-07-26_16-13-46-848_GL504QJ-FRA.jpg,GL.504-QJ,GL.504-QJ,0.9648,1,1,GL504QJ,GL504QJ
2025-07-26_10-51-07-860_FY596RD-FRA.jpg,FY.596.RD,FY.596.RD,0.9999,1,1,FY596RD,FY596RD
2025-07-26_10-40-55-605_AM651ND-FRA.jpg,AM-651-ND.,AM-651-ND.,0.9988,1,1,AM651ND,AM651ND
2025-07-26_12-26-16-227_DH888MT-FRA.jpg,DH-888-MT.,DH-888-MT.,0.9998,1,1,DH888MT,DH888MT
2025-07-26_12-38-22-433_FW936EB-FRA.jpg,FW-936-EB,FW-936-EB,0.9999,1,1,FW936EB,FW936EB
2025-07-26_17-32-15-811_AJ274TP-FRA.jpg,AJ-274-TP,AJ-274-TP,1.0000,1,1,AJ274TP,AJ274TP
2025-07-26_12-15-50-628_EW343HD-FRA.jpg,EW-343-HD,EW-343-HD,1.0000,1,1,EW343HD,EW343HD
2025-07-26_16-38-24-118_FH883SY-FRA.jpg,FH-883-SY,FH-883-SY,0.9988,1,1,FH883SY,FH883SY
2025-07-26_09-33-55-310_CT812DY-FRA.jpg,CT-812-DY,CT-812-DY,0.9856,1,1,CT812DY,CT812DY
2025-07-26_12-15-25-808_GR059MH-FRA.jpg,GR-059-MH,GR-059-MH,0.9951,1,1,GR059MH,GR059MH
2025-07-26_14-41-04-484_HB055KR-FRA.jpg,HB-055-KR,HB-055-KR,1.0000,1,1,HB055KR,HB055KR
2025-07-26_10-37-28-020_BR994GY-FRA.jpg,BR-994-GY,BR-994-GY,0.9959,1,1,BR994GY,BR994GY
2025-07-26_13-19-41-370_2917PJ33-FRA.jpg,2917PJ33,2917PJ33,0.9974,1,1,2917PJ33,2917PJ33
2025-07-26_12-08-59-405_CW542QS-FRA.jpg,CW-542-QS,CW-542-QS,1.0000,1,1,CW542QS,CW542QS
2025-07-26_16-13-29-899_EC457AR-FRA.jpg,EC-457-AR.,EC-457-AR.,0.9997,1,1,EC457AR,EC457AR
2025-07-26_10-55-37-753_HD626XZ-FRA.jpg,HD-626-XZ,HD-626-XZ,1.0000,1,1,HD626XZ,HD626XZ
2025-07-26_17-49-21-950_EL035SC-FRA.jpg,EL-035-SC,EL-035-SC,1.0000,1,1,EL035SC,EL035SC
2025-07-26_16-04-26-203_BA406KD-FRA.jpg,BA406KD,BA406KD,1.0000,1,1,BA406KD,BA406KD
2025-07-26_17-53-53-684_EZ108VS-FRA.jpg,EZ-108.VS,EZ-108.VS,0.9968,1,1,EZ108VS,EZ108VS
2025-07-26_09-56-54-848_GR905LY-FRA.jpg,GR-905-LY.,GR-905-LY.,0.9982,1,1,GR905LY,GR905LY
2025-07-26_14-46-23-691_DW363QA-FRA.jpg,DW-363-QA,DW-363-QA,1.0000,1,1,DW363QA,DW363QA
2025-07-26_10-05-42-445_FW920DF-FRA.jpg,FW-920-DF,FW-920-DF,0.9920,1,1,FW920DF,FW920DF
2025-07-26_10-58-20-036_DA639YD-FRA.jpg,DA-639-YD,DA-639-YD,0.9862,1,1,DA639YD,DA639YD
2025-07-26_14-19-03-829_DK391LT-FRA.jpg,DK-391-LT,DK-391-LT,0.9963,1,1,DK391LT,DK391LT
2025-07-26_09-19-57-960_BR759XC-FRA.jpg,BR-759-XC,BR-759-XC,1.0000,1,1,BR759XC,BR759XC
2025-07-26_12-29-08-570_CJ601TA-FRA.jpg,CJ-601-TA,CJ-601-TA,0.9999,1,1,CJ601TA,CJ601TA
2025-07-26_10-39-51-171_FL087EW-FRA.jpg,FL.087.EW,FL.087.EW,0.9904,1,1,FL087EW,FL087EW
2025-07-26_09-27-14-833_EZ491JM-FRA.jpg,EZ-491-JM,EZ-491-JM,1.0000,1,1,EZ491JM,EZ491JM
2025-07-26_10-10-18-410_DJ880RA-FRA.jpg,DJ-880-RA,DJ-880-RA,0.9989,1,1,DJ880RA,DJ880RA
2025-07-26_12-38-38-971_CG835XR-FRA.jpg,CG-835-XR,CG-835-XR,0.9999,1,1,CG835XR,CG835XR
2025-07-26_12-42-54-541_ET420FG-FRA.jpg,ET-420-FG,ET-420-FG,1.0000,1,1,ET420FG,ET420FG
2025-07-26_09-55-12-728_FS255NP-FRA.jpg,FS-255-NP,FS-255-NP,1.0000,1,1,FS255NP,FS255NP
2025-07-26_12-08-23-006_FY572YC-FRA.jpg,FY-572-YC,FY-572-YC,0.9999,1,1,FY572YC,FY572YC
2025-07-26_10-35-19-974_CC450DX-FRA.jpg,CC-450-DX,CC-450-DX,1.0000,1,1,CC450DX,CC450DX
2025-07-26_10-28-36-511_EF858TK-FRA.jpg,EF-858-TK,EF-858-TK,0.9949,1,1,EF858TK,EF858TK
2025-07-26_10-00-03-875_GG599YZ-FRA.jpg,GG-599-YZ,GG-599-YZ,0.9997,1,1,GG599YZ,GG599YZ
2025-07-26_12-38-20-060_HC894BL-FRA.jpg,HC-894-BL,HC-894-BL,1.0000,1,1,HC894BL,HC894BL
2025-07-26_09-20-49-233_AY796BC-FRA.jpg,AY-796-BC,AY-796-BC,0.9997,1,1,AY796BC,AY796BC
2025-07-26_17-03-31-754_HC609QB-FRA.jpg,HC-609-QB,HC-609-QB,0.9967,1,1,HC609QB,HC609QB
2025-07-26_10-40-26-807_GW278MY-FRA.jpg,GW-278-MY,GW-278-MY,0.9926,1,1,GW278MY,GW278MY
2025-07-26_11-43-30-645_DX007BT-FRA.jpg,DX-007-BT,DX-007-BT,1.0000,1,1,DX007BT,DX007BT
2025-07-26_11-34-36-796_DF132TB-FRA.jpg,DF-132-TB,DF-132-TB,1.0000,1,1,DF132TB,DF132TB
2025-07-26_15-59-00-116_FW880BA-FRA.jpg,FW-880-BA,FW-880-BA,0.9997,1,1,FW880BA,FW880BA
2025-07-26_10-54-52-732_FC243VH-FRA.jpg,FC-243-VH,FC-243-VH,0.9977,1,1,FC243VH,FC243VH
2025-07-26_11-15-28-473_FS562MN-FRA.jpg,FS-562-MN,FS-562-MN,0.9944,1,1,FS562MN,FS562MN
2025-07-26_12-32-03-216_FC579EW-FRA.jpg,FC-579-EW,FC-579-EW,0.9953,1,1,FC579EW,FC579EW
2025-07-26_10-56-36-160_EE487FK-FRA.jpg,EE-487-FK,EE-487-FK,1.0000,1,1,EE487FK,EE487FK
2025-07-26_17-39-02-938_GG824YR-FRA.jpg,GG-824-YR,GG-824-YR,1.0000,1,1,GG824YR,GG824YR
2025-07-26_09-27-02-456_CE353SL-FRA.jpg,CE.353.SL,CE.353.SL,0.9999,1,1,CE353SL,CE353SL
2025-07-26_09-20-01-660_CZ605ME-FRA.jpg,CZ-605-ME,CZ-605-ME,1.0000,1,1,CZ605ME,CZ605ME
2025-07-26_12-14-34-234_HD342BG-FRA.jpg,HD-342-BG,HD-342-BG,0.9884,1,1,HD342BG,HD342BG
2025-07-26_10-42-27-257_DQ604JE-FRA.jpg,DQ-604-JE,DQ-604-JE,0.9960,1,1,DQ604JE,DQ604JE
2025-07-26_11-34-34-565_DF132TB-FRA.jpg,DF-132-TB,DF-132-TB,0.8992,1,1,DF132TB,DF132TB
2025-07-26_11-57-10-119_GP543GF-FRA.jpg,GP-543-GF.,GP-543-GF.,0.9970,1,1,GP543GF,GP543GF
2025-07-26_10-48-55-210_HA559SE-FRA.jpg,HA-559-SE.,HA-559-SE.,0.9999,1,1,HA559SE,HA559SE
2025-07-26_09-21-29-252_EM749BK-FRA.jpg,EM749BK,EM749BK,1.0000,1,1,EM749BK,EM749BK
2025-07-26_14-12-36-149_AE983BL-FRA.jpg,AE-983-BL,AE-983-BL,1.0000,1,1,AE983BL,AE983BL
2025-07-26_10-18-44-170_EQ874VM-FRA.jpg,EQ-874-VM,EQ-874-VM,0.9693,1,1,EQ874VM,EQ874VM
2025-07-26_10-30-37-539_GH007VW-FRA.jpg,GH-007-VW,GH-007-VW,0.9999,1,1,GH007VW,GH007VW
2025-07-26_11-14-59-941_AG154RP-FRA.jpg,AG-154-RP,AG-154-RP,0.9838,1,1,AG154RP,AG154RP
2025-07-26_10-39-51-962_GT461WJ-FRA.jpg,GT.461.WJ,GT.461.WJ,0.9334,1,1,GT461WJ,GT461WJ
2025-07-26_14-33-03-537_AT864SK-FRA.jpg,AT-864-SK,AT-864-SK,0.9984,1,1,AT864SK,AT864SK
2025-07-26_11-58-42-821_EK241JA-FRA.jpg,EK.241.JA,EK.241.JA,1.0000,1,1,EK241JA,EK241JA
2025-07-26_10-07-04-572_DG973FW-FRA.jpg,DG-973-FW,DG-973-FW,1.0000,1,1,DG973FW,DG973FW
2025-07-26_11-40-54-335_GT757KB-FRA.jpg,GT-757-KB,GT-757-KB,0.9984,1,1,GT757KB,GT757KB
2025-07-26_13-12-08-763_HA351BW-FRA.jpg,HA-351-BW,HA-351-BW,1.0000,1,1,HA351BW,HA351BW
2025-07-26_10-16-30-119_GX702AG-FRA.jpg,GX-702-AG,GX-702-AG,0.9997,1,1,GX702AG,GX702AG
2025-07-26_11-34-36-388_GX878SV-FRA.jpg,GX-878-SV,GX-878-SV,1.0000,1,1,GX878SV,GX878SV
2025-07-26_10-31-18-957_FV432ZH-FRA.jpg,FV-432-ZH,FV-432-ZH,0.9682,1,1,FV432ZH,FV432ZH
2025-07-26_10-40-22-117_ES083RY-FRA.jpg,ES-083-RY,ES-083-RY,1.0000,1,1,ES083RY,ES083RY
2025-07-26_09-21-09-617_DL058KE-FRA.jpg,DL058KE,DL058KE,1.0000,1,1,DL058KE,DL058KE
2025-07-26_12-35-06-178_GH197EK-FRA.jpg,GH-197-EK,GH-197-EK,0.9998,1,1,GH197EK,GH197EK
2025-07-26_12-27-09-272_GF295AB-FRA.jpg,GF-295-AB,GF-295-AB,0.9902,1,1,GF295AB,GF295AB
2025-07-26_11-44-06-958_ER471KN-FRA.jpg,ER-471-KN,ER-471-KN,1.0000,1,1,ER471KN,ER471KN
2025-07-26_17-34-41-091_DX816TT-FRA.jpg,DX-816-TT,DX-816-TT,1.0000,1,1,DX816TT,DX816TT
2025-07-26_11-06-48-897_EB258QE-FRA.jpg,EB-258-QE,EB-258-QE,0.9868,1,1,EB258QE,EB258QE
2025-07-26_16-14-09-868_FS971FM-FRA.jpg,FS-971-FM,FS-971-FM,0.9999,1,1,FS971FM,FS971FM
2025-07-26_17-53-38-051_GD092WH-FRA.jpg,GD-092-WH,GD-092-WH,0.9677,1,1,GD092WH,GD092WH
2025-07-26_12-37-27-059_FC873AC-FRA.jpg,FC-873-AC,FC-873-AC,1.0000,1,1,FC873AC,FC873AC
2025-07-26_11-43-01-918_EE472NR-FRA.jpg,EE-472-NR,EE-472-NR,0.9995,1,1,EE472NR,EE472NR
2025-07-26_12-39-31-565_GE905GF-FRA.jpg,GE-905-GF.,GE-905-GF.,0.9999,1,1,GE905GF,GE905GF
2025-07-26_11-46-39-460_BK765NS-FRA.jpg,BK-765-NS,BK-765-NS,0.9987,1,1,BK765NS,BK765NS
2025-07-26_09-53-33-413_FV220KF-FRA.jpg,FV-220-KF,FV-220-KF,0.9997,1,1,FV220KF,FV220KF
2025-07-26_14-31-25-591_GW975RT-FRA.jpg,GW-975-RT,GW-975-RT,0.9990,1,1,GW975RT,GW975RT
2025-07-26_18-01-33-355_AY082YR-FRA.jpg,AY-082-YR,AY-082-YR,0.9999,1,1,AY082YR,AY082YR
2025-07-26_09-52-31-272_GT789KN-FRA.jpg,GT-789-KN,GT-789-KN,1.0000,1,1,GT789KN,GT789KN
2025-07-26_11-12-04-823_FZ628GG-FRA.jpg,FZ-628-GG,FZ-628-GG,0.9995,1,1,FZ628GG,FZ628GG
2025-07-26_12-26-07-296_DJ446VZ-FRA.jpg,DJ-446-VZ,DJ-446-VZ,0.9990,1,1,DJ446VZ,DJ446VZ
2025-07-26_14-10-35-898_BA643AG-FRA.jpg,BA-643-AG,BA-643-AG,1.0000,1,1,BA643AG,BA643AG
2025-07-26_18-01-59-970_GS497PG-FRA.jpg,GS-497-PG,GS-497-PG,0.9996,1,1,GS497PG,GS497PG
2025-07-26_14-46-23-356_FF880GX-FRA.jpg,FF-880-GX,FF-880-GX,1.0000,1,1,FF880GX,FF880GX
2025-07-26_10-17-43-616_BG881PW-FRA.jpg,BG-881-PW,BG-881-PW,0.9995,1,1,BG881PW,BG881PW
2025-07-26_10-06-45-585_DJ889CG-FRA.jpg,DJ-889-CG,DJ-889-CG,0.9996,1,1,DJ889CG,DJ889CG
2025-07-26_10-08-22-909_GK700QJ-FRA.jpg,GK-700-QJ,GK-700-QJ,1.0000,1,1,GK700QJ,GK700QJ
2025-07-26_10-24-36-762_EF156RJ-FRA.jpg,EF-156-RJ,EF-156-RJ,1.0000,1,1,EF156RJ,EF156RJ
2025-07-26_12-11-13-973_FV943XL-FRA.jpg,FV-943-XL,FV-943-XL,1.0000,1,1,FV943XL,FV943XL
2025-07-26_09-47-22-719_EL101CA-FRA.jpg,EL-101-CA,EL-101-CA,0.9655,1,1,EL101CA,EL101CA
2025-07-26_14-31-20-701_EN957ML-FRA.jpg,EN-957-ML,EN-957-ML,1.0000,1,1,EN957ML,EN957ML
2025-07-26_12-17-37-870_GY176AN-FRA.jpg,GY-176-AN,GY-176-AN,1.0000,1,1,GY176AN,GY176AN
2025-07-26_15-40-09-929_DC795AA-FRA.jpg,DC-795-AA,DC-795-AA,1.0000,1,1,DC795AA,DC795AA
2025-07-26_16-12-43-283_BA081VN-FRA.jpg,BA-081-VN,BA-081-VN,0.9619,1,1,BA081VN,BA081VN
2025-07-26_11-31-53-628_CJ150HF-FRA.jpg,CJ.150HF,CJ.150HF,0.9889,1,1,CJ150HF,CJ150HF
2025-07-26_17-43-04-753_AG898AK-FRA.jpg,AG-898-AK,AG-898-AK,1.0000,1,1,AG898AK,AG898AK
2025-07-26_10-42-23-343_GZ609NA-FRA.jpg,GZ-609-NA,GZ-609-NA,1.0000,1,1,GZ609NA,GZ609NA
2025-07-26_15-05-42-290_FT560MT-FRA.jpg,FT-560-MT,FT-560-MT,0.9999,1,1,FT560MT,FT560MT
2025-07-26_10-23-28-945_GW248WF-FRA.jpg,GW-248-WF,GW-248-WF,1.0000,1,1,GW248WF,GW248WF
2025-07-26_10-55-23-552_FZ391KF-FRA.jpg,FZ-391-KF,FZ-391-KF,0.9381,1,1,FZ391KF,FZ391KF
2025-07-26_09-36-08-512_AS576TB-FRA.jpg,AS-576-TB,AS-576-TB,0.9811,1,1,AS576TB,AS576TB
2025-07-26_14-26-34-361_AR824MJ-FRA.jpg,AR-824-MJ,AR-824-MJ,0.9853,1,1,AR824MJ,AR824MJ
2025-07-26_16-15-46-946_HD532CN-FRA.jpg,HD-532-CN,HD-532-CN,0.9791,1,1,HD532CN,HD532CN
2025-07-26_10-21-11-779_BM279AV-FRA.jpg,BM-279-AV.,BM-279-AV.,0.9999,1,1,BM279AV,BM279AV
2025-07-26_11-38-28-354_GK588RK-FRA.jpg,GK-588-RK,GK-588-RK,0.9556,1,1,GK588RK,GK588RK
2025-07-26_13-22-36-884_AW763AL-FRA.jpg,AW-763-AL,AW-763-AL,1.0000,1,1,AW763AL,AW763AL
2025-07-26_09-51-49-996_FS273SG-FRA.jpg,FS.273.SG,FS.273.SG,0.9999,1,1,FS273SG,FS273SG
2025-07-26_10-33-56-814_GC142RK-FRA.jpg,.GC-142-RK.,.GC-142-RK.,0.9985,1,1,GC142RK,GC142RK
2025-07-26_09-41-22-512_FF535CE-FRA.jpg,FF-535-CE,FF-535-CE,1.0000,1,1,FF535CE,FF535CE
2025-07-26_14-30-18-171_FJ957RK-FRA.jpg,FJ-957-RK,FJ-957-RK,0.9998,1,1,FJ957RK,FJ957RK
2025-07-26_10-08-34-315_FX638RW-FRA.jpg,FX-638-RW,FX-638-RW,1.0000,1,1,FX638RW,FX638RW
2025-07-26_11-27-10-488_EH352WB-FRA.jpg,EH-352-WB,EH-352-WB,0.9997,1,1,EH352WB,EH352WB
2025-07-26_17-49-18-887_HD532VJ-FRA.jpg,HD.532.VJ,HD.532.VJ,1.0000,1,1,HD532VJ,HD532VJ
2025-07-26_12-42-04-149_FV013NS-FRA.jpg,FV-013-NS,FV-013-NS,0.9978,1,1,FV013NS,FV013NS
2025-07-26_15-31-02-840_DH228LK-FRA.jpg,DH-228-LK,DH-228-LK,1.0000,1,1,DH228LK,DH228LK
2025-07-26_12-53-41-046_EN759VD-FRA.jpg,EN-759-VD,EN-759-VD,0.9741,1,1,EN759VD,EN759VD
2025-07-26_15-37-31-527_GJ333CF-FRA.jpg,GJ-333-CF,GJ-333-CF,0.9650,1,1,GJ333CF,GJ333CF
2025-07-26_10-22-23-129_FB576BC-FRA.jpg,FB-576-BC,FB-576-BC,0.9997,1,1,FB576BC,FB576BC
2025-07-26_16-12-54-292_AJ943XR-FRA.jpg,AJ-943-XR,AJ-943-XR,1.0000,1,1,AJ943XR,AJ943XR
2025-07-26_14-46-05-300_AW571ZX-FRA.jpg,AW-571-ZX,AW-571-ZX,0.9978,1,1,AW571ZX,AW571ZX
2025-07-26_09-40-12-168_EY354MB-FRA.jpg,EY-354-MB,EY-354-MB,1.0000,1,1,EY354MB,EY354MB
2025-07-26_12-15-32-748_DZ817YX-FRA.jpg,DZ-817-YX,DZ-817-YX,0.9962,1,1,DZ817YX,DZ817YX
2025-07-26_18-21-48-195_GX435BT-FRA.jpg,GX-435-BT,GX-435-BT,0.9999,1,1,GX435BT,GX435BT
2025-07-26_10-25-57-149_FZ724QD-FRA.jpg,FZ-724-QD,FZ-724-QD,0.9996,1,1,FZ724QD,FZ724QD
2025-07-26_18-00-59-478_CE278WQ-FRA.jpg,CE-278-WQ,CE-278-WQ,1.0000,1,1,CE278WQ,CE278WQ
2025-07-26_14-46-52-209_GS665CT-FRA.jpg,GS-665-CT,GS-665-CT,0.9975,1,1,GS665CT,GS665CT
2025-07-26_16-02-38-861_FS502MR-FRA.jpg,FS-502-MR,FS-502-MR,0.9998,1,1,FS502MR,FS502MR
2025-07-26_12-06-46-123_FZ004KY-FRA.jpg,FZ-004-KY.,FZ-004-KY.,1.0000,1,1,FZ004KY,FZ004KY
2025-07-26_10-50-48-705_DC366XM-FRA.jpg,DC-366-XM,DC-366-XM,1.0000,1,1,DC366XM,DC366XM
2025-07-26_09-07-43-874_FR125TQ-FRA.jpg,FR-125-TQ,FR-125-TQ,0.9923,1,1,FR125TQ,FR125TQ
2025-07-26_17-23-34-826_FV091TR-FRA.jpg,FV-091-TR,FV-091-TR,0.9996,1,1,FV091TR,FV091TR
2025-07-26_16-48-05-342_BR409RN-FRA.jpg,BR-409-RN,BR-409-RN,0.9991,1,1,BR409RN,BR409RN
2025-07-26_15-31-24-201_CC968KZ-FRA.jpg,CC-968-KZ,CC-968-KZ,0.9999,1,1,CC968KZ,CC968KZ
2025-07-26_12-03-48-184_BY276QY-FRA.jpg,BY-276-QY,BY-276-QY,0.9998,1,1,BY276QY,BY276QY
2025-07-26_09-11-29-611_BF499AS-FRA.jpg,BF-499-AS,BF-499-AS,1.0000,1,1,BF499AS,BF499AS
2025-07-26_13-25-02-254_FY393PB-FRA.jpg,FY-393-PB,FY-393-PB,1.0000,1,1,FY393PB,FY393PB
2025-07-26_10-27-57-180_EL887KR-FRA.jpg,EL-887-KR,EL-887-KR,0.9997,1,1,EL887KR,EL887KR
2025-07-26_10-20-02-281_GR771XD-FRA.jpg,GR771XD,GR771XD,0.9999,1,1,GR771XD,GR771XD
2025-07-26_10-02-16-890_HB167FX-FRA.jpg,HB-167-FX,HB-167-FX,0.9994,1,1,HB167FX,HB167FX
2025-07-26_10-28-16-562_GT651HY-FRA.jpg,GT-651-HY,GT-651-HY,1.0000,1,1,GT651HY,GT651HY
2025-07-26_11-35-31-523_WW583FZ-FRA.jpg,WW-583-FZ,WW-583-FZ,0.9916,1,1,WW583FZ,WW583FZ
2025-07-26_12-05-13-749_GJ024AK-FRA.jpg,GJ-024-AK,GJ-024-AK,0.9650,1,1,GJ024AK,GJ024AK
2025-07-26_11-22-10-705_CF600JH-FRA.jpg,CF-600-JH,CF-600-JH,1.0000,1,1,CF600JH,CF600JH
2025-07-26_16-12-03-707_BZ268CZ-FRA.jpg,BZ-268-CZ,BZ-268-CZ,0.9964,1,1,BZ268CZ,BZ268CZ
2025-07-26_18-10-19-649_DM688MN-FRA.jpg,DM-688MN,DM-688MN,0.9956,1,1,DM688MN,DM688MN
2025-07-26_14-19-38-009_GW061EH-FRA.jpg,GW-061-EH,GW-061-EH,1.0000,1,1,GW061EH,GW061EH
2025-07-26_12-01-51-744_BE377GX-FRA.jpg,BE377GX,BE377GX,1.0000,1,1,BE377GX,BE377GX
2025-07-26_10-20-35-709_GV148PG-FRA.jpg,GV-148-PG,GV-148-PG,0.9929,1,1,GV148PG,GV148PG
2025-07-26_11-25-57-273_DN094TS-FRA.jpg,DN-094-TS,DN-094-TS,0.9991,1,1,DN094TS,DN094TS
2025-07-26_09-19-27-093_DP491ZA-FRA.jpg,DP-491-ZA,DP-491-ZA,0.9889,1,1,DP491ZA,DP491ZA
2025-07-26_16-32-45-166_CC726GD-FRA.jpg,CC-726-GD,CC-726-GD,0.9975,1,1,CC726GD,CC726GD
2025-07-26_10-27-54-799_AC660GQ-FRA.jpg,AC-660-GQ,AC-660-GQ,0.9991,1,1,AC660GQ,AC660GQ
2025-07-26_17-38-03-355_BL592AY-FRA.jpg,BL-592-AY,BL-592-AY,0.9946,1,1,BL592AY,BL592AY
2025-07-26_13-17-45-949_FJ048HK-FRA.jpg,FJ-048-HK,FJ-048-HK,0.9967,1,1,FJ048HK,FJ048HK
2025-07-26_11-36-52-160_GD947EL-FRA.jpg,GD-947-EL,GD-947-EL,0.9912,1,1,GD947EL,GD947EL
2025-07-26_12-01-00-401_DN061TT-FRA.jpg,DN-061-TT,DN-061-TT,0.9999,1,1,DN061TT,DN061TT
2025-07-26_09-26-57-916_CZ981KK-FRA.jpg,CZ-981-KK,CZ-981-KK,0.9429,1,1,CZ981KK,CZ981KK
2025-07-26_11-15-05-894_AL278YY-FRA.jpg,AL-278-YY,AL-278-YY,0.9995,1,1,AL278YY,AL278YY
2025-07-26_17-28-58-220_DF031AA-FRA.jpg,DF.031.AA,DF.031.AA,0.9987,1,1,DF031AA,DF031AA
2025-07-26_16-39-11-476_CJ951ZR-FRA.jpg,CJ-951-ZR,CJ-951-ZR,0.9999,1,1,CJ951ZR,CJ951ZR
2025-07-26_16-45-41-214_HB453VF-FRA.jpg,HB453VF,HB453VF,0.9832,1,1,HB453VF,HB453VF
2025-07-26_14-51-02-254_DL322HY-FRA.jpg,DL-322-HY,DL-322-HY,0.9993,1,1,DL322HY,DL322HY
2025-07-26_09-50-21-488_EQ453NR-FRA.jpg,EQ-453-NR,EQ-453-NR,0.9792,1,1,EQ453NR,EQ453NR
2025-07-26_10-18-33-739_FV829VS-FRA.jpg,FV-829-VS,FV-829-VS,0.9857,1,1,FV829VS,FV829VS
2025-07-26_13-37-49-369_HB486AK-FRA.jpg,HB-486-AK,HB-486-AK,0.9996,1,1,HB486AK,HB486AK
2025-07-26_15-11-40-705_FM540GM-FRA.jpg,FM-540-GM,FM-540-GM,0.9906,1,1,FM540GM,FM540GM
2025-07-26_16-14-14-119_HD412FF-FRA.jpg,HD-412-FF.,HD-412-FF.,0.9677,1,1,HD412FF,HD412FF
2025-07-26_14-21-54-034_EM911BE-FRA.jpg,EM-911-BE,EM-911-BE,0.9982,1,1,EM911BE,EM911BE
2025-07-26_11-56-41-994_DA855PS-FRA.jpg,DA-855-PS,DA-855-PS,1.0000,1,1,DA855PS,DA855PS
2025-07-26_11-05-34-414_BW770SY-FRA.jpg,BW-770-SY,BW-770-SY,1.0000,1,1,BW770SY,BW770SY
2025-07-26_09-10-26-173_EJ711GT-FRA.jpg,EJ-711-GT.,EJ-711-GT.,0.9998,1,1,EJ711GT,EJ711GT
2025-07-26_15-54-53-722_FV756RB-FRA.jpg,FV-756-RB,FV-756-RB,0.9879,1,1,FV756RB,FV756RB
2025-07-26_10-52-09-248_FR691LS-FRA.jpg,FR-691-LS,FR-691-LS,0.9854,1,1,FR691LS,FR691LS
2025-07-26_14-22-15-434_BL829AE-FRA.jpg,BL-829-AE,BL-829-AE,0.9768,1,1,BL829AE,BL829AE
2025-07-26_11-14-46-323_GJ492YF-FRA.jpg,GJ-492-YF,GJ-492-YF,1.0000,1,1,GJ492YF,GJ492YF
2025-07-26_15-11-38-492_FM540GM-FRA.jpg,FM-540-GM,FM-540-GM,0.9600,1,1,FM540GM,FM540GM
2025-07-26_12-40-45-845_FT186AJ-FRA.jpg,FT-186-AJ,FT-186-AJ,0.9991,1,1,FT186AJ,FT186AJ
2025-07-26_09-29-19-310_EC616EH-FRA.jpg,EC.616.EH,EC.616.EH,0.9639,1,1,EC616EH,EC616EH
2025-07-26_16-38-43-797_HC026EW-FRA.jpg,HC-026-EW.,HC-026-EW.,1.0000,1,1,HC026EW,HC026EW
2025-07-26_10-12-09-788_AB635TM-FRA.jpg,AB-635-TM,AB-635-TM,0.9703,1,1,AB635TM,AB635TM
2025-07-26_12-06-48-023_GV942KP-FRA.jpg,GV-942-KP,GV-942-KP,0.9001,1,1,GV942KP,GV942KP
2025-07-26_11-08-25-660_WW977FC-FRA.jpg,WW-977-FC,WW-977-FC,1.0000,1,1,WW977FC,WW977FC
2025-07-26_17-56-56-479_FN490AA-FRA.jpg,FN-490-AA,FN-490-AA,0.9993,1,1,FN490AA,FN490AA
2025-07-26_10-40-50-183_GD730SW-FRA.jpg,GD-730-SW,GD-730-SW,0.9999,1,1,GD730SW,GD730SW
2025-07-26_12-29-10-030_CA407WR-FRA.jpg,CA-407-WR,CA-407-WR,1.0000,1,1,CA407WR,CA407WR
2025-07-26_11-16-32-607_FS459LR-FRA.jpg,FS-459-LR,FS-459-LR,0.9907,1,1,FS459LR,FS459LR
2025-07-26_13-55-36-895_WW251LW-FRA.jpg,WW-251-LW.,WW-251-LW.,0.9672,1,1,WW251LW,WW251LW
2025-07-26_10-13-40-532_BR107LK-FRA.jpg,BR-107-LK,BR-107-LK,1.0000,1,1,BR107LK,BR107LK
2025-07-26_17-39-42-860_FQ438YP-FRA.jpg,FQ-438-YP,FQ-438-YP,0.9744,1,1,FQ438YP,FQ438YP
2025-07-26_10-14-14-471_BN341PD-FRA.jpg,BN-341-PD,BN-341-PD,0.9793,1,1,BN341PD,BN341PD
2025-07-26_10-18-25-934_GL201KP-FRA.jpg,GL-201-KP,GL-201-KP,0.9884,1,1,GL201KP,GL201KP
2025-07-26_11-53-03-495_EJ898MT-FRA.jpg,EJ-898-MT,EJ-898-MT,0.9741,1,1,EJ898MT,EJ898MT
2025-07-26_15-11-09-125_GS268PG-FRA.jpg,GS-268-PG,GS-268-PG,0.9573,1,1,GS268PG,GS268PG
2025-07-26_17-11-27-528_HD355VB-FRA.jpg,HD-355-VB,HD-355-VB,1.0000,1,1,HD355VB,HD355VB
2025-07-26_12-05-06-882_CQ843GL-FRA.jpg,CQ-843-GL,CQ-843-GL,0.9993,1,1,CQ843GL,CQ843GL
2025-07-26_09-21-59-495_FH381MQ-FRA.jpg,FH.381.MQ,FH.381.MQ,0.9808,1,1,FH381MQ,FH381MQ
2025-07-26_16-00-54-818_GR523CF-FRA.jpg,GR-523-CF.,GR-523-CF.,0.9964,1,1,GR523CF,GR523CF
2025-07-26_14-21-52-901_DT945EP-FRA.jpg,DT-945-EP,DT-945-EP,0.9726,1,1,DT945EP,DT945EP
2025-07-26_13-03-32-659_EG977ZK-FRA.jpg,EG977-ZK,EG977-ZK,1.0000,1,1,EG977ZK,EG977ZK
2025-07-26_16-44-26-954_GZ077PG-FRA.jpg,GZ-077-PG,GZ-077-PG,0.9998,1,1,GZ077PG,GZ077PG
2025-07-26_12-15-35-207_GJ911SJ-FRA.jpg,G9,G9,0.9998,1,1,G9,G9
2025-07-26_09-26-17-684_DP761AT-FRA.jpg,DP-761-AT,DP-761-AT,0.9923,1,1,DP761AT,DP761AT
2025-07-26_16-15-19-316_GM620ZW-FRA.jpg,.GM-620ZW,.GM-620ZW,0.9892,1,1,GM620ZW,GM620ZW
2025-07-26_16-01-08-658_FP474LK-FRA.jpg,FP474LK,FP474LK,0.9999,1,1,FP474LK,FP474LK
2025-07-26_14-33-00-929_FB626QN-FRA.jpg,FB-626-QN,FB-626-QN,0.9852,1,1,FB626QN,FB626QN
2025-07-26_11-43-25-779_AC789FC-FRA.jpg,AC-789-FC,AC-789-FC,0.9862,1,1,AC789FC,AC789FC
2025-07-26_12-38-26-758_DC050SH-FRA.jpg,DC-050-SH,DC-050-SH,0.9994,1,1,DC050SH,DC050SH
2025-07-26_13-34-57-067_GM871VR-FRA.jpg,GM-871-VR,GM-871-VR,0.9774,1,1,GM871VR,GM871VR
2025-07-26_12-37-42-693_DG909QL-FRA.jpg,DG-909-QL,DG-909-QL,0.9274,1,1,DG909QL,DG909QL
2025-07-26_15-37-25-125_EJ011AA-FRA.jpg,EJ-011-AA,EJ-011-AA,0.9892,1,1,EJ011AA,EJ011AA
2025-07-26_14-21-50-594_GX879HX-FRA.jpg,GX-879-HX,GX-879-HX,0.9976,1,1,GX879HX,GX879HX
2025-07-26_10-40-50-622_AS214WV-FRA.jpg,AS.214.WV,AS.214.WV,0.9999,1,1,AS214WV,AS214WV
2025-07-26_12-49-51-163_FQ154FT-FRA.jpg,FQ-154-FT.,FQ-154-FT.,0.9721,1,1,FQ154FT,FQ154FT
2025-07-26_10-19-44-694_GN126XD-FRA.jpg,GN-126-XD,GN-126-XD,0.9861,1,1,GN126XD,GN126XD
2025-07-26_09-46-57-320_CG039XM-FRA.jpg,CG-039-XM,CG-039-XM,0.9999,1,1,CG039XM,CG039XM
2025-07-26_13-58-15-712_EA389JY-FRA.jpg,EA-389-JY.,EA-389-JY.,0.9881,1,1,EA389JY,EA389JY
2025-07-26_09-21-18-324_DR252JA-FRA.jpg,DR-252-JA,DR-252-JA,0.9659,1,1,DR252JA,DR252JA
2025-07-26_16-30-24-975_BS853GK-FRA.jpg,BS-853-GK,BS-853-GK,0.9322,1,1,BS853GK,BS853GK
2025-07-26_10-07-44-136_EC037VD-FRA.jpg,EC-037-VD,EC-037-VD,1.0000,1,1,EC037VD,EC037VD
2025-07-26_12-37-18-705_AJ721AJ-FRA.jpg,AJ-721-AJ,AJ-721-AJ,0.9999,1,1,AJ721AJ,AJ721AJ
2025-07-26_15-56-15-500_GM532LL-FRA.jpg,GM-532-LL.,GM-532-LL.,0.9930,1,1,GM532LL,GM532LL
2025-07-26_11-29-55-037_HD717JE-FRA.jpg,.HD-717-JE.,.HD-717-JE.,0.9780,1,1,HD717JE,HD717JE
2025-07-26_09-21-13-652_AW350JV-FRA.jpg,AW-350-JV,AW-350-JV,0.9999,1,1,AW350JV,AW350JV
2025-07-26_18-22-11-636_FH231CT-FRA.jpg,FH-231-CT,FH-231-CT,0.9995,1,1,FH231CT,FH231CT
2025-07-26_11-06-30-013_BC120HA-FRA.jpg,BC-120-HA,BC-120-HA,0.9999,1,1,BC120HA,BC120HA
2025-07-26_14-14-08-759_CZ378VJ-FRA.jpg,CZ-378-VJ.,CZ-378-VJ.,0.9984,1,1,CZ378VJ,CZ378VJ
2025-07-26_11-45-28-479_AQ606DZ-FRA.jpg,AQ.606.DZ,AQ.606.DZ,0.9816,1,1,AQ606DZ,AQ606DZ
2025-07-26_10-35-39-242_GZ158WK-FRA.jpg,GZ-158-WK,GZ-158-WK,0.9993,1,1,GZ158WK,GZ158WK
2025-07-26_13-40-31-346_GJ948PV-FRA.jpg,GJ-948.PV,GJ-948.PV,0.9562,1,1,GJ948PV,GJ948PV
2025-07-26_14-15-53-530_HC992FT-FRA.jpg,HC-992-FT,HC-992-FT,0.9998,1,1,HC992FT,HC992FT
2025-07-26_11-49-20-373_DZ600SX-FRA.jpg,DZ-600-SX,DZ-600-SX,0.9990,1,1,DZ600SX,DZ600SX
2025-07-26_11-26-58-873_HC519FB-FRA.jpg,HC-519-FB,HC-519-FB,1.0000,1,1,HC519FB,HC519FB
2025-07-26_16-26-19-921_EF034FE-FRA.jpg,EF-034-FE,EF-034-FE,0.9883,1,1,EF034FE,EF034FE
2025-07-26_11-49-22-308_DZ600SX-FRA.jpg,DZ-600-SX,DZ-600-SX,0.9999,1,1,DZ600SX,DZ600SX
2025-07-26_11-13-26-806_FS730FA-FRA.jpg,.FS-730-FA,.FS-730-FA,0.9997,1,1,FS730FA,FS730FA
2025-07-26_09-21-39-655_CN250SJ-FRA.jpg,CN-250-SJ,CN-250-SJ,0.9807,1,1,CN250SJ,CN250SJ
2025-07-26_13-12-14-223_FH928LD-FRA.jpg,FH-928-LD,FH-928-LD,0.9988,1,1,FH928LD,FH928LD
2025-07-26_10-17-43-049_EA570VB-FRA.jpg,EA-570-VB,EA-570-VB,1.0000,1,1,EA570VB,EA570VB
2025-07-26_17-58-51-436_GD757GB-FRA.jpg,GD-757-GB,GD-757-GB,0.9999,1,1,GD757GB,GD757GB
2025-07-26_09-04-22-415_EX444RA-FRA.jpg,EX-444-RA,EX-444-RA,0.9700,1,1,EX444RA,EX444RA
2025-07-26_10-05-12-846_FA447TY-FRA.jpg,FA-447-TY,FA-447-TY,0.9695,1,1,FA447TY,FA447TY
2025-07-26_12-56-14-712_FG831EP-FRA.jpg,FG-831-EP.,FG-831-EP.,0.9981,1,1,FG831EP,FG831EP
2025-07-26_12-31-12-730_GB773FD-FRA.jpg,GB773FD,GB773FD,0.9970,1,1,GB773FD,GB773FD
2025-07-26_10-37-02-828_CX412LT-FRA.jpg,CX-412-LT.,CX-412-LT.,1.0000,1,1,CX412LT,CX412LT
2025-07-26_10-29-47-934_DV038FY-FRA.jpg,DV-038-FY,DV-038-FY,1.0000,1,1,DV038FY,DV038FY
2025-07-26_10-14-15-674_EN519VA-FRA.jpg,EN519VA,EN519VA,1.0000,1,1,EN519VA,EN519VA
2025-07-26_14-58-28-761_CK726YT-FRA.jpg,CK-726-YT,CK-726-YT,0.9955,1,1,CK726YT,CK726YT
2025-07-26_09-12-07-413_GN849ZL-FRA.jpg,GN-849-ZL,GN-849-ZL,1.0000,1,1,GN849ZL,GN849ZL
2025-07-26_09-25-47-219_EX035YL-FRA.jpg,EX-035-YL.,EX-035-YL.,0.9999,1,1,EX035YL,EX035YL
2025-07-26_13-09-58-073_FK812JV-FRA.jpg,FK-812-JV,FK-812-JV,0.9999,1,1,FK812JV,FK812JV
2025-07-26_15-09-21-113_GQ312JE-FRA.jpg,GQ-312-JE.,GQ-312-JE.,1.0000,1,1,GQ312JE,GQ312JE
2025-07-26_14-21-18-926_GE954GJ-FRA.jpg,GE-954-GJ,GE-954-GJ,1.0000,1,1,GE954GJ,GE954GJ
2025-07-26_10-20-17-386_BQ939RW-FRA.jpg,BQ-939-RW,BQ-939-RW,1.0000,1,1,BQ939RW,BQ939RW
2025-07-26_17-29-52-850_AG040HY-FRA.jpg,AG-040-HY,AG-040-HY,1.0000,1,1,AG040HY,AG040HY
2025-07-26_15-15-44-574_FP168ZB-FRA.jpg,FP-168-ZB,FP-168-ZB,0.9925,1,1,FP168ZB,FP168ZB
2025-07-26_10-09-36-755_DD796KJ-FRA.jpg,DD-796-KJ,DD-796-KJ,0.9338,1,1,DD796KJ,DD796KJ
2025-07-26_14-45-22-974_GB694KX-FRA.jpg,GB-694-KX,GB-694-KX,1.0000,1,1,GB694KX,GB694KX
2025-07-26_13-12-52-423_CW222WJ-FRA.jpg,CW-222-WJ,CW-222-WJ,0.9946,1,1,CW222WJ,CW222WJ
2025-07-26_12-16-46-029_DM823DK-FRA.jpg,DM-823-DK.,DM-823-DK.,0.9997,1,1,DM823DK,DM823DK
2025-07-26_10-53-57-417_HA773BG-FRA.jpg,HA-773-BG,HA-773-BG,0.9562,1,1,HA773BG,HA773BG
2025-07-26_13-59-59-130_GS707GX-FRA.jpg,GS-707-GX,GS-707-GX,0.9999,1,1,GS707GX,GS707GX
2025-07-26_11-47-23-319_FM435TJ-FRA.jpg,FM-435-TJ,FM-435-TJ,0.9839,1,1,FM435TJ,FM435TJ
2025-07-26_10-07-37-306_ED640LA-FRA.jpg,ED-640LA,ED-640LA,1.0000,1,1,ED640LA,ED640LA
2025-07-26_16-27-58-061_FJ182JF-FRA.jpg,FJ-182-JF,FJ-182-JF,0.9721,1,1,FJ182JF,FJ182JF
2025-07-26_18-14-15-495_136ALD59-FRA.jpg,136ALD59,136ALD59,0.9988,1,1,136ALD59,136ALD59
2025-07-26_11-36-22-194_DZ595KR-FRA.jpg,DZ-595-KR,DZ-595-KR,0.9989,1,1,DZ595KR,DZ595KR
2025-07-26_13-49-12-003_BW578JW-FRA.jpg,BW-578-JW,BW-578-JW,1.0000,1,1,BW578JW,BW578JW
2025-07-26_10-18-44-580_AA824XH-FRA.jpg,AA-824-XH,AA-824-XH,0.9999,1,1,AA824XH,AA824XH
2025-07-26_11-38-32-523_EN049EY-FRA.jpg,EN-049-EY.,EN-049-EY.,0.9453,1,1,EN049EY,EN049EY
2025-07-26_16-23-49-597_GZ582JJ-FRA.jpg,GZ-582-JJ,GZ-582-JJ,0.9993,1,1,GZ582JJ,GZ582JJ
2025-07-26_11-45-57-598_GF466TL-FRA.jpg,GF-466-TL,GF-466-TL,0.9996,1,1,GF466TL,GF466TL
2025-07-26_09-26-58-971_CD587KD-FRA.jpg,CD-587-KD,CD-587-KD,1.0000,1,1,CD587KD,CD587KD
2025-07-26_12-14-00-566_BV259LR-FRA.jpg,BV-259-LR,BV-259-LR,0.9732,1,1,BV259LR,BV259LR
2025-07-26_10-58-31-815_BX433MB-FRA.jpg,BX-433-MB,BX-433-MB,0.9961,1,1,BX433MB,BX433MB
2025-07-26_10-08-29-276_BY846AD-FRA.jpg,BY846AD,BY846AD,0.9859,1,1,BY846AD,BY846AD
2025-07-26_13-04-47-851_AP094TL-FRA.jpg,AP-094-TL.,AP-094-TL.,0.9995,1,1,AP094TL,AP094TL
2025-07-26_11-09-53-466_CP479YV-FRA.jpg,CP-479-YV,CP-479-YV,0.9998,1,1,CP479YV,CP479YV
2025-07-26_10-04-14-329_ER080XL-FRA.jpg,ER-080-XL,ER-080-XL,1.0000,1,1,ER080XL,ER080XL
2025-07-26_11-29-32-193_EJ307TG-FRA.jpg,EJ-307-TG,EJ-307-TG,0.9993,1,1,EJ307TG,EJ307TG
2025-07-26_12-08-08-143_ET802KN-FRA.jpg,ET-802.KN,ET-802.KN,1.0000,1,1,ET802KN,ET802KN
2025-07-26_09-24-59-681_AZ741WW-FRA.jpg,AZ-741-WW,AZ-741-WW,1.0000,1,1,AZ741WW,AZ741WW
2025-07-26_11-07-46-261_FC509YV-FRA.jpg,FC-509-YV,FC-509-YV,1.0000,1,1,FC509YV,FC509YV
2025-07-26_11-04-40-756_DT829QZ-FRA.jpg,DT-829-QZ,DT-829-QZ,0.9972,1,1,DT829QZ,DT829QZ
2025-07-26_16-50-10-610_CS893PW-FRA.jpg,CS-893-PW,CS-893-PW,0.9999,1,1,CS893PW,CS893PW
2025-07-26_13-10-12-713_FR602LN-FRA.jpg,FR-602-LN,FR-602-LN,1.0000,1,1,FR602LN,FR602LN
2025-07-26_17-10-13-181_GW807RC-FRA.jpg,GW807RC,GW807RC,0.9583,1,1,GW807RC,GW807RC
2025-07-26_11-56-03-296_FS414JN-FRA.jpg,FS-414-JN,FS-414-JN,0.9999,1,1,FS414JN,FS414JN
2025-07-26_09-31-16-503_HC571FV-FRA.jpg,HC-571-FV,HC-571-FV,0.9993,1,1,HC571FV,HC571FV
2025-07-26_13-13-27-012_BT662ND-FRA.jpg,BT-662-ND,BT-662-ND,0.9935,1,1,BT662ND,BT662ND
2025-07-26_10-28-50-980_ED894LJ-FRA.jpg,ED-894-LJ,ED-894-LJ,0.9999,1,1,ED894LJ,ED894LJ
2025-07-26_09-21-19-882_GS023QZ-FRA.jpg,GS-023-QZ.,GS-023-QZ.,0.9942,1,1,GS023QZ,GS023QZ
2025-07-26_16-00-55-538_BR507KL-FRA.jpg,BR-507-KL.,BR-507-KL.,1.0000,1,1,BR507KL,BR507KL
2025-07-26_10-17-26-775_GS420FB-FRA.jpg,GS-420-FB,GS-420-FB,1.0000,1,1,GS420FB,GS420FB
2025-07-26_14-22-45-444_GY816SE-FRA.jpg,GY-816-SE,GY-816-SE,1.0000,1,1,GY816SE,GY816SE
2025-07-26_12-57-33-488_FM845MM-FRA.jpg,FM-845-MM,FM-845-MM,0.9964,1,1,FM845MM,FM845MM
2025-07-26_14-24-59-844_GH512DT-FRA.jpg,GH-512-DT.,GH-512-DT.,0.9490,1,1,GH512DT,GH512DT
2025-07-26_16-14-17-258_HD412FF-FRA.jpg,HD-412-FF,HD-412-FF,0.9989,1,1,HD412FF,HD412FF
2025-07-26_12-44-01-608_FK433VD-FRA.jpg,FK-433-VD,FK-433-VD,0.9844,1,1,FK433VD,FK433VD
2025-07-26_10-55-53-888_GS557RF-FRA.jpg,GS-557-RF.,GS-557-RF.,0.9537,1,1,GS557RF,GS557RF
2025-07-26_09-04-59-707_BR438PY-FRA.jpg,BR-438-PY,BR-438-PY,0.9724,1,1,BR438PY,BR438PY
2025-07-26_16-23-48-497_GR031HP-FRA.jpg,GR-031-HP,GR-031-HP,0.9999,1,1,GR031HP,GR031HP
2025-07-26_16-49-31-567_ER011EG-FRA.jpg,ER-011-EG,ER-011-EG,0.9999,1,1,ER011EG,ER011EG
2025-07-26_10-51-32-879_HE952KD-FRA.jpg,HE.952.KD,HE.952.KD,1.0000,1,1,HE952KD,HE952KD
2025-07-26_10-28-16-609_ER799EY-FRA.jpg,ER-799-EY.,ER-799-EY.,1.0000,1,1,ER799EY,ER799EY
2025-07-26_10-46-40-532_CS725HC-FRA.jpg,CS-725-HC,CS-725-HC,0.9983,1,1,CS725HC,CS725HC
2025-07-26_10-06-51-785_FD626AS-FRA.jpg,FD-626-AS,FD-626-AS,1.0000,1,1,FD626AS,FD626AS
2025-07-26_13-01-55-724_HA370KR-FRA.jpg,HA-370-KR,HA-370-KR,0.9842,1,1,HA370KR,HA370KR
2025-07-26_14-36-11-860_CW809JT-FRA.jpg,CW-809-JT.,CW-809-JT.,0.9989,1,1,CW809JT,CW809JT
2025-07-26_10-06-53-628_FD626AS-FRA.jpg,FD-626-AS,FD-626-AS,0.9735,1,1,FD626AS,FD626AS
2025-07-26_16-32-23-005_GF970DW-FRA.jpg,GF-970-DW.,GF-970-DW.,0.9992,1,1,GF970DW,GF970DW
2025-07-26_10-14-01-852_BN152LY-FRA.jpg,BN-152-LY,BN-152-LY,0.9993,1,1,BN152LY,BN152LY
2025-07-26_10-48-29-169_HB551MQ-FRA.jpg,.HB-551-MQ,.HB-551-MQ,0.9889,1,1,HB551MQ,HB551MQ
2025-07-26_10-47-53-689_FG480DW-FRA.jpg,FG-480-DW,FG-480-DW,0.9996,1,1,FG480DW,FG480DW
2025-07-26_11-13-48-843_AE367MC-FRA.jpg,AE-367-MC,AE-367-MC,1.0000,1,1,AE367MC,AE367MC
2025-07-26_10-55-46-041_CZ210DB-FRA.jpg,CZ.210.DB,CZ.210.DB,0.9844,1,1,CZ210DB,CZ210DB
2025-07-26_12-16-18-149_EP722TE-FRA.jpg,EP-722-TE,EP-722-TE,0.9884,1,1,EP722TE,EP722TE
2025-07-26_11-51-43-293_GK489GK-FRA.jpg,GK-489-GK,GK-489-GK,1.0000,1,1,GK489GK,GK489GK
2025-07-26_13-13-08-580_GW715YN-FRA.jpg,GW-715-YN,GW-715-YN,0.9999,1,1,GW715YN,GW715YN
2025-07-26_10-29-41-778_EZ198CP-FRA.jpg,EZ-198-CP,EZ-198-CP,0.9484,1,1,EZ198CP,EZ198CP
2025-07-26_10-52-30-890_CZ545SR-FRA.jpg,CZ-545.SR,CZ-545.SR,1.0000,1,1,CZ545SR,CZ545SR
2025-07-26_10-08-31-134_BY846AD-ITA.jpg,BY.846.AD,BY.846.AD,0.9931,1,1,BY846AD,BY846AD
2025-07-26_09-21-28-895_GV520XV-FRA.jpg,GV520XV,GV520XV,0.9928,1,1,GV520XV,GV520XV
2025-07-26_13-14-56-514_GL614LJ-FRA.jpg,GL-614-LJ,GL-614-LJ,0.9999,1,1,GL614LJ,GL614LJ
2025-07-26_14-20-13-368_HA927MP-FRA.jpg,HA-927-MP,HA-927-MP,0.9904,1,1,HA927MP,HA927MP
2025-07-26_10-06-04-714_BH867GA-FRA.jpg,BH-867-GA,BH-867-GA,0.9953,1,1,BH867GA,BH867GA
2025-07-26_09-40-00-197_AB204RZ-FRA.jpg,AB-204-RZ,AB-204-RZ,0.9945,1,1,AB204RZ,AB204RZ
2025-07-26_10-15-09-414_AP762WH-FRA.jpg,AP-762-WH,AP-762-WH,0.9999,1,1,AP762WH,AP762WH
2025-07-26_12-15-50-948_CG159FH-FRA.jpg,CG-159-FH,CG-159-FH,0.9999,1,1,CG159FH,CG159FH
2025-07-26_12-08-57-245_HA276XH-FRA.jpg,HA-276-XH,HA-276-XH,0.9999,1,1,HA276XH,HA276XH
2025-07-26_13-21-51-691_DA235DH-FRA.jpg,DA-235-DH,DA-235-DH,0.9617,1,1,DA235DH,DA235DH
2025-07-26_12-16-37-569_CZ163PS-ITA.jpg,CZ-163-PS,CZ-163-PS,0.9997,1,1,CZ163PS,CZ163PS
2025-07-26_11-28-36-086_CV187XD-FRA.jpg,CV-187-XD,CV-187-XD,1.0000,1,1,CV187XD,CV187XD
2025-07-26_13-08-57-661_AQ019LX-FRA.jpg,AQ-019-L.X,AQ-019-L.X,0.9977,1,1,AQ019LX,AQ019LX
2025-07-26_14-09-02-315_CG950CX-FRA.jpg,CG-950-CX,CG-950-CX,1.0000,1,1,CG950CX,CG950CX
2025-07-26_16-55-47-430_EL661AE-FRA.jpg,EL-661-AE,EL-661-AE,0.9635,1,1,EL661AE,EL661AE
2025-07-26_11-48-44-117_DB362AT-FRA.jpg,DB-362-AT.,DB-362-AT.,0.9920,1,1,DB362AT,DB362AT
2025-07-26_10-07-02-385_CK958SW-FRA.jpg,CK-958-SW,CK-958-SW,1.0000,1,1,CK958SW,CK958SW
2025-07-26_17-53-40-460_GD092WH-FRA.jpg,GD-092-WH,GD-092-WH,0.9948,1,1,GD092WH,GD092WH
2025-07-26_11-22-57-085_AR931LG-FRA.jpg,AR-931-LG,AR-931-LG,0.9994,1,1,AR931LG,AR931LG
2025-07-26_11-32-35-277_ER676JG-FRA.jpg,ER-676-JG,ER-676-JG,0.9862,1,1,ER676JG,ER676JG
2025-07-26_11-53-51-396_GQ412AF-FRA.jpg,GQ-412-AF,GQ-412-AF,1.0000,1,1,GQ412AF,GQ412AF
2025-07-26_10-32-00-574_CX615AY-FRA.jpg,CX-615-AY,CX-615-AY,1.0000,1,1,CX615AY,CX615AY
2025-07-26_17-33-32-105_FN240CV-FRA.jpg,FN-240-CV,FN-240-CV,0.9453,1,1,FN240CV,FN240CV
2025-07-26_12-05-04-568_CK980KP-FRA.jpg,.CK-980-KP.,.CK-980-KP.,0.9937,1,1,CK980KP,CK980KP
2025-07-26_13-10-19-458_AT875TW-FRA.jpg,AT-875-TW,AT-875-TW,0.9882,1,1,AT875TW,AT875TW
2025-07-26_09-51-58-013_FM575KQ-FRA.jpg,FM-575-KQ,FM-575-KQ,1.0000,1,1,FM575KQ,FM575KQ
2025-07-26_09-41-20-973_DT792FC-FRA.jpg,DT-792-FC,DT-792-FC,0.9983,1,1,DT792FC,DT792FC
2025-07-26_12-26-00-839_DV773EJ-FRA.jpg,DV-773-EJ,DV-773-EJ,0.9994,1,1,DV773EJ,DV773EJ
2025-07-26_13-35-52-568_AC541TD-FRA.jpg,AC-541-TD,AC-541-TD,0.9991,1,1,AC541TD,AC541TD
2025-07-26_16-24-40-644_GA634QH-FRA.jpg,GA-634-QH,GA-634-QH,0.9878,1,1,GA634QH,GA634QH
2025-07-26_12-50-03-881_FV352MX-FRA.jpg,FV-352-MX.,FV-352-MX.,0.9974,1,1,FV352MX,FV352MX
2025-07-26_12-08-47-523_EJ278PL-FRA.jpg,EJ-278-PL,EJ-278-PL,1.0000,1,1,EJ278PL,EJ278PL
2025-07-26_10-46-21-513_GZ301QQ-FRA.jpg,GZ-301-QQ,GZ-301-QQ,0.9638,1,1,GZ301QQ,GZ301QQ
2025-07-26_12-34-02-937_FV316AN-FRA.jpg,FV-316-AN,FV-316-AN,1.0000,1,1,FV316AN,FV316AN
2025-07-26_12-26-09-479_AA135PN-FRA.jpg,AA-135-PN,AA-135-PN,0.9611,1,1,AA135PN,AA135PN
2025-07-26_09-41-58-600_FW646JJ-FRA.jpg,FW646JJ,FW646JJ,0.9938,1,1,FW646JJ,FW646JJ
2025-07-26_11-09-44-140_CD936XS-FRA.jpg,CD-936-XS,CD-936-XS,0.9990,1,1,CD936XS,CD936XS
2025-07-26_11-31-51-671_DM497TT-FRA.jpg,DM-497-TT,DM-497-TT,0.9858,1,1,DM497TT,DM497TT
2025-07-26_15-22-33-313_EG755DF-FRA.jpg,EG-755-DF,EG-755-DF,0.9460,1,1,EG755DF,EG755DF
2025-07-26_14-26-37-713_GY094NT-FRA.jpg,GY-094-NT,GY-094-NT,0.9960,1,1,GY094NT,GY094NT
2025-07-26_13-53-13-459_CP408YG-FRA.jpg,CP-408-YG,CP-408-YG,0.9733,1,1,CP408YG,CP408YG
2025-07-26_11-16-35-924_BV017XW-FRA.jpg,BV-017-XW,BV-017-XW,1.0000,1,1,BV017XW,BV017XW
2025-07-26_11-17-01-677_DH494QT-FRA.jpg,DH-494-QT,DH-494-QT,0.9576,1,1,DH494QT,DH494QT
2025-07-26_14-26-43-367_FT508RK-FRA.jpg,FT-508-RK,FT-508-RK,1.0000,1,1,FT508RK,FT508RK
2025-07-26_16-39-45-715_GD316HX-FRA.jpg,GD-316-HX,GD-316-HX,0.9965,1,1,GD316HX,GD316HX
2025-07-26_13-05-20-477_AA426QD-FRA.jpg,AA-426-QD,AA-426-QD,0.9792,1,1,AA426QD,AA426QD
2025-07-26_09-41-26-757_AQ882GH-FRA.jpg,AQ-882-GH,AQ-882-GH,0.9999,1,1,AQ882GH,AQ882GH
2025-07-26_11-23-42-229_CE489HG-FRA.jpg,.CE-489-HG,.CE-489-HG,0.9992,1,1,CE489HG,CE489HG
2025-07-26_15-01-28-836_GP685RL-FRA.jpg,GP-685-RL,GP-685-RL,0.9991,1,1,GP685RL,GP685RL
2025-07-26_09-04-12-809_CA452MP-FRA.jpg,CA-452-MP,CA-452-MP,0.9999,1,1,CA452MP,CA452MP
2025-07-26_11-22-54-967_ER897TP-FRA.jpg,ER-897-TP,ER-897-TP,1.0000,1,1,ER897TP,ER897TP
2025-07-26_13-17-02-748_GX799AS-FRA.jpg,GX-799-AS,GX-799-AS,0.9566,1,1,GX799AS,GX799AS
2025-07-26_10-12-35-014_453AHE93-FRA.jpg,453AHE9.3,453AHE9.3,0.9998,1,1,453AHE93,453AHE93
2025-07-26_12-17-27-273_FS555YS-FRA.jpg,FS.555YS,FS.555YS,1.0000,1,1,FS555YS,FS555YS
2025-07-26_16-00-49-678_GM977MH-FRA.jpg,GM-977-MH,GM-977-MH,0.9999,1,1,GM977MH,GM977MH
2025-07-26_11-18-01-103_DJ971BV-FRA.jpg,DJ-971-BV,DJ-971-BV,0.9999,1,1,DJ971BV,DJ971BV
2025-07-26_13-08-35-672_CT958LM-FRA.jpg,CT-958-LM,CT-958-LM,0.9325,1,1,CT958LM,CT958LM
2025-07-26_12-21-04-871_BY442YR-FRA.jpg,BY-442-YR,BY-442-YR,0.9999,1,1,BY442YR,BY442YR
2025-07-26_17-59-06-324_BJ258AM-FRA.jpg,BJ-258.AM,BJ-258.AM,1.0000,1,1,BJ258AM,BJ258AM
2025-07-26_12-57-37-877_CG447CA-FRA.jpg,CG-447-CA,CG-447-CA,0.9981,1,1,CG447CA,CG447CA
2025-07-26_15-16-50-714_EK839HH-FRA.jpg,EK-839-HH,EK-839-HH,0.9443,1,1,EK839HH,EK839HH
2025-07-26_12-29-07-930_FH018BY-FRA.jpg,FH-018-BY,FH-018-BY,0.9752,1,1,FH018BY,FH018BY
2025-07-26_13-38-04-793_GZ372JD-FRA.jpg,GZ-372-JD,GZ-372-JD,0.9971,1,1,GZ372JD,GZ372JD
2025-07-26_12-44-21-601_FK744KW-FRA.jpg,FK-744-KW,FK-744-KW,1.0000,1,1,FK744KW,FK744KW
2025-07-26_09-38-21-224_EN432MF-FRA.jpg,EN-432-MF.,EN-432-MF.,0.9996,1,1,EN432MF,EN432MF
2025-07-26_10-28-39-200_FB141CD-FRA.jpg,.FB-141-CD,.FB-141-CD,0.9680,1,1,FB141CD,FB141CD
2025-07-26_12-22-38-898_AT238SK-FRA.jpg,AT-238-SK,AT-238-SK,0.9575,1,1,AT238SK,AT238SK
2025-07-26_14-32-32-942_HC403LS-FRA.jpg,HC-403-LS,HC-403-LS,1.0000,1,1,HC403LS,HC403LS
2025-07-26_16-38-24-400_AC140RS-FRA.jpg,.AC-140-RS.,.AC-140-RS.,0.9554,1,1,AC140RS,AC140RS
2025-07-26_12-07-36-289_DE274YZ-FRA.jpg,DE274-YZ,DE274-YZ,1.0000,1,1,DE274YZ,DE274YZ
2025-07-26_10-54-50-010_DV474CV-FRA.jpg,DV-474-CV,DV-474-CV,1.0000,1,1,DV474CV,DV474CV
2025-07-26_10-28-54-655_CQ430ML-FRA.jpg,CQ-430-ML,CQ-430-ML,0.9992,1,1,CQ430ML,CQ430ML
2025-07-26_17-26-59-623_CZ665QV-FRA.jpg,CZ.665.QV,CZ.665.QV,0.9985,1,1,CZ665QV,CZ665QV
2025-07-26_09-52-21-448_DH066AG-FRA.jpg,DH-066-AG,DH-066-AG,0.9746,1,1,DH066AG,DH066AG
2025-07-26_16-03-00-616_DB516HV-FRA.jpg,DB-516-HV,DB-516-HV,0.9999,1,1,DB516HV,DB516HV
2025-07-26_10-43-04-536_DB753SN-FRA.jpg,DB-753-SN,DB-753-SN,0.9999,1,1,DB753SN,DB753SN
2025-07-26_18-02-08-448_GE723XG-FRA.jpg,GE-723-XG,GE-723-XG,0.9991,1,1,GE723XG,GE723XG
2025-07-26_10-20-03-419_AC637HW-FRA.jpg,AC-637-HW,AC-637-HW,0.9913,1,1,AC637HW,AC637HW
2025-07-26_12-05-02-409_CB686EN-FRA.jpg,CB-686-EN,CB-686-EN,0.9873,1,1,CB686EN,CB686EN
2025-07-26_13-48-53-374_FT318GJ-FRA.jpg,FT-318-GJ,FT-318-GJ,1.0000,1,1,FT318GJ,FT318GJ
2025-07-26_12-33-14-270_DD010QG-FRA.jpg,DD-010-QG,DD-010-QG,0.9706,1,1,DD010QG,DD010QG
2025-07-26_16-40-03-871_HD435VC-FRA.jpg,HD-435-VC,HD-435-VC,0.9958,1,1,HD435VC,HD435VC
2025-07-26_11-32-40-835_GF500DY-FRA.jpg,GF-500-DY,GF-500-DY,0.9841,1,1,GF500DY,GF500DY
2025-07-26_11-53-55-158_DZ621FY-FRA.jpg,DZ-621-FY,DZ-621-FY,0.9759,1,1,DZ621FY,DZ621FY
2025-07-26_09-34-01-610_FC338ZE-FRA.jpg,FC-338-ZE.,FC-338-ZE.,0.9999,1,1,FC338ZE,FC338ZE
2025-07-26_11-22-11-791_CW321CY-FRA.jpg,CW-321-CY,CW-321-CY,1.0000,1,1,CW321CY,CW321CY
2025-07-26_12-22-41-558_FD062BP-FRA.jpg,FD-062-BP.,FD-062-BP.,0.9628,1,1,FD062BP,FD062BP
2025-07-26_09-53-16-734_GG037NH-FRA.jpg,GG-037-NH,GG-037-NH,0.9998,1,1,GG037NH,GG037NH
2025-07-26_12-15-42-123_FQ936LP-FRA.jpg,FQ-936-LP,FQ-936-LP,1.0000,1,1,FQ936LP,FQ936LP
2025-07-26_10-54-29-961_GC159NT-FRA.jpg,GC-159-NT.,GC-159-NT.,1.0000,1,1,GC159NT,GC159NT
2025-07-26_12-12-49-073_DH891JN-FRA.jpg,DH-891-JN.,DH-891-JN.,1.0000,1,1,DH891JN,DH891JN
2025-07-26_12-37-43-685_FV678AE-FRA.jpg,FV-678-AE.,FV-678-AE.,0.9538,1,1,FV678AE,FV678AE
2025-07-26_13-17-51-451_ES160JM-FRA.jpg,ES-160-JM,ES-160-JM,0.9644,1,1,ES160JM,ES160JM
2025-07-26_13-06-13-453_BW551FW-ITA.jpg,BW-551-FW,BW-551-FW,1.0000,1,1,BW551FW,BW551FW
2025-07-26_11-27-30-461_AW983SB-FRA.jpg,AW-983-SB,AW-983-SB,0.9634,1,1,AW983SB,AW983SB
2025-07-26_12-37-29-420_AE058PX-FRA.jpg,AE-058-PX,AE-058-PX,0.9901,1,1,AE058PX,AE058PX
2025-07-26_10-26-28-998_CF171ED-FRA.jpg,CF-171-ED,CF-171-ED,0.9999,1,1,CF171ED,CF171ED
2025-07-26_10-04-15-017_AH616AH-FRA.jpg,AH-616-AH,AH-616-AH,0.9914,1,1,AH616AH,AH616AH
2025-07-26_12-24-36-061_FM686EL-FRA.jpg,FM-686-EL.,FM-686-EL.,0.9952,1,1,FM686EL,FM686EL
2025-07-26_14-03-33-645_EH899JJ-FRA.jpg,EH-899-JJ,EH-899-JJ,0.9997,1,1,EH899JJ,EH899JJ
2025-07-26_14-01-58-524_WW129CV-FRA.jpg,WW-129-CV,WW-129-CV,1.0000,1,1,WW129CV,WW129CV
2025-07-26_11-29-03-586_AV896KC-FRA.jpg,AV-896-KC,AV-896-KC,1.0000,1,1,AV896KC,AV896KC
2025-07-26_13-25-36-883_AB628AB-FRA.jpg,AB-628-AB,AB-628-AB,0.9598,1,1,AB628AB,AB628AB
2025-07-26_16-46-45-901_GS780EQ-FRA.jpg,GS.780.EQ,GS.780.EQ,0.9999,1,1,GS780EQ,GS780EQ
2025-07-26_18-02-41-817_GH127TQ-FRA.jpg,GH-127-TQ,GH-127-TQ,0.9778,1,1,GH127TQ,GH127TQ
2025-07-26_16-04-17-695_HA019KB-FRA.jpg,HA-019.KB,HA-019.KB,0.9999,1,1,HA019KB,HA019KB
2025-07-26_16-43-05-045_CX542KY-FRA.jpg,CX-542-KY,CX-542-KY,1.0000,1,1,CX542KY,CX542KY
2025-07-26_15-54-19-479_BC333YZ-FRA.jpg,BC-333-YZ,BC-333-YZ,0.9941,1,1,BC333YZ,BC333YZ
2025-07-26_10-17-28-328_GS420FB-FRA.jpg,GS-420-FB,GS-420-FB,0.9722,1,1,GS420FB,GS420FB
2025-07-26_09-26-49-451_CV993AD-FRA.jpg,CV-993-AD,CV-993-AD,0.9988,1,1,CV993AD,CV993AD
2025-07-26_17-03-00-532_WW933ZD-FRA.jpg,WW933-ZD,WW933-ZD,0.9828,1,1,WW933ZD,WW933ZD
2025-07-26_15-53-06-831_AA656FQ-FRA.jpg,AA-656-FQ,AA-656-FQ,0.9992,1,1,AA656FQ,AA656FQ
2025-07-26_11-50-07-117_GR503EA-FRA.jpg,GR-503-EA,GR-503-EA,0.9959,1,1,GR503EA,GR503EA
2025-07-26_13-24-20-493_HE984RS-FRA.jpg,HE-984-RS,HE-984-RS,0.9997,1,1,HE984RS,HE984RS
2025-07-26_11-25-54-067_GS157ZJ-FRA.jpg,GS-157-ZJ,GS-157-ZJ,0.9940,1,1,GS157ZJ,GS157ZJ
2025-07-26_16-29-26-364_GW555YG-FRA.jpg,GW-555-YG,GW-555-YG,0.9990,1,1,GW555YG,GW555YG
2025-07-26_09-27-12-991_BQ357RW-FRA.jpg,BQ-357-RW,BQ-357-RW,0.9994,1,1,BQ357RW,BQ357RW
2025-07-26_14-21-44-786_DV598TF-FRA.jpg,DV-598-TF,DV-598-TF,0.9999,1,1,DV598TF,DV598TF
2025-07-26_10-53-55-467_HA773BG-FRA.jpg,HA-773-BG,HA-773-BG,0.9999,1,1,HA773BG,HA773BG
2025-07-26_12-26-13-059_DC037GL-FRA.jpg,DC-037-GL,DC-037-GL,0.9983,1,1,DC037GL,DC037GL
2025-07-26_13-26-57-986_EJ262PW-FRA.jpg,EJ-262-PW,EJ-262-PW,0.9999,1,1,EJ262PW,EJ262PW
2025-07-26_12-10-57-565_CQ661HG-FRA.jpg,CQ-661-HG,CQ-661-HG,1.0000,1,1,CQ661HG,CQ661HG
2025-07-26_11-43-52-714_GZ970WT-FRA.jpg,GZ-970-WT,GZ-970-WT,1.0000,1,1,GZ970WT,GZ970WT
2025-07-26_10-22-14-135_GD238CK-FRA.jpg,GD-238.CK,GD-238.CK,0.9998,1,1,GD238CK,GD238CK
2025-07-26_11-47-26-421_CS408KF-FRA.jpg,CS-408-KF,CS-408-KF,0.9999,1,1,CS408KF,CS408KF
2025-07-26_10-58-45-147_GQ063SL-FRA.jpg,GQ-063-SL,GQ-063-SL,1.0000,1,1,GQ063SL,GQ063SL
2025-07-26_11-07-56-196_EW324NZ-FRA.jpg,EW-324-NZ,EW-324-NZ,0.9387,1,1,EW324NZ,EW324NZ
2025-07-26_18-23-53-569_FL617XN-FRA.jpg,FL-617-XN,FL-617-XN,0.9879,1,1,FL617XN,FL617XN
2025-07-26_10-17-44-748_EL402YF-FRA.jpg,EL-402-YF,EL-402-YF,0.9675,1,1,EL402YF,EL402YF
2025-07-26_11-22-03-012_EJ448LC-FRA.jpg,EJ-448-LC.,EJ-448-LC.,0.9999,1,1,EJ448LC,EJ448LC
2025-07-26_11-24-37-747_GR040VT-FRA.jpg,GR-040-VT.,GR-040-VT.,0.9998,1,1,GR040VT,GR040VT
2025-07-26_12-39-21-480_CN866EY-FRA.jpg,CN-866-EY,CN-866-EY,0.9999,1,1,CN866EY,CN866EY
2025-07-26_10-21-07-499_GJ972NV-FRA.jpg,GJ-972-NV,GJ-972-NV,0.9998,1,1,GJ972NV,GJ972NV
2025-07-26_11-36-21-856_BB217KW-FRA.jpg,BB-217-KW,BB-217-KW,0.9998,1,1,BB217KW,BB217KW
2025-07-26_11-19-48-260_GA461RN-FRA.jpg,GA-461-RN,GA-461-RN,0.9691,1,1,GA461RN,GA461RN
2025-07-26_14-25-25-941_FA389HM-FRA.jpg,FA-389-HM.,FA-389-HM.,0.9414,1,1,FA389HM,FA389HM
2025-07-26_13-09-28-611_CD524KY-FRA.jpg,CD-524-KY,CD-524-KY,0.9993,1,1,CD524KY,CD524KY
2025-07-26_12-30-26-639_DK926NV-FRA.jpg,DK-926-NV,DK-926-NV,0.9708,1,1,DK926NV,DK926NV
2025-07-26_13-08-51-500_DY296JV-FRA.jpg,DY-296-JV,DY-296-JV,0.9998,1,1,DY296JV,DY296JV
2025-07-26_17-09-40-565_AD455FD-FRA.jpg,AD-455-FD,AD-455-FD,0.9999,1,1,AD455FD,AD455FD
2025-07-26_11-08-16-597_EH205YK-FRA.jpg,EH-205-YK,EH-205-YK,0.9999,1,1,EH205YK,EH205YK
2025-07-26_09-10-24-195_DS640NA-FRA.jpg,DS-640-NA,DS-640-NA,1.0000,1,1,DS640NA,DS640NA
2025-07-26_13-05-24-668_DB410MA-FRA.jpg,DB-410-MA,DB-410-MA,0.9937,1,1,DB410MA,DB410MA
2025-07-26_11-39-10-980_BT611BM-FRA.jpg,BT.611.BM,BT.611.BM,0.9990,1,1,BT611BM,BT611BM
2025-07-26_12-05-24-969_DF961RF-FRA.jpg,DF-961-RF,DF-961-RF,0.9959,1,1,DF961RF,DF961RF
2025-07-26_14-23-05-148_GW586GA-FRA.jpg,GW-586-GA,GW-586-GA,0.9995,1,1,GW586GA,GW586GA
2025-07-26_11-26-28-605_EK993XJ-FRA.jpg,.EK-993-XJ,.EK-993-XJ,0.9976,1,1,EK993XJ,EK993XJ
2025-07-26_09-41-23-883_FF535CE-FRA.jpg,FF-535-CE,FF-535-CE,0.9600,1,1,FF535CE,FF535CE
2025-07-26_15-24-25-308_HA976PZ-FRA.jpg,HA-976-PZ,HA-976-PZ,0.9968,1,1,HA976PZ,HA976PZ
2025-07-26_09-53-50-607_GR912SR-FRA.jpg,GR912SR,GR912SR,1.0000,1,1,GR912SR,GR912SR
2025-07-26_15-23-09-717_HE782NT-FRA.jpg,HE-782-NT.,HE-782-NT.,0.9497,1,1,HE782NT,HE782NT
2025-07-26_10-41-15-950_FQ651TZ-FRA.jpg,FQ-651-TZ,FQ-651-TZ,1.0000,1,1,FQ651TZ,FQ651TZ
2025-07-26_16-41-22-193_AW041NQ-FRA.jpg,AW-041-NQ,AW-041-NQ,0.9996,1,1,AW041NQ,AW041NQ
2025-07-26_09-21-22-423_EM347EH-FRA.jpg,EM-347-EH,EM-347-EH,0.9993,1,1,EM347EH,EM347EH
2025-07-26_09-40-38-399_AZ446QX-FRA.jpg,AZ-446-QX,AZ-446-QX,0.9999,1,1,AZ446QX,AZ446QX
2025-07-26_13-11-16-771_615TN89-FRA.jpg,615TN89,615TN89,0.9858,1,1,615TN89,615TN89
2025-07-26_12-56-38-987_FM427SZ-FRA.jpg,FM-427-SZ,FM-427-SZ,0.9989,1,1,FM427SZ,FM427SZ
2025-07-26_10-29-45-899_DV038FY-FRA.jpg,DV-038-FY.,DV-038-FY.,0.9615,1,1,DV038FY,DV038FY
2025-07-26_09-39-22-977_BG158LK-FRA.jpg,.BG-158-LK.,.BG-158-LK.,0.9785,1,1,BG158LK,BG158LK
2025-07-26_14-11-24-269_AS611WN-FRA.jpg,AS-611-WN,AS-611-WN,0.9387,1,1,AS611WN,AS611WN
2025-07-26_10-52-28-369_CF465ZM-FRA.jpg,CF-465-ZM,CF-465-ZM,1.0000,1,1,CF465ZM,CF465ZM
2025-07-26_09-06-39-133_GD242ED-FRA.jpg,GD.242.ED,GD.242.ED,0.9993,1,1,GD242ED,GD242ED
2025-07-26_11-51-50-653_FB648KL-FRA.jpg,FB-648-KL,FB-648-KL,1.0000,1,1,FB648KL,FB648KL
2025-07-26_11-35-15-004_BQ875PN-FRA.jpg,BQ-875-PN,BQ-875-PN,0.9392,1,1,BQ875PN,BQ875PN
2025-07-26_10-59-19-335_BL119FN-FRA.jpg,BL-119-FN,BL-119-FN,0.9998,1,1,BL119FN,BL119FN
2025-07-26_10-39-23-430_EE059AX-FRA.jpg,EE-059-AX,EE-059-AX,0.9993,1,1,EE059AX,EE059AX
2025-07-26_11-35-56-939_AJ926AY-FRA.jpg,AJ-926-AY,AJ-926-AY,1.0000,1,1,AJ926AY,AJ926AY
2025-07-26_11-14-48-483_BH156GJ-FRA.jpg,BH-156-GJ,BH-156-GJ,0.9939,1,1,BH156GJ,BH156GJ
2025-07-26_15-35-22-332_BM433KF-FRA.jpg,BM-433-KF,BM-433-KF,0.9997,1,1,BM433KF,BM433KF
2025-07-26_13-19-56-289_CX346HY-FRA.jpg,CX-346-HY,CX-346-HY,1.0000,1,1,CX346HY,CX346HY
2025-07-26_16-18-14-352_GD109WS-FRA.jpg,GD109WS,GD109WS,1.0000,1,1,GD109WS,GD109WS
2025-07-26_14-33-37-394_FX883KP-FRA.jpg,FX-883-KP,FX-883-KP,1.0000,1,1,FX883KP,FX883KP
2025-07-26_13-08-54-940_ET100ZD-FRA.jpg,ET-100-ZD,ET-100-ZD,0.9997,1,1,ET100ZD,ET100ZD
2025-07-26_10-22-21-568_GS903JC-FRA.jpg,GS903JC,GS903JC,1.0000,1,1,GS903JC,GS903JC
2025-07-26_12-10-14-105_AD397QE-FRA.jpg,AD-397-QE,AD-397-QE,0.9999,1,1,AD397QE,AD397QE
2025-07-26_10-50-59-305_ED894LJ-FRA.jpg,ED-894-LJ,ED-894-LJ,1.0000,1,1,ED894LJ,ED894LJ
2025-07-26_10-33-12-538_BJ831VL-FRA.jpg,BJ-831-VL.,BJ-831-VL.,1.0000,1,1,BJ831VL,BJ831VL
2025-07-26_12-39-36-281_EH850SJ-FRA.jpg,EH-850-SJ,EH-850-SJ,1.0000,1,1,EH850SJ,EH850SJ
2025-07-26_10-36-50-077_FY487HA-FRA.jpg,FY-487-HA,FY-487-HA,0.9996,1,1,FY487HA,FY487HA
2025-07-26_09-52-19-772_DH066AG-FRA.jpg,DH-066-AG,DH-066-AG,1.0000,1,1,DH066AG,DH066AG
2025-07-26_09-59-28-695_GD886QK-FRA.jpg,GD886QK,GD886QK,1.0000,1,1,GD886QK,GD886QK
2025-07-26_10-32-05-134_DL610PH-FRA.jpg,DL-610-PH,DL-610-PH,1.0000,1,1,DL610PH,DL610PH
2025-07-26_09-22-49-616_DS158MM-FRA.jpg,DS-158-MM,DS-158-MM,0.9933,1,1,DS158MM,DS158MM
2025-07-26_09-51-09-814_FZ329BB-FRA.jpg,FZ-329-BB,FZ-329-BB,0.9735,1,1,FZ329BB,FZ329BB
2025-07-26_09-06-41-990_BH948KN-FRA.jpg,BH-948-KN,BH-948-KN,0.9928,1,1,BH948KN,BH948KN
2025-07-26_16-51-46-283_EF139DC-FRA.jpg,EF-139-DC,EF-139-DC,0.9591,1,1,EF139DC,EF139DC
2025-07-26_12-41-18-356_BR186NW-FRA.jpg,BR-186-NW,BR-186-NW,1.0000,1,1,BR186NW,BR186NW
2025-07-26_12-57-15-957_CZ143DW-FRA.jpg,CZ-143-DW.,CZ-143-DW.,0.9446,1,1,CZ143DW,CZ143DW
2025-07-26_12-55-37-308_DZ078RD-FRA.jpg,DZ-078-RD,DZ-078-RD,0.9930,1,1,DZ078RD,DZ078RD
2025-07-26_15-07-43-988_BR725VE-FRA.jpg,BR-725-VE,BR-725-VE,0.9989,1,1,BR725VE,BR725VE
2025-07-26_12-49-10-575_ES663RW-FRA.jpg,ES-663-RW,ES-663-RW,0.9999,1,1,ES663RW,ES663RW
2025-07-26_16-08-32-590_EV466FL-FRA.jpg,EV-466-FL.,EV-466-FL.,0.9999,1,1,EV466FL,EV466FL
2025-07-26_10-04-10-838_FE301FV-FRA.jpg,FE-301-FV.,FE-301-FV.,1.0000,1,1,FE301FV,FE301FV
2025-07-26_12-56-23-238_AW763AL-FRA.jpg,AW-763-AL,AW-763-AL,1.0000,1,1,AW763AL,AW763AL
2025-07-26_16-29-16-650_GT179NS-FRA.jpg,GT-179-NS,GT-179-NS,0.9997,1,1,GT179NS,GT179NS
2025-07-26_10-25-52-915_EH758MW-FRA.jpg,EH-758-MW,EH-758-MW,0.9971,1,1,EH758MW,EH758MW
2025-07-26_11-43-50-254_AZ952DF-FRA.jpg,AZ-952-DF,AZ-952-DF,0.9958,1,1,AZ952DF,AZ952DF
2025-07-26_11-32-09-994_CZ537EA-FRA.jpg,CZ-537-EA,CZ-537-EA,0.9998,1,1,CZ537EA,CZ537EA
2025-07-26_10-26-53-992_FB283NV-FRA.jpg,FB-283-NV,FB-283-NV,0.9851,1,1,FB283NV,FB283NV
2025-07-26_11-44-05-921_FA832AQ-FRA.jpg,FA-832-AQ,FA-832-AQ,0.9858,1,1,FA832AQ,FA832AQ
2025-07-26_10-05-20-121_AC696LR-FRA.jpg,AC696LR,AC696LR,0.9999,1,1,AC696LR,AC696LR
2025-07-26_10-31-54-582_CQ425RF-FRA.jpg,CQ-425RF,CQ-425RF,0.9598,1,1,CQ425RF,CQ425RF
2025-07-26_10-54-27-343_GC159NT-FRA.jpg,GC-159-NT,GC-159-NT,0.9991,1,1,GC159NT,GC159NT
2025-07-26_18-02-26-768_GX006PN-FRA.jpg,GX-006-PN,GX-006-PN,0.9999,1,1,GX006PN,GX006PN
2025-07-26_10-31-54-000_EC801RT-FRA.jpg,EC-801-RT,EC-801-RT,1.0000,1,1,EC801RT,EC801RT
2025-07-26_12-11-06-113_BA438BC-FRA.jpg,BA-438-BC,BA-438-BC,0.9958,1,1,BA438BC,BA438BC
2025-07-26_12-31-18-640_ER250NZ-FRA.jpg,ER-250-NZ,ER-250-NZ,0.9677,1,1,ER250NZ,ER250NZ
2025-07-26_13-06-52-671_GY384BY-FRA.jpg,GY-384-BY,GY-384-BY,0.9932,1,1,GY384BY,GY384BY
2025-07-26_13-32-18-611_FY821CR-FRA.jpg,FY.821.CR,FY.821.CR,0.9569,1,1,FY821CR,FY821CR
2025-07-26_15-27-45-446_GP999GZ-FRA.jpg,GP.999-GZ,GP.999-GZ,0.9970,1,1,GP999GZ,GP999GZ
2025-07-26_14-12-56-643_EK786AN-FRA.jpg,EK-786-AN,EK-786-AN,1.0000,1,1,EK786AN,EK786AN
2025-07-26_09-26-53-071_DH439GR-FRA.jpg,DH-439-GR,DH-439-GR,0.9999,1,1,DH439GR,DH439GR
2025-07-26_10-30-23-047_GW072QP-FRA.jpg,GW-072-QP,GW-072-QP,0.9999,1,1,GW072QP,GW072QP
2025-07-26_09-57-40-188_FB504BJ-FRA.jpg,FB-504-BJ.,FB-504-BJ.,0.9792,1,1,FB504BJ,FB504BJ
2025-07-26_09-28-47-444_CS511WB-FRA.jpg,CS-511-WB.,CS-511-WB.,0.9971,1,1,CS511WB,CS511WB
2025-07-26_11-52-00-016_BW330WD-FRA.jpg,BW-330-WD,BW-330-WD,1.0000,1,1,BW330WD,BW330WD
2025-07-26_14-52-13-651_GL254WL-FRA.jpg,GL-254-WL,GL-254-WL,0.9392,1,1,GL254WL,GL254WL
2025-07-26_09-05-09-614_BS870DK-FRA.jpg,BS-870-DK,BS-870-DK,0.9591,1,1,BS870DK,BS870DK
2025-07-26_14-50-15-061_HB760SK-FRA.jpg,HB-760-SK,HB-760-SK,0.9789,1,1,HB760SK,HB760SK
2025-07-26_10-59-58-047_AV537EN-FRA.jpg,AV-537-EN,AV-537-EN,1.0000,1,1,AV537EN,AV537EN
2025-07-26_12-15-56-548_AN092SE-FRA.jpg,AN-092-SE,AN-092-SE,0.9999,1,1,AN092SE,AN092SE
2025-07-26_09-26-36-256_DN759WG-FRA.jpg,DN-759-WG,DN-759-WG,0.9982,1,1,DN759WG,DN759WG
2025-07-26_11-11-05-938_BN538JQ-FRA.jpg,BN-538-JQ,BN-538-JQ,1.0000,1,1,BN538JQ,BN538JQ
2025-07-26_13-23-07-241_DQ580NL-FRA.jpg,DQ-580-NL.,DQ-580-NL.,0.9707,1,1,DQ580NL,DQ580NL
2025-07-26_09-06-38-291_HA785NH-FRA.jpg,HA-785-NH,HA-785-NH,1.0000,1,1,HA785NH,HA785NH
2025-07-26_17-48-08-672_GT171XT-FRA.jpg,GT-171-XT.,GT-171-XT.,0.9983,1,1,GT171XT,GT171XT
2025-07-26_15-58-14-598_DR089VA-FRA.jpg,DR-089-VA,DR-089-VA,0.9824,1,1,DR089VA,DR089VA
2025-07-26_12-43-45-128_FX328DY-FRA.jpg,FX-328-DY,FX-328-DY,0.9998,1,1,FX328DY,FX328DY
2025-07-26_13-05-17-058_AA426QD-FRA.jpg,AA-426-QD,AA-426-QD,1.0000,1,1,AA426QD,AA426QD
2025-07-26_11-20-31-870_AG972RP-FRA.jpg,AG-972-RP,AG-972-RP,1.0000,1,1,AG972RP,AG972RP
2025-07-26_12-41-48-182_FX122LY-FRA.jpg,FX-122-LY,FX-122-LY,0.9849,1,1,FX122LY,FX122LY
2025-07-26_10-47-31-367_EX713HM-FRA.jpg,EX-713-HM,EX-713-HM,0.9972,1,1,EX713HM,EX713HM
2025-07-26_16-09-29-665_GZ763TW-FRA.jpg,GZ-763-TW,GZ-763-TW,1.0000,1,1,GZ763TW,GZ763TW
2025-07-26_10-50-50-489_DC366XM-FRA.jpg,DC-366-XM,DC-366-XM,0.9987,1,1,DC366XM,DC366XM
2025-07-26_12-35-52-599_BR212AE-FRA.jpg,BR-212-AE,BR-212-AE,0.9868,1,1,BR212AE,BR212AE
2025-07-26_11-26-26-785_EK993XJ-FRA.jpg,EK-993-XJ,EK-993-XJ,1.0000,1,1,EK993XJ,EK993XJ
2025-07-26_16-42-35-602_DS723EN-FRA.jpg,DS.723.EN,DS.723.EN,0.9467,1,1,DS723EN,DS723EN
2025-07-26_10-23-27-019_CQ758GD-FRA.jpg,CQ-758-GD,CQ-758-GD,1.0000,1,1,CQ758GD,CQ758GD
2025-07-26_09-18-23-311_DQ584GA-FRA.jpg,DQ584GA,DQ584GA,0.9827,1,1,DQ584GA,DQ584GA
2025-07-26_10-16-50-439_BY245EG-FRA.jpg,BY-245-EG,BY-245-EG,0.9982,1,1,BY245EG,BY245EG
2025-07-26_15-56-23-455_FW351SM-FRA.jpg,FW-351-SM,FW-351-SM,0.9999,1,1,FW351SM,FW351SM
2025-07-26_18-12-45-055_EA065ZF-FRA.jpg,EA-065-ZF,EA-065-ZF,0.9657,1,1,EA065ZF,EA065ZF
2025-07-26_11-25-15-751_FE528EA-FRA.jpg,FE-528-EA,FE-528-EA,0.9994,1,1,FE528EA,FE528EA
2025-07-26_10-26-46-172_GL252PV-FRA.jpg,GL-252-PV.,GL-252-PV.,0.9989,1,1,GL252PV,GL252PV
2025-07-26_10-57-07-477_FX708AQ-FRA.jpg,FX-708-AQ,FX-708-AQ,1.0000,1,1,FX708AQ,FX708AQ
2025-07-26_11-05-32-659_CJ644MY-FRA.jpg,CJ-644-MY,CJ-644-MY,1.0000,1,1,CJ644MY,CJ644MY
2025-07-26_10-07-45-301_GW230PR-FRA.jpg,GW-230-PR,GW-230-PR,0.9996,1,1,GW230PR,GW230PR
2025-07-26_16-39-37-173_DF337CF-FRA.jpg,DF-337-CF,DF-337-CF,0.9999,1,1,DF337CF,DF337CF
2025-07-26_10-17-25-135_AA793GJ-FRA.jpg,AA-793-GJ,AA-793-GJ,0.9988,1,1,AA793GJ,AA793GJ
2025-07-26_12-37-18-106_CQ316FG-FRA.jpg,.CQ-316-FG,.CQ-316-FG,1.0000,1,1,CQ316FG,CQ316FG
2025-07-26_10-28-31-760_DC366XM-FRA.jpg,DC-366-XM,DC-366-XM,1.0000,1,1,DC366XM,DC366XM
2025-07-26_17-34-20-457_CX834AW-FRA.jpg,CX-834-AW,CX-834-AW,0.9995,1,1,CX834AW,CX834AW
2025-07-26_10-32-35-697_DN440CK-FRA.jpg,DN-440-CK,DN-440-CK,0.9995,1,1,DN440CK,DN440CK
2025-07-26_13-08-59-938_FN075DC-FRA.jpg,FN-075-DC,FN-075-DC,0.9996,1,1,FN075DC,FN075DC
2025-07-26_09-19-20-619_HC372CL-FRA.jpg,HC-372-CL,HC-372-CL,0.9966,1,1,HC372CL,HC372CL
2025-07-26_11-26-56-812_DR902NF-FRA.jpg,DR-902-NF.,DR-902-NF.,1.0000,1,1,DR902NF,DR902NF
2025-07-26_17-51-19-557_DW724HR-FRA.jpg,DW-724-HR,DW-724-HR,0.9850,1,1,DW724HR,DW724HR
2025-07-26_11-34-39-195_FR733LB-FRA.jpg,FR-733-LB,FR-733-LB,0.9997,1,1,FR733LB,FR733LB
2025-07-26_10-27-49-877_HD764HM-FRA.jpg,HD-764-HM,HD-764-HM,0.9946,1,1,HD764HM,HD764HM
2025-07-26_14-14-57-764_FH177EQ-FRA.jpg,FH.177.EQ.,FH.177.EQ.,0.9854,1,1,FH177EQ,FH177EQ
2025-07-26_11-53-07-617_HB571VT-FRA.jpg,HB-571-VT,HB-571-VT,0.9990,1,1,HB571VT,HB571VT
2025-07-26_10-23-33-799_GH770ZX-FRA.jpg,GH-770-ZX,GH-770-ZX,1.0000,1,1,GH770ZX,GH770ZX
2025-07-26_10-21-44-261_ER610FK-FRA.jpg,ER-610-FK,ER-610-FK,0.9998,1,1,ER610FK,ER610FK
2025-07-26_13-13-07-412_GB057HJ-FRA.jpg,GB-057-HJ,GB-057-HJ,1.0000,1,1,GB057HJ,GB057HJ
2025-07-26_11-18-01-672_GL659HF-FRA.jpg,GL-659-HF.,GL-659-HF.,0.9965,1,1,GL659HF,GL659HF
2025-07-26_13-15-46-882_CP983ZS-FRA.jpg,CP-983-ZS,CP-983-ZS,0.9999,1,1,CP983ZS,CP983ZS
2025-07-26_11-49-45-110_DQ539LA-FRA.jpg,DQ-539-LA,DQ-539-LA,1.0000,1,1,DQ539LA,DQ539LA
2025-07-26_09-18-02-748_BE397FE-FRA.jpg,BE.397.FE,BE.397.FE,1.0000,1,1,BE397FE,BE397FE
2025-07-26_17-27-04-492_GS065RS-FRA.jpg,GS-065-RS,GS-065-RS,0.9755,1,1,GS065RS,GS065RS
2025-07-26_18-15-34-005_FQ936KR-FRA.jpg,FQ-936-KR,FQ-936-KR,0.9983,1,1,FQ936KR,FQ936KR
2025-07-26_13-25-06-597_CZ936MA-FRA.jpg,CZ-936-MA,CZ-936-MA,1.0000,1,1,CZ936MA,CZ936MA
2025-07-26_11-43-47-445_GW584DB-FRA.jpg,GW-584-DB,GW-584-DB,0.9998,1,1,GW584DB,GW584DB
2025-07-26_09-42-07-912_CM209BX-FRA.jpg,CM-209-BX,CM-209-BX,0.9914,1,1,CM209BX,CM209BX
2025-07-26_11-57-14-854_FA103ZX-FRA.jpg,FA-103-ZX,FA-103-ZX,0.9922,1,1,FA103ZX,FA103ZX
2025-07-26_12-48-55-923_DZ027BY-FRA.jpg,DZ-027-BY,DZ-027-BY,1.0000,1,1,DZ027BY,DZ027BY
2025-07-26_10-47-11-402_AA561QZ-FRA.jpg,AA-561-QZ,AA-561-QZ,0.9987,1,1,AA561QZ,AA561QZ
2025-07-26_09-10-12-926_EE710JH-FRA.jpg,EE-710-JH,EE-710-JH,1.0000,1,1,EE710JH,EE710JH
2025-07-26_17-15-41-636_HA208LP-FRA.jpg,HA-208-LP.,HA-208-LP.,0.9999,1,1,HA208LP,HA208LP
2025-07-26_13-05-40-819_EM591FD-FRA.jpg,EM-591-FD,EM-591-FD,1.0000,1,1,EM591FD,EM591FD
2025-07-26_16-12-45-032_DC967WK-FRA.jpg,DC967-WK,DC967-WK,1.0000,1,1,DC967WK,DC967WK
2025-07-26_16-51-25-571_CE147EZ-FRA.jpg,CE-147-EZ,CE-147-EZ,0.9990,1,1,CE147EZ,CE147EZ
2025-07-26_14-46-12-774_AE684PN-FRA.jpg,AE-684-PN,AE-684-PN,0.9999,1,1,AE684PN,AE684PN
2025-07-26_09-02-09-935_FD773VK-FRA.jpg,FD773VK,FD773VK,0.9856,1,1,FD773VK,FD773VK
2025-07-26_12-38-06-925_AS173CQ-FRA.jpg,AS-173-CQ,AS-173-CQ,0.9937,1,1,AS173CQ,AS173CQ
2025-07-26_17-54-00-717_DT162SV-FRA.jpg,DT.162.SV,DT.162.SV,0.9999,1,1,DT162SV,DT162SV
2025-07-26_11-59-26-742_DD219AJ-FRA.jpg,DD-219-AJ,DD-219-AJ,0.9983,1,1,DD219AJ,DD219AJ
2025-07-26_09-57-27-467_BL132HA-FRA.jpg,BL-132-HA,BL-132-HA,1.0000,1,1,BL132HA,BL132HA
2025-07-26_10-48-10-580_CV523XG-FRA.jpg,CV-523-XG,CV-523-XG,0.9741,1,1,CV523XG,CV523XG
2025-07-26_16-32-42-650_CC726GD-FRA.jpg,CC-726-GD,CC-726-GD,0.9974,1,1,CC726GD,CC726GD
2025-07-26_18-20-30-257_FK994WY-FRA.jpg,FK994.WY,FK994.WY,1.0000,1,1,FK994WY,FK994WY
2025-07-26_11-34-10-538_BP764NN-FRA.jpg,BP-764-NN,BP-764-NN,0.9978,1,1,BP764NN,BP764NN
2025-07-26_11-26-01-266_GF026MF-FRA.jpg,GF-026-MF,GF-026-MF,0.9996,1,1,GF026MF,GF026MF
2025-07-26_14-14-55-315_HA569KF-FRA.jpg,HA-569-KF,HA-569-KF,0.9999,1,1,HA569KF,HA569KF
2025-07-26_14-00-00-968_DE405JW-FRA.jpg,DE-405.JW,DE-405.JW,0.9981,1,1,DE405JW,DE405JW
2025-07-26_12-50-05-565_EG080FK-FRA.jpg,EG-080-FK,EG-080-FK,0.9987,1,1,EG080FK,EG080FK
2025-07-26_10-16-52-687_FV723AP-FRA.jpg,FV-723-AP,FV-723-AP,1.0000,1,1,FV723AP,FV723AP
2025-07-26_10-19-26-408_BN247CV-FRA.jpg,BN-247-CV,BN-247-CV,1.0000,1,1,BN247CV,BN247CV
2025-07-26_11-20-15-876_EH677XA-FRA.jpg,EH-677-XA,EH-677-XA,0.9910,1,1,EH677XA,EH677XA
2025-07-26_09-26-15-938_DP761AT-FRA.jpg,DP-761-AT,DP-761-AT,1.0000,1,1,DP761AT,DP761AT
2025-07-26_11-36-53-160_EW214RK-FRA.jpg,EW-214-RK,EW-214-RK,1.0000,1,1,EW214RK,EW214RK
2025-07-26_13-02-15-729_DQ775NV-FRA.jpg,DQ-775-NV,DQ-775-NV,0.9999,1,1,DQ775NV,DQ775NV
2025-07-26_10-20-10-938_BC421NR-FRA.jpg,BC-421-NR,BC-421-NR,0.9913,1,1,BC421NR,BC421NR
2025-07-26_12-41-12-286_BC159QM-FRA.jpg,BC-159-QM,BC-159-QM,0.9953,1,1,BC159QM,BC159QM
2025-07-26_10-55-28-744_EG376WY-FRA.jpg,EG-376-WY,EG-376-WY,0.9763,1,1,EG376WY,EG376WY
2025-07-26_10-42-31-125_EK269XH-FRA.jpg,EK-269-XH,EK-269-XH,0.9998,1,1,EK269XH,EK269XH
2025-07-26_13-56-01-543_GS890LL-FRA.jpg,GS-890-LL.,GS-890-LL.,0.9552,1,1,GS890LL,GS890LL
2025-07-26_14-11-12-893_FN948CQ-FRA.jpg,FN-948-CQ,FN-948-CQ,1.0000,1,1,FN948CQ,FN948CQ
2025-07-26_15-49-19-116_ER605HQ-FRA.jpg,ER-605-HQ,ER-605-HQ,0.9396,1,1,ER605HQ,ER605HQ
2025-07-26_10-19-25-462_AG519XN-FRA.jpg,AG519XN,AG519XN,1.0000,1,1,AG519XN,AG519XN
2025-07-26_11-49-41-116_AF789QX-FRA.jpg,AF-789-QX,AF-789-QX,0.9932,1,1,AF789QX,AF789QX
2025-07-26_13-20-19-078_DH315LA-FRA.jpg,DH-315-LA,DH-315-LA,0.9776,1,1,DH315LA,DH315LA
2025-07-26_18-21-09-423_FW792JX-FRA.jpg,FW-792-JX,FW-792-JX,0.9787,1,1,FW792JX,FW792JX
2025-07-26_09-18-22-331_BD888ZN-FRA.jpg,BD888ZN,BD888ZN,0.9999,1,1,BD888ZN,BD888ZN
2025-07-26_16-16-02-997_GV483SE-FRA.jpg,GV-483-SE,GV-483-SE,1.0000,1,1,GV483SE,GV483SE
2025-07-26_14-50-59-017_BZ126YG-FRA.jpg,BZ.126.YG,BZ.126.YG,0.9945,1,1,BZ126YG,BZ126YG
2025-07-26_13-11-18-291_CG632HL-FRA.jpg,CG-632-HL,CG-632-HL,0.9997,1,1,CG632HL,CG632HL
2025-07-26_11-29-00-803_GR628SB-FRA.jpg,GR-628-SB,GR-628-SB,0.9623,1,1,GR628SB,GR628SB
2025-07-26_13-16-09-782_CX439PW-FRA.jpg,CX-439-PW,CX-439-PW,1.0000,1,1,CX439PW,CX439PW
2025-07-26_12-10-21-531_GZ648AE-FRA.jpg,GZ-648-AE,GZ-648-AE,0.9999,1,1,GZ648AE,GZ648AE
2025-07-26_09-10-23-426_GD658ZC-FRA.jpg,GD-658-ZC,GD-658-ZC,0.9814,1,1,GD658ZC,GD658ZC
2025-07-26_15-01-25-407_ES133WZ-FRA.jpg,ES-133-WZ,ES-133-WZ,1.0000,1,1,ES133WZ,ES133WZ
2025-07-26_13-13-02-792_BB358RS-FRA.jpg,BB-358-RS,BB-358-RS,0.9997,1,1,BB358RS,BB358RS
2025-07-26_10-06-47-333_FJ138QT-FRA.jpg,FJ-138-QT,FJ-138-QT,0.9977,1,1,FJ138QT,FJ138QT
2025-07-26_10-26-05-789_BE874CE-FRA.jpg,BE-874-CE,BE-874-CE,0.9797,1,1,BE874CE,BE874CE
2025-07-26_12-12-55-966_CY549YC-FRA.jpg,CY-549-YC,CY-549-YC,0.9979,1,1,CY549YC,CY549YC
2025-07-26_12-20-36-450_GP678GM-FRA.jpg,GP-678-GM.,GP-678-GM.,0.9991,1,1,GP678GM,GP678GM
2025-07-26_12-55-42-018_FB213SG-FRA.jpg,FB-213-SG,FB-213-SG,0.9960,1,1,FB213SG,FB213SG
2025-07-26_16-09-14-773_GF397GR-FRA.jpg,GF-397-GR,GF-397-GR,0.9886,1,1,GF397GR,GF397GR
2025-07-26_11-10-28-946_EQ640MB-FRA.jpg,EQ-640-MB,EQ-640-MB,1.0000,1,1,EQ640MB,EQ640MB
2025-07-26_11-03-50-567_BJ758FD-FRA.jpg,BJ758FD,BJ758FD,0.9997,1,1,BJ758FD,BJ758FD
2025-07-26_14-10-52-789_AN809HK-FRA.jpg,AN-809-HK,AN-809-HK,0.9950,1,1,AN809HK,AN809HK
2025-07-26_11-11-29-585_DX204PS-FRA.jpg,DX204PS,DX204PS,0.9809,1,1,DX204PS,DX204PS
2025-07-26_15-08-18-087_DG549LN-FRA.jpg,DG-549-LN,DG-549-LN,1.0000,1,1,DG549LN,DG549LN
2025-07-26_11-18-34-109_BC023HH-FRA.jpg,BC-023-HH,BC-023-HH,0.9925,1,1,BC023HH,BC023HH
2025-07-26_16-09-58-001_BY201HC-FRA.jpg,BY-201-HC,BY-201-HC,0.9984,1,1,BY201HC,BY201HC
2025-07-26_11-45-44-920_FX287QQ-FRA.jpg,FX-287-QQ,FX-287-QQ,0.9622,1,1,FX287QQ,FX287QQ
2025-07-26_13-00-56-828_FN528YM-FRA.jpg,FN-528-YM,FN-528-YM,0.9922,1,1,FN528YM,FN528YM
2025-07-26_13-25-53-549_CV816TE-FRA.jpg,CV-816-TE,CV-816-TE,0.9999,1,1,CV816TE,CV816TE
2025-07-26_10-56-24-067_HA204EB-FRA.jpg,HA-204-EB,HA-204-EB,0.9871,1,1,HA204EB,HA204EB
2025-07-26_09-50-18-252_EQ291YA-FRA.jpg,.EQ-291-YA,.EQ-291-YA,0.9966,1,1,EQ291YA,EQ291YA
2025-07-26_10-17-44-974_EA570VB-FRA.jpg,EA-570-VB,EA-570-VB,0.9973,1,1,EA570VB,EA570VB
2025-07-26_12-30-46-209_DK039ZL-FRA.jpg,DK-039-ZL.,DK-039-ZL.,0.9922,1,1,DK039ZL,DK039ZL
2025-07-26_12-30-48-109_GW668HC-FRA.jpg,GW.668HC,GW.668HC,0.9997,1,1,GW668HC,GW668HC
2025-07-26_12-10-18-336_GW928EN-FRA.jpg,GW.928EN,GW.928EN,0.9943,1,1,GW928EN,GW928EN
2025-07-26_14-05-25-198_AE674YY-FRA.jpg,AE-674-YY.,AE-674-YY.,0.9884,1,1,AE674YY,AE674YY
2025-07-26_09-21-30-343_GW415AB-FRA.jpg,GW-415-AB,GW-415-AB,0.9757,1,1,GW415AB,GW415AB
2025-07-26_10-29-54-402_DQ423AY-FRA.jpg,DQ-423-AY,DQ-423-AY,0.9937,1,1,DQ423AY,DQ423AY
2025-07-26_16-09-14-241_FV469CA-FRA.jpg,FV-469-CA,FV-469-CA,0.9981,1,1,FV469CA,FV469CA
2025-07-26_16-57-07-684_GP772JA-FRA.jpg,GP-772-JA,GP-772-JA,0.9906,1,1,GP772JA,GP772JA
2025-07-26_09-04-12-945_BY636VN-FRA.jpg,BY-636-VN,BY-636-VN,0.9999,1,1,BY636VN,BY636VN
2025-07-26_09-31-07-739_CE121HM-FRA.jpg,CE-121-HM,CE-121-HM,0.9999,1,1,CE121HM,CE121HM
2025-07-26_09-20-59-955_ER333VX-FRA.jpg,ER-333-VX,ER-333-VX,0.9997,1,1,ER333VX,ER333VX
2025-07-26_12-58-29-386_CH539PG-FRA.jpg,CH.539.PG,CH.539.PG,1.0000,1,1,CH539PG,CH539PG
2025-07-26_10-05-54-776_CR717BH-FRA.jpg,CR-717-BH,CR-717-BH,1.0000,1,1,CR717BH,CR717BH
2025-07-26_12-05-10-324_DY997TF-FRA.jpg,DY-997-TF,DY-997-TF,1.0000,1,1,DY997TF,DY997TF
2025-07-26_11-30-03-210_ER470YB-FRA.jpg,ER-470-YB,ER-470-YB,0.9999,1,1,ER470YB,ER470YB
2025-07-26_11-46-48-201_AC325YD-FRA.jpg,AC-325-YD,AC-325-YD,0.9971,1,1,AC325YD,AC325YD
2025-07-26_10-58-54-959_FG305TQ-FRA.jpg,.FG-305-TQ.,.FG-305-TQ.,0.9995,1,1,FG305TQ,FG305TQ
2025-07-26_13-25-38-530_DD434AH-FRA.jpg,DD-434-AH,DD-434-AH,0.9971,1,1,DD434AH,DD434AH
2025-07-26_12-35-30-664_BF424KE-FRA.jpg,BF-424-KE,BF-424-KE,0.9989,1,1,BF424KE,BF424KE
2025-07-26_11-41-42-497_FZ213XA-FRA.jpg,FZ-213-XA,FZ-213-XA,0.9468,1,1,FZ213XA,FZ213XA
2025-07-26_14-12-50-201_FY986YE-FRA.jpg,FY-986-YE,FY-986-YE,0.9654,1,1,FY986YE,FY986YE
2025-07-26_14-27-20-982_ED626XT-FRA.jpg,ED-626-XT.,ED-626-XT.,0.9992,1,1,ED626XT,ED626XT
2025-07-26_10-48-13-380_DZ933DA-FRA.jpg,DZ-933-DA,DZ-933-DA,0.9997,1,1,DZ933DA,DZ933DA
2025-07-26_10-40-13-413_AC313FH-FRA.jpg,AC-313-FH,AC-313-FH,1.0000,1,1,AC313FH,AC313FH
2025-07-26_09-26-46-171_GY824NH-FRA.jpg,GY-824-NH,GY-824-NH,0.9927,1,1,GY824NH,GY824NH
2025-07-26_13-20-23-684_BE754XS-FRA.jpg,BE-754-XS,BE-754-XS,1.0000,1,1,BE754XS,BE754XS
2025-07-26_14-14-37-685_DR368AJ-FRA.jpg,DR-368-AJ,DR-368-AJ,0.9638,1,1,DR368AJ,DR368AJ
2025-07-26_13-43-11-482_HD980ED-FRA.jpg,HD-980-ED,HD-980-ED,0.9774,1,1,HD980ED,HD980ED
2025-07-26_11-39-20-880_GA083EZ-FRA.jpg,GA-083-EZ,GA-083-EZ,1.0000,1,1,GA083EZ,GA083EZ
2025-07-26_13-08-55-058_EJ716AD-FRA.jpg,EJ-716-AD,EJ-716-AD,0.9968,1,1,EJ716AD,EJ716AD
2025-07-26_12-49-33-231_FT996PM-FRA.jpg,FT-996-PM.,FT-996-PM.,1.0000,1,1,FT996PM,FT996PM
2025-07-26_11-26-46-934_GY945QJ-FRA.jpg,GY-945-QJ,GY-945-QJ,1.0000,1,1,GY945QJ,GY945QJ
2025-07-26_15-50-16-320_DX578BK-FRA.jpg,DX-578-BK,DX-578-BK,0.9995,1,1,DX578BK,DX578BK
2025-07-26_14-51-53-533_FK433VD-FRA.jpg,FK-433-VD,FK-433-VD,0.9999,1,1,FK433VD,FK433VD
2025-07-26_14-00-51-625_GM037HC-FRA.jpg,GM-037-HC,GM-037-HC,0.9552,1,1,GM037HC,GM037HC
2025-07-26_09-32-42-881_BV637VZ-FRA.jpg,BV.637.VZ,BV.637.VZ,1.0000,1,1,BV637VZ,BV637VZ
2025-07-26_11-49-06-247_DK015HP-FRA.jpg,DK-015-HP,DK-015-HP,0.9999,1,1,DK015HP,DK015HP
2025-07-26_09-32-26-135_AB687SA-FRA.jpg,AB-687-SA,AB-687-SA,0.9999,1,1,AB687SA,AB687SA
2025-07-26_11-15-50-643_AQ636GW-FRA.jpg,AQ636GW,AQ636GW,1.0000,1,1,AQ636GW,AQ636GW
2025-07-26_10-23-01-270_CW282MC-FRA.jpg,CW-282-MC,CW-282-MC,1.0000,1,1,CW282MC,CW282MC
2025-07-26_16-38-00-000_HC404CW-FRA.jpg,HC-404-CW,HC-404-CW,0.9999,1,1,HC404CW,HC404CW
2025-07-26_17-51-07-259_DP923CR-FRA.jpg,DP-923-CR,DP-923-CR,0.9735,1,1,DP923CR,DP923CR
2025-07-26_15-11-16-333_AN587QE-FRA.jpg,AN-587-QE,AN-587-QE,1.0000,1,1,AN587QE,AN587QE
2025-07-26_13-08-56-633_ET100ZD-FRA.jpg,ET-100-ZD,ET-100-ZD,0.9999,1,1,ET100ZD,ET100ZD
2025-07-26_13-09-25-249_FM659DD-FRA.jpg,FM-659-DD,FM-659-DD,0.9872,1,1,FM659DD,FM659DD
2025-07-26_13-13-25-372_CX368JL-FRA.jpg,CX-368-JL.,CX-368-JL.,1.0000,1,1,CX368JL,CX368JL
2025-07-26_14-34-37-391_EP364SW-FRA.jpg,EP-364-SW,EP-364-SW,0.9998,1,1,EP364SW,EP364SW
2025-07-26_15-31-08-374_BH645ZQ-FRA.jpg,BH-645-ZQ,BH-645-ZQ,1.0000,1,1,BH645ZQ,BH645ZQ
2025-07-26_09-38-00-828_FX322EB-FRA.jpg,FX-322-EB,FX-322-EB,1.0000,1,1,FX322EB,FX322EB
2025-07-26_13-13-54-356_GD210LM-FRA.jpg,GD-210-LM,GD-210-LM,0.9790,1,1,GD210LM,GD210LM
2025-07-26_10-23-25-978_CR339XK-FRA.jpg,CR-339-XK,CR-339-XK,0.9999,1,1,CR339XK,CR339XK
2025-07-26_11-37-00-151_EB152AC-FRA.jpg,EB-152-AC,EB-152-AC,1.0000,1,1,EB152AC,EB152AC
2025-07-26_13-14-42-443_GW803BX-FRA.jpg,GW-803-BX,GW-803-BX,0.9999,1,1,GW803BX,GW803BX
2025-07-26_11-57-57-880_GF039NP-FRA.jpg,GF-039-NP,GF-039-NP,1.0000,1,1,GF039NP,GF039NP
2025-07-26_12-49-11-175_FA077VH-FRA.jpg,FA-077-VH,FA-077-VH,1.0000,1,1,FA077VH,FA077VH
2025-07-26_15-48-26-251_AA941FD-FRA.jpg,AA-941-FD,AA-941-FD,0.9998,1,1,AA941FD,AA941FD
2025-07-26_11-47-55-282_CF646DC-FRA.jpg,CF-646-DC,CF-646-DC,1.0000,1,1,CF646DC,CF646DC
2025-07-26_13-05-46-799_EX394LX-FRA.jpg,EX-394-LX,EX-394-LX,1.0000,1,1,EX394LX,EX394LX
2025-07-26_11-28-21-529_BG708XQ-FRA.jpg,BG-708-XQ,BG-708-XQ,1.0000,1,1,BG708XQ,BG708XQ
2025-07-26_10-57-52-469_CE351QB-FRA.jpg,CE-351-QB,CE-351-QB,0.9064,1,1,CE351QB,CE351QB
2025-07-26_12-43-14-461_AC037GQ-FRA.jpg,AC-037-GQ,AC-037-GQ,1.0000,1,1,AC037GQ,AC037GQ
2025-07-26_11-24-11-026_FJ449YP-FRA.jpg,FJ-449-YP,FJ-449-YP,0.9948,1,1,FJ449YP,FJ449YP
2025-07-26_13-18-29-642_DF437CA-FRA.jpg,DF-437-CA.,DF-437-CA.,0.9766,1,1,DF437CA,DF437CA
2025-07-26_09-10-46-058_BD936FQ-FRA.jpg,BD.936-FQ,BD.936-FQ,0.9998,1,1,BD936FQ,BD936FQ
2025-07-26_14-18-03-284_EJ269CE-FRA.jpg,EJ-269-CE,EJ-269-CE,0.9982,1,1,EJ269CE,EJ269CE
2025-07-26_12-18-42-199_EX294NH-FRA.jpg,EX-294-NH,EX-294-NH,0.9818,1,1,EX294NH,EX294NH
2025-07-26_10-31-41-480_FZ889PB-FRA.jpg,FZ-889-PB,FZ-889-PB,1.0000,1,1,FZ889PB,FZ889PB
2025-07-26_15-17-04-870_GS167FH-FRA.jpg,GS-167-FH,GS-167-FH,0.9944,1,1,GS167FH,GS167FH
2025-07-26_11-13-39-444_CG755VV-FRA.jpg,CG-755-VV.,CG-755-VV.,0.9974,1,1,CG755VV,CG755VV
2025-07-26_12-16-47-580_DN156GS-FRA.jpg,DN-156-GS,DN-156-GS,1.0000,1,1,DN156GS,DN156GS
2025-07-26_12-10-24-274_BP433LF-FRA.jpg,BP-433-LF,BP-433-LF,1.0000,1,1,BP433LF,BP433LF
2025-07-26_12-30-29-909_FS027VM-FRA.jpg,FS-027-VM,FS-027-VM,0.9941,1,1,FS027VM,FS027VM
2025-07-26_11-11-03-790_BN538JQ-FRA.jpg,BN-538-JQ,BN-538-JQ,0.9975,1,1,BN538JQ,BN538JQ
2025-07-26_15-04-59-890_EP822CM-FRA.jpg,EP-822-CM,EP-822-CM,0.9999,1,1,EP822CM,EP822CM
2025-07-26_11-55-47-347_DW551VV-FRA.jpg,DW-551-VV,DW-551-VV,0.9895,1,1,DW551VV,DW551VV
2025-07-26_10-07-35-710_FE254VE-FRA.jpg,FE-254-VE,FE-254-VE,1.0000,1,1,FE254VE,FE254VE
2025-07-26_14-15-40-109_BW379PB-FRA.jpg,BW-379-PB,BW-379-PB,1.0000,1,1,BW379PB,BW379PB
2025-07-26_09-36-46-647_EX653ZT-FRA.jpg,EX-653-ZT,EX-653-ZT,1.0000,1,1,EX653ZT,EX653ZT
2025-07-26_14-12-54-756_AC053EF-FRA.jpg,AC-053-EF,AC-053-EF,0.9990,1,1,AC053EF,AC053EF
2025-07-26_15-59-13-360_HC740AP-FRA.jpg,HC-740-AP,HC-740-AP,1.0000,1,1,HC740AP,HC740AP
2025-07-26_13-13-28-035_BE444JN-FRA.jpg,BE-444-JN,BE-444-JN,0.9651,1,1,BE444JN,BE444JN
2025-07-26_09-27-07-576_AC455AC-FRA.jpg,AC-455-AC,AC-455-AC,1.0000,1,1,AC455AC,AC455AC
2025-07-26_18-12-20-946_GK047WH-FRA.jpg,GK-047-WH,GK-047-WH,0.9969,1,1,GK047WH,GK047WH
2025-07-26_14-10-43-614_GL823SP-FRA.jpg,GL-823-SP,GL-823-SP,1.0000,1,1,GL823SP,GL823SP
2025-07-26_12-07-44-244_FB589NL-FRA.jpg,FB-589-NL,FB-589-NL,0.9907,1,1,FB589NL,FB589NL
2025-07-26_12-11-07-656_BA438BC-FRA.jpg,BA-438-BC,BA-438-BC,1.0000,1,1,BA438BC,BA438BC
2025-07-26_14-15-16-583_HB394HA-FRA.jpg,.HB-394-HA,.HB-394-HA,0.9474,1,1,HB394HA,HB394HA
2025-07-26_10-05-27-977_BW191YG-FRA.jpg,BW-191-YG,BW-191-YG,1.0000,1,1,BW191YG,BW191YG
2025-07-26_11-19-52-660_DY242MJ-FRA.jpg,DY-242-MJ,DY-242-MJ,0.9989,1,1,DY242MJ,DY242MJ
2025-07-26_10-56-48-709_DG715DF-FRA.jpg,DG-715-DF,DG-715-DF,1.0000,1,1,DG715DF,DG715DF
2025-07-26_12-12-04-888_BC386TP-FRA.jpg,BC-386-TP,BC-386-TP,1.0000,1,1,BC386TP,BC386TP
2025-07-26_13-30-13-639_GL940QY-FRA.jpg,GL-940-QY,GL-940-QY,0.9924,1,1,GL940QY,GL940QY
2025-07-26_12-17-06-022_FH356XW-FRA.jpg,FH-356-XW,FH-356-XW,0.9998,1,1,FH356XW,FH356XW
2025-07-26_15-39-18-619_FM741CZ-FRA.jpg,FM-741-CZ,FM-741-CZ,1.0000,1,1,FM741CZ,FM741CZ
2025-07-26_16-43-09-250_DK995RF-FRA.jpg,DK-995-RF,DK-995-RF,0.9995,1,1,DK995RF,DK995RF
2025-07-26_16-32-05-784_AT991WJ-FRA.jpg,AT-991-WJ,AT-991-WJ,0.9697,1,1,AT991WJ,AT991WJ
2025-07-26_09-57-56-856_AA982ZJ-FRA.jpg,AA-982-ZJ,AA-982-ZJ,0.9979,1,1,AA982ZJ,AA982ZJ
2025-07-26_12-01-52-622_GB757NY-FRA.jpg,GB-757-NY.,GB-757-NY.,0.9897,1,1,GB757NY,GB757NY
2025-07-26_09-38-24-966_ES165WD-FRA.jpg,ES-165-WD,ES-165-WD,0.9770,1,1,ES165WD,ES165WD
2025-07-26_17-19-51-663_GZ012RG-FRA.jpg,GZ.012.RG,GZ.012.RG,0.9816,1,1,GZ012RG,GZ012RG
2025-07-26_09-18-39-570_AG452NS-FRA.jpg,AG-452-NS,AG-452-NS,0.9635,1,1,AG452NS,AG452NS
2025-07-26_10-40-16-947_EC188GE-FRA.jpg,EC188.GE,EC188.GE,0.9527,1,1,EC188GE,EC188GE
2025-07-26_14-27-12-936_EY977PP-FRA.jpg,EY-977-PP,EY-977-PP,0.9598,1,1,EY977PP,EY977PP
2025-07-26_11-22-03-572_GG508PT-FRA.jpg,GG-508-PT,GG-508-PT,1.0000,1,1,GG508PT,GG508PT
2025-07-26_12-24-45-029_BL923DS-FRA.jpg,BL-923-DS,BL-923-DS,0.9970,1,1,BL923DS,BL923DS
2025-07-26_12-08-29-436_AD451AW-FRA.jpg,AD-451-AW,AD-451-AW,0.9811,1,1,AD451AW,AD451AW
2025-07-26_12-49-09-512_FP259CF-FRA.jpg,FP259CF,FP259CF,1.0000,1,1,FP259CF,FP259CF
2025-07-26_15-48-12-336_GJ065SE-FRA.jpg,GJ-065-SE,GJ-065-SE,0.9991,1,1,GJ065SE,GJ065SE
2025-07-26_09-35-53-289_CJ770NF-FRA.jpg,CJ-770-NF,CJ-770-NF,0.9999,1,1,CJ770NF,CJ770NF
2025-07-26_13-13-24-920_BT662ND-FRA.jpg,BT-662-ND,BT-662-ND,0.9997,1,1,BT662ND,BT662ND
2025-07-26_10-28-13-978_BQ570XQ-FRA.jpg,BQ-570XQ,BQ-570XQ,0.9998,1,1,BQ570XQ,BQ570XQ
2025-07-26_13-07-48-356_EJ278MB-FRA.jpg,EJ-278-MB,EJ-278-MB,0.9740,1,1,EJ278MB,EJ278MB
2025-07-26_13-34-11-078_GG847AQ-FRA.jpg,.GG-847-AQ,.GG-847-AQ,0.9997,1,1,GG847AQ,GG847AQ
2025-07-26_14-28-01-820_GJ521DE-FRA.jpg,GJ-521-DE,GJ-521-DE,0.9890,1,1,GJ521DE,GJ521DE
2025-07-26_11-48-45-442_DR877KQ-FRA.jpg,DR-877-KQ,DR-877-KQ,0.9999,1,1,DR877KQ,DR877KQ
2025-07-26_12-15-47-018_DT483JH-FRA.jpg,DT-483-JH,DT-483-JH,1.0000,1,1,DT483JH,DT483JH
2025-07-26_12-12-59-567_FL778XY-FRA.jpg,FL-778-XY.,FL-778-XY.,0.9978,1,1,FL778XY,FL778XY
2025-07-26_14-22-23-899_CH232BM-FRA.jpg,CH-232-BM,CH-232-BM,0.9996,1,1,CH232BM,CH232BM
2025-07-26_14-25-12-396_FD162YA-FRA.jpg,FD-162-YA,FD-162-YA,0.9697,1,1,FD162YA,FD162YA
2025-07-26_10-12-02-559_GL973AS-FRA.jpg,GL-973-AS,GL-973-AS,0.9969,1,1,GL973AS,GL973AS
2025-07-26_13-07-13-109_FF471JB-FRA.jpg,FF-471-JB,FF-471-JB,0.9999,1,1,FF471JB,FF471JB
2025-07-26_11-08-13-188_EH205YK-FRA.jpg,EH-205-YK,EH-205-YK,1.0000,1,1,EH205YK,EH205YK
2025-07-26_10-27-08-197_BG992AK-FRA.jpg,BG-992-AK,BG-992-AK,0.9426,1,1,BG992AK,BG992AK
2025-07-26_16-10-08-803_EZ839CR-FRA.jpg,EZ-839-CR,EZ-839-CR,0.9997,1,1,EZ839CR,EZ839CR
2025-07-26_09-22-19-920_GD988HV-FRA.jpg,GD-988-HV,GD-988-HV,1.0000,1,1,GD988HV,GD988HV
2025-07-26_09-21-50-203_640CEP06-FRA.jpg,640CEP06,640CEP06,0.9936,1,1,640CEP06,640CEP06
2025-07-26_12-06-06-982_CT068NZ-FRA.jpg,CT-068-NZ,CT-068-NZ,0.9990,1,1,CT068NZ,CT068NZ
2025-07-26_12-15-52-828_HB121TZ-FRA.jpg,HB-121-TZ,HB-121-TZ,0.9932,1,1,HB121TZ,HB121TZ
2025-07-26_10-17-36-578_CR726DD-FRA.jpg,CR-726-DD,CR-726-DD,0.9993,1,1,CR726DD,CR726DD
2025-07-26_12-40-53-841_DW677WA-FRA.jpg,DW.677WA,DW.67WA,0.8917,0,0,DW677WA,DW67WA
2025-07-26_12-13-55-206_CP360GP-FRA.jpg,CP-360-GP,CP-360-GP,0.9941,1,1,CP360GP,CP360GP
2025-07-26_12-08-10-503_FX819VY-FRA.jpg,FX-819-VY.,FX-819-VY.,1.0000,1,1,FX819VY,FX819VY
2025-07-26_14-14-28-944_FQ288BD-FRA.jpg,FQ-288-BD,FQ-288-BD,0.9996,1,1,FQ288BD,FQ288BD
2025-07-26_11-40-36-153_AQ282VC-FRA.jpg,AQ282VC,AQ282VC,1.0000,1,1,AQ282VC,AQ282VC
2025-07-26_11-47-38-603_AP618JD-FRA.jpg,AP-618.JD,AP-618.JD,0.9985,1,1,AP618JD,AP618JD
2025-07-26_14-41-17-904_CJ739JD-FRA.jpg,CJ-739-JD,CJ-739-JD,1.0000,1,1,CJ739JD,CJ739JD
2025-07-26_16-31-26-627_BL119BL-FRA.jpg,BL-119-BL.,BL-119-BL.,0.9971,1,1,BL119BL,BL119BL
2025-07-26_10-31-55-755_CR841QN-FRA.jpg,CR-841-QN,CR-841-QN,0.9999,1,1,CR841QN,CR841QN
2025-07-26_09-55-42-696_944CPP44-FRA.jpg,944CPP44,944CPP44,0.9986,1,1,944CPP44,944CPP44
2025-07-26_12-30-46-521_GW668HC-FRA.jpg,GW.668-HC,GW.668-HC,0.9946,1,1,GW668HC,GW668HC
2025-07-26_14-39-41-073_WW182KE-FRA.jpg,WW-182-KE,WW-182-KE,0.9798,1,1,WW182KE,WW182KE
2025-07-26_14-39-17-723_CT161BL-FRA.jpg,CT-161-BL,CT-161-BL,0.9768,1,1,CT161BL,CT161BL
2025-07-26_17-34-43-730_EG898VW-FRA.jpg,EG-898-VW,EG-898-VW,0.9953,1,1,EG898VW,EG898VW
2025-07-26_10-58-44-974_BY875TW-FRA.jpg,BY-875-TW,BY-875-TW,0.9511,1,1,BY875TW,BY875TW
2025-07-26_09-02-33-969_GT370RM-FRA.jpg,GT-370-RM,GT-370-RM,0.9970,1,1,GT370RM,GT370RM
2025-07-26_10-21-56-515_CF712YH-FRA.jpg,CF-712-YH,CF-712-YH,1.0000,1,1,CF712YH,CF712YH
2025-07-26_12-15-29-656_GF777RX-FRA.jpg,GF-777-RX,GF-777-RX,0.9472,1,1,GF777RX,GF777RX
2025-07-26_09-19-17-499_EL271MJ-FRA.jpg,EL-271-MJ,EL-271-MJ,0.9484,1,1,EL271MJ,EL271MJ
2025-07-26_14-16-40-937_CF293VC-FRA.jpg,CF-293-VC,CF-293-VC,0.9706,1,1,CF293VC,CF293VC
2025-07-26_12-53-54-018_GV875XC-FRA.jpg,GV-875-XC,GV-875-XC,0.9973,1,1,GV875XC,GV875XC
2025-07-26_11-17-43-554_BS509KK-FRA.jpg,BS-509-KK,BS-509-KK,0.9986,1,1,BS509KK,BS509KK
2025-07-26_15-15-34-261_DP052PM-FRA.jpg,DP-052-PM,DP-052-PM,0.9993,1,1,DP052PM,DP052PM
2025-07-26_10-15-39-852_ED135ZS-FRA.jpg,ED-135-ZS,ED-135-ZS,1.0000,1,1,ED135ZS,ED135ZS
2025-07-26_09-51-19-947_FT737NT-FRA.jpg,FT-737-NT.,FT-737-NT.,0.9702,1,1,FT737NT,FT737NT
2025-07-26_10-55-55-193_AB563JR-FRA.jpg,AB-563-JR,AB-563-JR,1.0000,1,1,AB563JR,AB563JR
2025-07-26_15-37-54-564_FT540BH-FRA.jpg,FT-540-BH,FT-540-BH,1.0000,1,1,FT540BH,FT540BH
2025-07-26_13-10-10-901_FR602LN-FRA.jpg,FR-602-LN,FR-602-LN,0.9999,1,1,FR602LN,FR602LN
2025-07-26_12-37-43-025_BE088HE-FRA.jpg,BE088.HE.,BE088.HE.,0.9990,1,1,BE088HE,BE088HE
2025-07-26_14-32-46-517_FL411LR-FRA.jpg,FL-411-LR,FL-411-LR,0.9638,1,1,FL411LR,FL411LR
2025-07-26_14-21-20-763_FE731WM-FRA.jpg,FE-731-WM,FE-731-WM,1.0000,1,1,FE731WM,FE731WM
2025-07-26_13-09-03-169_FN075DC-FRA.jpg,FN075-DC,FN075-DC,1.0000,1,1,FN075DC,FN075DC
2025-07-26_11-35-52-566_BG399ZF-FRA.jpg,BG-399-ZF,BG-399-ZF,0.9480,1,1,BG399ZF,BG399ZF
2025-07-26_12-16-24-159_GZ752AE-FRA.jpg,GZ-752-AE,GZ-752-AE,0.9937,1,1,GZ752AE,GZ752AE
2025-07-26_12-24-11-994_DP910LK-FRA.jpg,DP-910-LK,DP-910-LK,0.9878,1,1,DP910LK,DP910LK
2025-07-26_09-26-51-117_DW663DQ-FRA.jpg,DW-663-DQ,DW-663-DQ,0.9997,1,1,DW663DQ,DW663DQ
2025-07-26_14-45-52-486_EZ800DR-FRA.jpg,EZ-800-DR,EZ-800-DR,0.9995,1,1,EZ800DR,EZ800DR
2025-07-26_10-55-35-354_GF346RX-FRA.jpg,GF-346-RX,GF-346-RX,0.9979,1,1,GF346RX,GF346RX
2025-07-26_11-33-53-670_DE751YP-FRA.jpg,DE-751-YP,DE-751-YP,1.0000,1,1,DE751YP,DE751YP
2025-07-26_14-06-44-714_BF980BK-ITA.jpg,BF-980-BK,BF-980-BK,0.9913,1,1,BF980BK,BF980BK
2025-07-26_18-16-10-485_DM342BM-FRA.jpg,DM-342-BM,DM-342-BM,0.9999,1,1,DM342BM,DM342BM
2025-07-26_12-05-46-549_BA265JM-FRA.jpg,BA-265-JM,BA-265-JM,1.0000,1,1,BA265JM,BA265JM
2025-07-26_09-32-29-224_GC313QN-FRA.jpg,GC-313-QN,GC-313-QN,0.9997,1,1,GC313QN,GC313QN
2025-07-26_14-52-02-413_FV570FE-FRA.jpg,FV-570-FE,FV-570-FE,0.9896,1,1,FV570FE,FV570FE
2025-07-26_16-40-50-837_BF282PC-FRA.jpg,BF-282-PC,BF-282-PC,1.0000,1,1,BF282PC,BF282PC
2025-07-26_12-27-03-396_BR925TR-FRA.jpg,BR-925-TR,BR-925-TR,1.0000,1,1,BR925TR,BR925TR
2025-07-26_10-07-53-172_AQ863RW-FRA.jpg,AQ.863-R/W,AQ.863-R/W,0.9933,1,1,AQ863RW,AQ863RW
2025-07-26_14-21-46-110_DY788MG-FRA.jpg,DY-788-MG,DY-788-MG,0.9999,1,1,DY788MG,DY788MG
2025-07-26_14-28-02-674_CA702SW-FRA.jpg,CA-702-SW,CA-702-SW,1.0000,1,1,CA702SW,CA702SW
2025-07-26_16-51-27-811_DC393AK-FRA.jpg,DC-393-AK,DC-393-AK,0.9995,1,1,DC393AK,DC393AK
2025-07-26_10-53-23-309_AD124ET-FRA.jpg,AD-124-ET,AD-124-ET,0.9997,1,1,AD124ET,AD124ET
2025-07-26_11-17-59-269_DJ971BV-FRA.jpg,DJ-971-BV,DJ-971-BV,0.9959,1,1,DJ971BV,DJ971BV
2025-07-26_16-02-33-777_BW858RE-FRA.jpg,BW-858-RE,BW-858-RE,1.0000,1,1,BW858RE,BW858RE
2025-07-26_09-54-36-042_AJ312KM-FRA.jpg,AJ-312-KM,AJ-312-KM,1.0000,1,1,AJ312KM,AJ312KM
2025-07-26_11-28-26-375_AM245QN-FRA.jpg,AM-245-QN,AM-245-QN,0.9745,1,1,AM245QN,AM245QN
2025-07-26_12-05-21-052_GB837AR-FRA.jpg,GB-837-AR,GB-837-AR,1.0000,1,1,GB837AR,GB837AR
2025-07-26_12-50-58-232_EY082LT-FRA.jpg,EY-082-LT.,EY-082-LT.,0.9760,1,1,EY082LT,EY082LT
2025-07-26_11-20-11-503_HB488YH-FRA.jpg,HB-488-YH,HB-488-YH,0.9931,1,1,HB488YH,HB488YH
2025-07-26_10-05-34-969_690BYZ95-FRA.jpg,690BYZ95,690BYZ95,0.9999,1,1,690BYZ95,690BYZ95
2025-07-26_13-12-19-219_EW634BB-FRA.jpg,EW-634-BB,EW-634-BB,0.9791,1,1,EW634BB,EW634BB
2025-07-26_09-05-40-878_FR857WC-FRA.jpg,FR-857-WC,FR-857-WC,1.0000,1,1,FR857WC,FR857WC
2025-07-26_12-38-30-320_EC388JZ-FRA.jpg,EC-388-JZ,EC-388-JZ,0.9979,1,1,EC388JZ,EC388JZ
2025-07-26_11-48-30-698_GX368FQ-FRA.jpg,GX-368-FQ,GX-368-FQ,0.9998,1,1,GX368FQ,GX368FQ
2025-07-26_12-19-52-487_CD678NY-FRA.jpg,CD-678-NY,CD-678-NY,1.0000,1,1,CD678NY,CD678NY
2025-07-26_10-22-12-797_GJ966KH-FRA.jpg,GJ966KH,GJ966KH,0.9996,1,1,GJ966KH,GJ966KH
2025-07-26_13-17-48-194_GN123YP-FRA.jpg,GN-123-YP,GN-123-YP,1.0000,1,1,GN123YP,GN123YP
2025-07-26_15-53-52-242_GX258WG-FRA.jpg,GX.258WG,GX.258WG,0.9987,1,1,GX258WG,GX258WG
2025-07-26_10-29-41-479_BK371ED-FRA.jpg,BK-371-ED,BK-371-ED,0.9962,1,1,BK371ED,BK371ED
2025-07-26_09-10-27-860_AZ126DS-FRA.jpg,AZ-126-DS,AZ-126-DS,1.0000,1,1,AZ126DS,AZ126DS
2025-07-26_12-26-12-207_CK254FL-FRA.jpg,CK-254-FL.,CK-254-FL.,0.9998,1,1,CK254FL,CK254FL
2025-07-26_09-51-24-434_AN694KF-FRA.jpg,AN-694-KF,AN-694-KF,1.0000,1,1,AN694KF,AN694KF
2025-07-26_09-41-21-163_CQ347WC-FRA.jpg,CQ-347-WC,CQ-347-WC,0.9999,1,1,CQ347WC,CQ347WC
2025-07-26_14-52-04-837_EW468SH-FRA.jpg,EW-468-SH,EW-468-SH,0.9998,1,1,EW468SH,EW468SH
2025-07-26_10-14-19-019_EN519VA-FRA.jpg,EN-519-VA,EN-519-VA,0.9997,1,1,EN519VA,EN519VA
2025-07-26_10-04-32-149_FS270QY-FRA.jpg,FS-270-QY,FS-270-QY,0.9994,1,1,FS270QY,FS270QY
2025-07-26_09-26-35-492_CD279EW-FRA.jpg,CD-279-EW,CD-279-EW,1.0000,1,1,CD279EW,CD279EW
2025-07-26_13-28-42-131_GB057GG-FRA.jpg,GB-057-GG,GB-057-GG,0.9542,1,1,GB057GG,GB057GG
2025-07-26_11-09-56-310_GW503GS-FRA.jpg,GW-503-GS,GW-503-GS,0.9955,1,1,GW503GS,GW503GS
2025-07-26_09-49-13-631_CZ839JL-FRA.jpg,CZ-839-JL.,CZ-839-JL.,1.0000,1,1,CZ839JL,CZ839JL
2025-07-26_17-49-54-017_GR791BW-FRA.jpg,GR.791.BW,GR.791.BW,0.9983,1,1,GR791BW,GR791BW
2025-07-26_16-50-12-809_GP232YF-FRA.jpg,GP-232-YF,GP-232-YF,0.9997,1,1,GP232YF,GP232YF
2025-07-26_13-36-17-269_EY512ZZ-FRA.jpg,EY-512-ZZ,EY-512-ZZ,0.9992,1,1,EY512ZZ,EY512ZZ
2025-07-26_18-07-45-890_GN703VG-FRA.jpg,GN-703-VG.,GN-703-VG.,0.9970,1,1,GN703VG,GN703VG
2025-07-26_11-33-30-693_FT274KJ-FRA.jpg,FT-274-KJ,FT-274-KJ,1.0000,1,1,FT274KJ,FT274KJ
2025-07-26_12-50-02-015_DD798AY-FRA.jpg,DD798AY,DD798AY,1.0000,1,1,DD798AY,DD798AY
2025-07-26_12-16-42-809_DM179NE-FRA.jpg,DM-179-NE,DM-179-NE,1.0000,1,1,DM179NE,DM179NE
2025-07-26_12-12-42-246_FP832AT-FRA.jpg,FP-832-AT,FP-832-AT,0.9981,1,1,FP832AT,FP832AT
2025-07-26_11-56-08-675_HC193YP-FRA.jpg,HC-193-YP,HC-193-YP,0.9554,1,1,HC193YP,HC193YP
2025-07-26_16-13-25-319_AR237DH-FRA.jpg,AR-237-DH,AR-237-DH,0.9999,1,1,AR237DH,AR237DH
2025-07-26_17-26-00-169_FD308ED-FRA.jpg,FD-308-ED,FD-308-ED,0.9999,1,1,FD308ED,FD308ED
2025-07-26_11-49-04-213_DK015HP-FRA.jpg,DK-015-HP.,DK-015-HP.,0.9969,1,1,DK015HP,DK015HP
2025-07-26_12-37-30-265_DM160LX-FRA.jpg,DM-160-LX,DM-160-LX,0.9997,1,1,DM160LX,DM160LX
2025-07-26_11-01-32-372_HB458YZ-FRA.jpg,HB-458-YZ,HB-458-YZ,0.9999,1,1,HB458YZ,HB458YZ
2025-07-26_13-33-29-315_FT351NB-FRA.jpg,FT351NB,FT351NB,0.9999,1,1,FT351NB,FT351NB
2025-07-26_10-21-31-366_FP932KY-FRA.jpg,FP-932-KY,FP-932-KY,0.9996,1,1,FP932KY,FP932KY
2025-07-26_11-25-02-686_DX071SV-FRA.jpg,DX-071-SV,DX-071-SV,0.9983,1,1,DX071SV,DX071SV
2025-07-26_14-39-47-067_HB665RT-FRA.jpg,HB-665-RT,HB-665-RT,0.9574,1,1,HB665RT,HB665RT
2025-07-26_11-11-58-400_GS961RA-FRA.jpg,GS.961.RA,GS.961.RA,0.9505,1,1,GS961RA,GS961RA
2025-07-26_12-05-41-605_BJ082XD-FRA.jpg,BJ-082-XD,BJ-082-XD,0.9454,1,1,BJ082XD,BJ082XD
2025-07-26_18-17-35-772_GH293YA-FRA.jpg,GH-293-YA,GH-293-YA,0.9991,1,1,GH293YA,GH293YA
2025-07-26_10-07-32-669_GN779XV-FRA.jpg,GN-779-XV,GN-779-XV,0.9970,1,1,GN779XV,GN779XV
2025-07-26_11-58-42-972_FT520SE-FRA.jpg,FT-520-SE,FT-520-SE,0.9987,1,1,FT520SE,FT520SE
2025-07-26_14-46-25-108_DW363QA-FRA.jpg,DW-363-QA,DW-363-QA,0.9998,1,1,DW363QA,DW363QA
2025-07-26_16-55-14-732_BE209JV-FRA.jpg,BE-209-JV,BE-209-JV,0.9976,1,1,BE209JV,BE209JV
2025-07-26_11-11-06-691_HD107JJ-FRA.jpg,HD-107-JJ,HD-107-JJ,0.9866,1,1,HD107JJ,HD107JJ
2025-07-26_16-54-05-783_HB068VA-FRA.jpg,HB-068-VA,HB-068-VA,0.9890,1,1,HB068VA,HB068VA
2025-07-26_12-24-45-709_CM942GR-FRA.jpg,CM-942-GR,CM-942-GR,1.0000,1,1,CM942GR,CM942GR
2025-07-26_09-52-38-059_DZ752BF-FRA.jpg,DZ-752-BF,DZ-752-BF,0.9824,1,1,DZ752BF,DZ752BF
2025-07-26_12-48-02-387_FA034VZ-FRA.jpg,FA-034-VZ,FA-034-VZ,1.0000,1,1,FA034VZ,FA034VZ
2025-07-26_13-11-28-517_AP643EW-FRA.jpg,AP-643-EW,AP-643-EW,1.0000,1,1,AP643EW,AP643EW
2025-07-26_10-14-24-349_AV331NA-FRA.jpg,AV-331-NA,AV-331-NA,0.9946,1,1,AV331NA,AV331NA
2025-07-26_18-25-15-509_DW325KM-FRA.jpg,DW-325-KM,DW-325-KM,0.9997,1,1,DW325KM,DW325KM
2025-07-26_10-52-32-281_EA108GB-FRA.jpg,EA-108-GB,EA-108-GB,0.9755,1,1,EA108GB,EA108GB
2025-07-26_16-15-03-509_HB904RT-FRA.jpg,HB-904RT,HB-904RT,0.9999,1,1,HB904RT,HB904RT
2025-07-26_13-17-16-762_DV268CF-FRA.jpg,DV-268-CF,DV-268-CF,1.0000,1,1,DV268CF,DV268CF
2025-07-26_10-03-45-415_HC461SJ-FRA.jpg,HC-461.SJ.,HC-461.SJ.,0.9998,1,1,HC461SJ,HC461SJ
2025-07-26_12-37-25-192_FC873AC-FRA.jpg,FC-873-AC,FC-873-AC,1.0000,1,1,FC873AC,FC873AC
2025-07-26_10-14-31-368_GN655ME-FRA.jpg,GN-655-ME.,GN-655-ME.,1.0000,1,1,GN655ME,GN655ME
2025-07-26_14-19-01-284_DK391LT-FRA.jpg,DK-391-L-T,DK-391-L-T,0.9996,1,1,DK391LT,DK391LT
2025-07-26_10-46-25-397_FJ787FX-FRA.jpg,FJ-787-FX,FJ-787-FX,0.9866,1,1,FJ787FX,FJ787FX
2025-07-26_09-52-29-951_GT789KN-FRA.jpg,GT-789-KN,GT-789-KN,1.0000,1,1,GT789KN,GT789KN
2025-07-26_14-27-37-462_GB949GL-FRA.jpg,GB.949GL,GB.949GL,1.0000,1,1,GB949GL,GB949GL
2025-07-26_13-55-13-307_BN431LA-FRA.jpg,BN-431-LA,BN-431-LA,0.9998,1,1,BN431LA,BN431LA
2025-07-26_12-16-41-739_GN271YB-FRA.jpg,GN-271-YB,GN-271-YB,0.9999,1,1,GN271YB,GN271YB
2025-07-26_14-04-27-627_GX625FR-FRA.jpg,GX-625-FR,GX-625-FR,0.9458,1,1,GX625FR,GX625FR
2025-07-26_15-59-03-298_EB231AA-FRA.jpg,EB-231-AA,EB-231-AA,0.9999,1,1,EB231AA,EB231AA
2025-07-26_11-59-46-692_GE005FJ-FRA.jpg,GE-005-FJ,GE-005-FJ,1.0000,1,1,GE005FJ,GE005FJ
2025-07-26_17-28-50-496_DR306KX-FRA.jpg,DR-306-KX,DR-306-KX,1.0000,1,1,DR306KX,DR306KX
2025-07-26_12-37-50-065_BD475PL-FRA.jpg,BD-475-PL,BD-475-PL,0.9766,1,1,BD475PL,BD475PL
2025-07-26_14-33-44-311_DZ766XF-FRA.jpg,DZ-766-XF,DZ-766-XF,0.9995,1,1,DZ766XF,DZ766XF
2025-07-26_18-17-39-065_GH293YA-FRA.jpg,GH-293-YA,GH-293-YA,0.9968,1,1,GH293YA,GH293YA
2025-07-26_12-12-24-352_FH727WG-FRA.jpg,FH-727-WG,FH-727-WG,0.9645,1,1,FH727WG,FH727WG
2025-07-26_13-29-09-542_GR146TC-FRA.jpg,GR-146-TC,GR-146-TC,0.9787,1,1,GR146TC,GR146TC
2025-07-26_12-37-32-245_CH041ZK-FRA.jpg,CH-041-ZK,CH-041-ZK,0.9999,1,1,CH041ZK,CH041ZK
2025-07-26_12-32-23-977_FB170JA-FRA.jpg,FB-170-JA,FB-170-JA,0.9964,1,1,FB170JA,FB170JA
2025-07-26_15-35-15-436_GZ844XB-FRA.jpg,GZ-844-XB,GZ-844-XB,0.9999,1,1,GZ844XB,GZ844XB
2025-07-26_10-31-05-698_EB781KC-FRA.jpg,EB-781-KC,EB-781-KC,1.0000,1,1,EB781KC,EB781KC
2025-07-26_09-57-26-334_EH368BC-FRA.jpg,EH368-BC,EH368-BC,0.9996,1,1,EH368BC,EH368BC
2025-07-26_10-02-21-070_ER683MT-FRA.jpg,ER-683-MT,ER-683-MT,1.0000,1,1,ER683MT,ER683MT
2025-07-26_11-29-35-473_GC224SA-FRA.jpg,.GC-224-SA,.GC-224-SA,0.9872,1,1,GC224SA,GC224SA
2025-07-26_15-05-35-410_EW856ZY-FRA.jpg,EW.856.ZY,EW.856.ZY,1.0000,1,1,EW856ZY,EW856ZY
2025-07-26_12-49-34-531_AK673ES-FRA.jpg,AK-673-ES,AK-673-ES,0.9997,1,1,AK673ES,AK673ES
2025-07-26_14-25-17-451_FC111XV-FRA.jpg,FC-111-XV,FC-111-XV,0.9998,1,1,FC111XV,FC111XV
2025-07-26_12-06-43-286_BM010FE-FRA.jpg,BM-010-FE,BM-010-FE,0.9996,1,1,BM010FE,BM010FE
2025-07-26_14-30-07-002_FJ968HR-FRA.jpg,FJ-968-HR,FJ-968-HR,0.9656,1,1,FJ968HR,FJ968HR
2025-07-26_12-24-52-533_FC837RN-FRA.jpg,FC-837-RN,FC-837-RN,1.0000,1,1,FC837RN,FC837RN
2025-07-26_16-23-28-963_GM267RJ-FRA.jpg,GM-267-RJ,GM-267-RJ,1.0000,1,1,GM267RJ,GM267RJ
2025-07-26_17-33-27-765_AJ945AA-FRA.jpg,AJ-945-AA,AJ-945-AA,1.0000,1,1,AJ945AA,AJ945AA
2025-07-26_12-23-06-711_GZ395FG-FRA.jpg,GZ-395-FG,GZ-395-FG,1.0000,1,1,GZ395FG,GZ395FG
2025-07-26_10-55-56-712_GX197NA-FRA.jpg,GX-197-NA,GX-197-NA,1.0000,1,1,GX197NA,GX197NA
2025-07-26_09-35-56-839_DW386QE-FRA.jpg,DW-386-QE,DW-386-QE,1.0000,1,1,DW386QE,DW386QE
2025-07-26_11-58-16-852_GR930PE-FRA.jpg,GR-930-PE,GR-930-PE,0.9796,1,1,GR930PE,GR930PE
2025-07-26_10-44-45-464_DR481BE-FRA.jpg,DR-481-BE,DR-481-BE,0.9947,1,1,DR481BE,DR481BE
2025-07-26_12-01-51-064_GB757NY-FRA.jpg,GB-757-NY.,GB-757-NY.,1.0000,1,1,GB757NY,GB757NY
2025-07-26_11-48-07-302_GY219AF-FRA.jpg,GY-219-AF,GY-219-AF,0.9896,1,1,GY219AF,GY219AF
2025-07-26_16-05-33-627_DG416ZP-FRA.jpg,DG-416-ZP,DG-416-ZP,1.0000,1,1,DG416ZP,DG416ZP
2025-07-26_14-22-54-229_FY562FA-FRA.jpg,FY-562-FA,FY-562-FA,0.9972,1,1,FY562FA,FY562FA
2025-07-26_09-22-07-856_FT146VF-FRA.jpg,FT-146-VF,FT-146-VF,1.0000,1,1,FT146VF,FT146VF
2025-07-26_14-25-02-080_BS406DC-FRA.jpg,BS-406-DC,BS-406-DC,1.0000,1,1,BS406DC,BS406DC
2025-07-26_15-10-16-798_EN657VK-FRA.jpg,EN-657-VK,EN-657-VK,0.9994,1,1,EN657VK,EN657VK
2025-07-26_12-06-44-584_FZ004KY-FRA.jpg,FZ-004-KY.,FZ-004-KY.,0.9992,1,1,FZ004KY,FZ004KY
2025-07-26_10-08-07-565_WW476FP-FRA.jpg,WW-476-FP,WW-476-FP,1.0000,1,1,WW476FP,WW476FP
2025-07-26_12-31-14-902_DT595CZ-FRA.jpg,DT-595-CZ,DT-595-CZ,0.9995,1,1,DT595CZ,DT595CZ
2025-07-26_17-07-49-804_AQ048LL-FRA.jpg,AQ-048-LL.,AQ-048-LL.,0.9933,1,1,AQ048LL,AQ048LL
2025-07-26_13-03-44-312_BS632SL-ITA.jpg,BS-632-SL.,BS-632-SL.,1.0000,1,1,BS632SL,BS632SL
2025-07-26_12-24-23-079_DZ402GG-FRA.jpg,DZ-402-GG,DZ-402-GG,0.9999,1,1,DZ402GG,DZ402GG
2025-07-26_11-01-15-754_CA700YF-FRA.jpg,CA-700-YF,CA-700-YF,0.9594,1,1,CA700YF,CA700YF
2025-07-26_12-50-56-413_EK043VJ-FRA.jpg,EK-043-VJ,EK-043-VJ,0.9831,1,1,EK043VJ,EK043VJ
2025-07-26_11-35-45-256_FH893RF-FRA.jpg,FH-893-RF,FH-893-RF,0.9749,1,1,FH893RF,FH893RF
2025-07-26_11-22-35-172_GM125ML-FRA.jpg,GM-125-ML,GM-125-ML,0.9574,1,1,GM125ML,GM125ML
2025-07-26_14-35-00-182_GT638NK-FRA.jpg,GT-638-NK.,GT-638-NK.,0.9702,1,1,GT638NK,GT638NK
2025-07-26_14-05-07-601_GW852JC-FRA.jpg,GW-852-JC,GW-852-JC,0.9748,1,1,GW852JC,GW852JC
2025-07-26_11-12-59-179_DB424GJ-FRA.jpg,DB-424-GJ,DB-424-GJ,0.9999,1,1,DB424GJ,DB424GJ
2025-07-26_10-30-51-721_GV643BJ-FRA.jpg,GV-643-BJ,GV-643-BJ,1.0000,1,1,GV643BJ,GV643BJ
2025-07-26_12-30-22-880_ES207TA-FRA.jpg,ES-207-TA,ES-207-TA,1.0000,1,1,ES207TA,ES207TA
2025-07-26_12-27-56-961_GJ560YD-FRA.jpg,GJ-560-YD,GJ-560-YD,1.0000,1,1,GJ560YD,GJ560YD
2025-07-26_10-15-35-804_GG426TB-FRA.jpg,.GG-426-TB,.GG-426-TB,0.9997,1,1,GG426TB,GG426TB
2025-07-26_11-45-23-999_EK450FV-FRA.jpg,EK-450-FV,EK-450-FV,0.9997,1,1,EK450FV,EK450FV
2025-07-26_09-59-35-041_EN798YQ-FRA.jpg,EN-798-YQ,EN-798-YQ,0.9989,1,1,EN798YQ,EN798YQ
2025-07-26_10-56-06-553_CK693MH-FRA.jpg,CK-693-MH,CK-693-MH,1.0000,1,1,CK693MH,CK693MH
2025-07-26_11-04-40-090_GD228FE-FRA.jpg,.GD-228-FE,.GD-228-FE,0.9988,1,1,GD228FE,GD228FE
2025-07-26_10-44-48-024_CM898SB-FRA.jpg,CM.898.SB,CM.898.SB,0.9996,1,1,CM898SB,CM898SB
2025-07-26_13-07-08-533_GD034GS-FRA.jpg,GD-034-GS,GD-034-GS,0.9528,1,1,GD034GS,GD034GS
2025-07-26_17-19-54-495_FE767KA-FRA.jpg,FE-767-KA,FE-767-KA,0.9988,1,1,FE767KA,FE767KA
2025-07-26_14-24-08-435_GW958LN-FRA.jpg,GW-958-LN,GW-958-LN,0.9992,1,1,GW958LN,GW958LN
2025-07-26_09-36-12-261_BV748QQ-FRA.jpg,BV-748.QQ,BV-748.QQ,0.9999,1,1,BV748QQ,BV748QQ
2025-07-26_14-52-22-853_FL976JM-FRA.jpg,FL-976-JM,FL-976-JM,1.0000,1,1,FL976JM,FL976JM
2025-07-26_14-49-59-297_FC307ZR-FRA.jpg,FC-307-ZR,FC-307-ZR,0.9924,1,1,FC307ZR,FC307ZR
2025-07-26_09-22-43-938_DT947BK-ITA.jpg,DT-947-BK,DT-947-BK,0.9972,1,1,DT947BK,DT947BK
2025-07-26_10-24-21-809_FA642TG-FRA.jpg,FA-642-TG,FA-642-TG,0.9511,1,1,FA642TG,FA642TG
2025-07-26_12-55-38-028_GN830EE-FRA.jpg,GN-830-EE,GN-830-EE,0.9982,1,1,GN830EE,GN830EE
2025-07-26_15-07-49-732_EN129JD-FRA.jpg,EN-129-JD,EN-129-JD,0.9463,1,1,EN129JD,EN129JD
2025-07-26_09-41-23-101_DT792FC-FRA.jpg,DT-792-FC,DT-792-FC,0.9939,1,1,DT792FC,DT792FC
2025-07-26_11-15-50-941_AE767VY-FRA.jpg,AE-767-VY.,AE-767-VY.,0.9999,1,1,AE767VY,AE767VY
2025-07-26_11-43-05-599_EJ300MT-FRA.jpg,EJ-300-MT,EJ-300-MT,0.9950,1,1,EJ300MT,EJ300MT
2025-07-26_17-10-30-004_HC317DR-FRA.jpg,HC-317-DR,HC-317-DR,0.9541,1,1,HC317DR,HC317DR
2025-07-26_16-21-39-210_FZ056ZA-FRA.jpg,FZ-056-ZA,FZ-056-ZA,0.9640,1,1,FZ056ZA,FZ056ZA
2025-07-26_09-22-48-655_DX349DP-FRA.jpg,DX349DP,DX349DP,0.9999,1,1,DX349DP,DX349DP
2025-07-26_10-55-48-312_BZ374LK-FRA.jpg,BZ-374-LK,BZ-374-LK,0.9822,1,1,BZ374LK,BZ374LK
2025-07-26_13-57-52-365_AP823HQ-FRA.jpg,.AP.823HQ,.AP.823HQ,0.9787,1,1,AP823HQ,AP823HQ
2025-07-26_17-33-34-426_GF527DY-FRA.jpg,GF-527-DY,GF-527-DY,0.9505,1,1,GF527DY,GF527DY
2025-07-26_10-28-56-892_FY430HW-FRA.jpg,FY-430-HW,FY-430-HW,0.9712,1,1,FY430HW,FY430HW
2025-07-26_17-30-37-550_GD678KQ-FRA.jpg,GD-678-KQ,GD-678-KQ,0.9567,1,1,GD678KQ,GD678KQ
2025-07-26_11-19-51-890_AJ760ZV-FRA.jpg,AJ-760-ZV,AJ-760-ZV,1.0000,1,1,AJ760ZV,AJ760ZV
2025-07-26_12-54-18-581_HB401MZ-FRA.jpg,HB-401-MZ,HB-401-MZ,0.9933,1,1,HB401MZ,HB401MZ
2025-07-26_11-45-48-121_BF079AR-FRA.jpg,BF-079-AR,BF-079-AR,0.9930,1,1,BF079AR,BF079AR
2025-07-26_12-02-51-843_AZ462FP-FRA.jpg,AZ-462-FP.,AZ-462-FP.,0.9998,1,1,AZ462FP,AZ462FP
2025-07-26_15-16-19-138_GP431EF-FRA.jpg,GP-431-EF,GP-431-EF,0.9814,1,1,GP431EF,GP431EF
2025-07-26_09-57-40-553_DL882TB-FRA.jpg,DL-882-TB,DL-882-TB,0.9999,1,1,DL882TB,DL882TB
2025-07-26_11-40-01-155_AX379CZ-FRA.jpg,AX-379-CZ,AX-379-CZ,0.9984,1,1,AX379CZ,AX379CZ
2025-07-26_12-47-38-130_BF233RZ-FRA.jpg,BF-233-RZ,BF-233-RZ,0.9996,1,1,BF233RZ,BF233RZ
2025-07-26_15-57-49-795_GR484TX-FRA.jpg,GR-484-TX,GR-484-TX,1.0000,1,1,GR484TX,GR484TX
2025-07-26_12-40-20-631_GB821CT-FRA.jpg,GB-821-CT,GB-821-CT,1.0000,1,1,GB821CT,GB821CT
2025-07-26_12-54-29-236_FZ373PA-FRA.jpg,.FZ-373-PA.,.FZ-373-PA.,1.0000,1,1,FZ373PA,FZ373PA
2025-07-26_10-55-27-829_BA782ED-FRA.jpg,BA-782-ED,BA-782-ED,0.9956,1,1,BA782ED,BA782ED
2025-07-26_12-26-20-206_118REX75-FRA.jpg,118REX-75,118REX-75,0.9998,1,1,118REX75,118REX75
2025-07-26_11-43-31-314_DQ416WV-FRA.jpg,DQ-416-WV,DQ-416-WV,1.0000,1,1,DQ416WV,DQ416WV
2025-07-26_10-35-04-852_BD311QK-FRA.jpg,BD-311-QK,BD-311-QK,1.0000,1,1,BD311QK,BD311QK
2025-07-26_10-40-54-897_EH668NE-FRA.jpg,EH-668-NE.,EH-668-NE.,0.9964,1,1,EH668NE,EH668NE
2025-07-26_14-08-29-426_CH283FS-FRA.jpg,CH-283-FS,CH-283-FS,0.9794,1,1,CH283FS,CH283FS
2025-07-26_12-35-43-659_AF978MB-FRA.jpg,AF.978MB,AF.978MB,0.9369,1,1,AF978MB,AF978MB
2025-07-26_10-18-23-509_GK453CT-FRA.jpg,GK-453-CT,GK-453-CT,0.9999,1,1,GK453CT,GK453CT
2025-07-26_09-42-53-432_FJ403RE-FRA.jpg,FJ-403-RE,FJ-403-RE,0.9962,1,1,FJ403RE,FJ403RE
2025-07-26_13-17-02-379_BK878BB-FRA.jpg,BK-878-BB,BK-878-BB,0.9709,1,1,BK878BB,BK878BB
2025-07-26_17-50-14-231_FT811FV-FRA.jpg,FT-811-FV,FT-811-FV,1.0000,1,1,FT811FV,FT811FV
2025-07-26_13-01-56-897_EM191WH-FRA.jpg,EM-191-WH,EM-191-WH,1.0000,1,1,EM191WH,EM191WH
2025-07-26_16-39-51-336_DV343YR-FRA.jpg,DV-343-YR,DV-343-YR,0.9787,1,1,DV343YR,DV343YR
2025-07-26_10-57-59-587_CM832KW-FRA.jpg,CM-832-KW,CM-832-KW,0.9712,1,1,CM832KW,CM832KW
2025-07-26_12-10-13-584_EB265MA-FRA.jpg,EB.265.MA,EB.265.MA,0.9998,1,1,EB265MA,EB265MA
2025-07-26_09-31-08-052_EY784HM-FRA.jpg,EY-784HM,EY-784HM,0.9999,1,1,EY784HM,EY784HM
2025-07-26_18-03-08-077_GR450FA-FRA.jpg,.GR-450-FA.,.GR-450-FA.,0.9999,1,1,GR450FA,GR450FA
2025-07-26_10-57-05-175_EE705LF-FRA.jpg,EE-705-LF,EE-705-LF,1.0000,1,1,EE705LF,EE705LF
2025-07-26_10-43-34-899_BT621ZP-FRA.jpg,BT.621ZP,BT.621ZP,0.9864,1,1,BT621ZP,BT621ZP
2025-07-26_14-11-45-584_CF253XM-FRA.jpg,CF-253-XM,CF-253-XM,1.0000,1,1,CF253XM,CF253XM
2025-07-26_14-37-13-481_GH370QY-FRA.jpg,GH-370-QY,GH-370-QY,1.0000,1,1,GH370QY,GH370QY
2025-07-26_10-58-13-454_GD820JM-FRA.jpg,GD-820-JM,GD-820-JM,0.9806,1,1,GD820JM,GD820JM
2025-07-26_13-40-26-125_CY240EJ-FRA.jpg,CY-240-EJ,CY-240-EJ,1.0000,1,1,CY240EJ,CY240EJ
2025-07-26_13-01-59-745_AD210MZ-FRA.jpg,AD-210-MZ,AD-210-MZ,0.9983,1,1,AD210MZ,AD210MZ
2025-07-26_12-05-25-432_EY282ST-FRA.jpg,EY-282-ST,EY-282-ST,0.9985,1,1,EY282ST,EY282ST
2025-07-26_11-31-37-832_ET138RQ-FRA.jpg,ET-138-RQ,ET-138-RQ,0.9791,1,1,ET138RQ,ET138RQ
2025-07-26_14-40-13-329_EC869CT-FRA.jpg,EC.869.CT,EC.869.CT,0.9496,1,1,EC869CT,EC869CT
2025-07-26_10-58-09-415_FB499NA-FRA.jpg,FB-499-NA,FB-499-NA,0.9999,1,1,FB499NA,FB499NA
2025-07-26_13-25-35-625_GE453EP-FRA.jpg,GE-453-EP.,GE-453-EP.,0.9998,1,1,GE453EP,GE453EP
2025-07-26_10-42-56-256_EH067NZ-FRA.jpg,EH-067-NZ,EH-067-NZ,0.9896,1,1,EH067NZ,EH067NZ
2025-07-26_13-36-00-452_FV643JK-FRA.jpg,FV-643-JK,FV-643-JK,0.9989,1,1,FV643JK,FV643JK
2025-07-26_10-30-47-272_HD527MT-FRA.jpg,HD-527-MT,HD-527-MT,0.9587,1,1,HD527MT,HD527MT
2025-07-26_12-33-20-337_BL574VQ-FRA.jpg,BL-574-VQ,BL-574-VQ,0.9987,1,1,BL574VQ,BL574VQ
2025-07-26_13-45-21-684_EM498XT-FRA.jpg,EM-498-XT,EM-498-XT,1.0000,1,1,EM498XT,EM498XT
2025-07-26_10-55-34-994_EC280RP-FRA.jpg,EC-280-RP,EC-280-RP,0.9948,1,1,EC280RP,EC280RP
2025-07-26_14-28-14-340_DS101XJ-FRA.jpg,DS-101-XJ,DS-101-XJ,0.9991,1,1,DS101XJ,DS101XJ
2025-07-26_11-25-51-173_GS157ZJ-FRA.jpg,GS-157-ZJ,GS-157-ZJ,0.9627,1,1,GS157ZJ,GS157ZJ
2025-07-26_10-18-19-716_DD962YC-FRA.jpg,DD-962-YC,DD-962-YC,0.9987,1,1,DD962YC,DD962YC
2025-07-26_11-54-21-453_EJ342PR-FRA.jpg,.EJ-342-PR,.EJ-342-PR,0.9573,1,1,EJ342PR,EJ342PR
2025-07-26_11-12-29-293_BA444SR-FRA.jpg,BA-444-SR,BA-444-SR,0.9999,1,1,BA444SR,BA444SR
2025-07-26_16-08-07-017_EN606YK-FRA.jpg,EN-606-YK,EN-606-YK,0.9999,1,1,EN606YK,EN606YK
2025-07-26_14-15-43-089_GD017MM-FRA.jpg,GD-017-MM,GD-017-MM,1.0000,1,1,GD017MM,GD017MM
2025-07-26_09-27-17-198_22CBC59-FRA.jpg,22CBC.59,22CBC.59,0.9991,1,1,22CBC59,22CBC59
2025-07-26_10-16-13-590_FR658DR-FRA.jpg,FR-658DR,FR-658DR,0.9983,1,1,FR658DR,FR658DR
2025-07-26_11-44-37-867_FL578ZV-FRA.jpg,FL-578-ZV,FL-578-ZV,0.9515,1,1,FL578ZV,FL578ZV
2025-07-26_11-18-32-749_CT941WR-FRA.jpg,CT-941-WR,CT-941-WR,1.0000,1,1,CT941WR,CT941WR
2025-07-26_14-38-33-486_FY523VY-FRA.jpg,FY-523-VY.,FY-523-VY.,1.0000,1,1,FY523VY,FY523VY
2025-07-26_11-31-48-809_AK892SH-FRA.jpg,AK-892-SH,AK-892-SH,1.0000,1,1,AK892SH,AK892SH
2025-07-26_09-27-03-953_AZ793KZ-FRA.jpg,AZ-793-KZ,AZ-793-KZ,1.0000,1,1,AZ793KZ,AZ793KZ
2025-07-26_12-35-23-472_BD573XK-FRA.jpg,BD-573-XK,BD-573-XK,1.0000,1,1,BD573XK,BD573XK
2025-07-26_15-28-05-487_GR545PE-FRA.jpg,GR-545-PE,GR-545-PE,0.9998,1,1,GR545PE,GR545PE
2025-07-26_09-26-38-299_FG918GT-FRA.jpg,FG918GT.,FG918GT.,0.9491,1,1,FG918GT,FG918GT
2025-07-26_09-58-01-315_FL715VY-FRA.jpg,FL-715-VY.,FL-715-VY.,0.9999,1,1,FL715VY,FL715VY
2025-07-26_10-17-51-889_FE712VS-FRA.jpg,FE-712-VS,FE-712-VS,0.9569,1,1,FE712VS,FE712VS
2025-07-26_18-03-05-407_DQ807TK-FRA.jpg,DQ-807-TK,DQ-807-TK,0.9836,1,1,DQ807TK,DQ807TK
2025-07-26_10-24-26-769_GC209ET-FRA.jpg,GC-209-ET.,GC-209-ET.,1.0000,1,1,GC209ET,GC209ET
2025-07-26_13-20-26-565_EN784TH-FRA.jpg,EN-784-TH,EN-784-TH,0.9999,1,1,EN784TH,EN784TH
2025-07-26_10-01-43-729_DD614RP-FRA.jpg,DD-614-RP.,DD-614-RP.,0.9999,1,1,DD614RP,DD614RP
2025-07-26_10-57-59-474_CY133YF-FRA.jpg,CY-133-YF,CY-133-YF,0.9997,1,1,CY133YF,CY133YF
2025-07-26_13-05-15-120_FG046TE-FRA.jpg,FG-046-TE,FG-046-TE,0.9963,1,1,FG046TE,FG046TE
2025-07-26_16-21-43-529_ET044WF-FRA.jpg,ET-044-WF,ET-044-WF,0.9996,1,1,ET044WF,ET044WF
2025-07-26_17-29-10-861_FK452AP-FRA.jpg,.FK-452-AP,.FK-452-AP,0.9996,1,1,FK452AP,FK452AP
2025-07-26_14-38-14-904_GP784XQ-FRA.jpg,GP-784-XQ,GP-784-XQ,1.0000,1,1,GP784XQ,GP784XQ
2025-07-26_12-33-09-362_GB994LR-FRA.jpg,GB-994-LR,GB-994-LR,1.0000,1,1,GB994LR,GB994LR
2025-07-26_09-41-25-171_FR613RN-FRA.jpg,FR-613-RN,FR-613-RN,0.9983,1,1,FR613RN,FR613RN
2025-07-26_16-21-53-864_BE657EB-FRA.jpg,BE-657-EB,BE-657-EB,0.9904,1,1,BE657EB,BE657EB
2025-07-26_12-12-45-232_AH652KC-FRA.jpg,AH-652-KC,AH-652-KC,0.9998,1,1,AH652KC,AH652KC
2025-07-26_14-22-37-945_BD051XB-FRA.jpg,BD-051-XB,BD-051-XB,0.9998,1,1,BD051XB,BD051XB
2025-07-26_13-59-37-255_FV444QM-FRA.jpg,FV-444-QM,FV-444-QM,0.9909,1,1,FV444QM,FV444QM
2025-07-26_09-31-03-692_BG820GR-FRA.jpg,BG-820-GR,BG-820-GR,0.9999,1,1,BG820GR,BG820GR
2025-07-26_12-05-44-392_AJ353TT-FRA.jpg,AJ-353-TT,AJ-353-T,0.9570,0,0,AJ353TT,AJ353T
2025-07-26_14-04-06-907_GY471DL-FRA.jpg,GY-471-DL.,GY-471-DL.,1.0000,1,1,GY471DL,GY471DL
2025-07-26_15-56-40-726_CY746EW-FRA.jpg,CY-746-EW,CY-746-EW,1.0000,1,1,CY746EW,CY746EW
2025-07-26_14-20-10-177_GJ063FA-FRA.jpg,GJ-063-FA,GJ-063-FA,0.9844,1,1,GJ063FA,GJ063FA
2025-07-26_14-14-25-887_GT882BQ-FRA.jpg,GT-882-BQ,GT-882-BQ,0.9807,1,1,GT882BQ,GT882BQ
2025-07-26_11-46-47-421_AD662BX-FRA.jpg,AD-662-BX,AD-662-BX,1.0000,1,1,AD662BX,AD662BX
2025-07-26_14-16-42-458_GT098VW-FRA.jpg,GT-098-VW,GT-098-VW,0.9998,1,1,GT098VW,GT098VW
2025-07-26_18-02-15-611_DK349MD-FRA.jpg,DK-349-MD,DK-349-MD,0.9422,1,1,DK349MD,DK349MD
2025-07-26_09-46-50-160_DE178WZ-FRA.jpg,DE-178-WZ,DE-178-WZ,0.9911,1,1,DE178WZ,DE178WZ
2025-07-26_12-17-22-493_GK058AF-FRA.jpg,GK-058-AF,GK-058-AF,1.0000,1,1,GK058AF,GK058AF
2025-07-26_12-37-41-442_BE088HE-FRA.jpg,BE.088.HE.,BE.088.HE.,0.9994,1,1,BE088HE,BE088HE
2025-07-26_12-34-21-119_FE073FC-FRA.jpg,FE-073-FC,FE-073-FC,0.9998,1,1,FE073FC,FE073FC
2025-07-26_09-01-54-716_AX875EB-FRA.jpg,AX-875-EB,AX-875-EB,1.0000,1,1,AX875EB,AX875EB
2025-07-26_11-09-42-366_CD936XS-FRA.jpg,CD-936-XS,CD-936-XS,0.9964,1,1,CD936XS,CD936XS
2025-07-26_12-53-41-590_BK263FW-FRA.jpg,BK-263-FW,BK-263-FW,0.9636,1,1,BK263FW,BK263FW
2025-07-26_11-11-41-090_DV755FM-FRA.jpg,DV755FM,DV755FM,0.9857,1,1,DV755FM,DV755FM
2025-07-26_10-44-29-627_FS578BG-FRA.jpg,FS.578-BG,FS.578-BG,0.9999,1,1,FS578BG,FS578BG
2025-07-26_11-38-33-892_GK789SX-FRA.jpg,GK-789-SX,GK-789-SX,1.0000,1,1,GK789SX,GK789SX
2025-07-26_12-13-28-867_FV158BS-FRA.jpg,FV.158-BS,FV.158-BS,0.9896,1,1,FV158BS,FV158BS
2025-07-26_11-18-47-224_AW307ZQ-FRA.jpg,AW-307-ZQ,AW-307-ZQ,0.9717,1,1,AW307ZQ,AW307ZQ
2025-07-26_14-46-51-330_EM689XQ-FRA.jpg,EM-689-XQ,EM-689-XQ,1.0000,1,1,EM689XQ,EM689XQ
2025-07-26_13-24-28-195_ED357JN-FRA.jpg,ED-357-JN,ED-357-JN,1.0000,1,1,ED357JN,ED357JN
2025-07-26_13-16-43-673_AH574ME-FRA.jpg,AH-574-ME,AH-574-ME,0.9658,1,1,AH574ME,AH574ME
2025-07-26_10-01-30-798_EP464FL-FRA.jpg,EP464FL,EP464FL,0.9997,1,1,EP464FL,EP464FL
2025-07-26_09-27-15-676_22CBC59-FRA.jpg,22CBC59,22CBC59,0.9731,1,1,22CBC59,22CBC59
2025-07-26_11-35-47-846_CX336YF-FRA.jpg,CX-336-YF,CX-336-YF,0.9963,1,1,CX336YF,CX336YF
2025-07-26_11-46-54-422_CP293SA-FRA.jpg,CP-293-SA,CP-293-SA,0.9987,1,1,CP293SA,CP293SA
2025-07-26_09-43-32-109_FX701JE-FRA.jpg,FX-701-JE,FX-701-JE,1.0000,1,1,FX701JE,FX701JE
2025-07-26_12-52-00-382_GF425PF-FRA.jpg,GF-425-PF.,GF-425-PF.,0.9219,1,1,GF425PF,GF425PF
2025-07-26_13-03-57-779_FM633SY-FRA.jpg,FM-633-SY.,FM-633-SY.,0.9999,1,1,FM633SY,FM633SY
2025-07-26_18-21-06-039_BZ344JP-FRA.jpg,.BZ.344-JP,.BZ.344-JP,0.9999,1,1,BZ344JP,BZ344JP
2025-07-26_13-35-54-534_AC541TD-FRA.jpg,AC-541-TD,AC-541-TD,0.9988,1,1,AC541TD,AC541TD
2025-07-26_13-07-55-979_AB033HH-FRA.jpg,AB-033-HH,AB-033-HH,0.9491,1,1,AB033HH,AB033HH
2025-07-26_18-01-14-797_HD512AG-FRA.jpg,HD-512-AG,HD-512-AG,1.0000,1,1,HD512AG,HD512AG
2025-07-26_12-06-47-083_GD285JK-FRA.jpg,GD-285-JK,GD-285-JK,0.9992,1,1,GD285JK,GD285JK
2025-07-26_16-09-59-832_GX717KR-FRA.jpg,GX-717-KR,GX-717-KR,0.9959,1,1,GX717KR,GX717KR
2025-07-26_13-38-22-494_BE169TT-FRA.jpg,BE-169-TT,BE-169-TT,0.9979,1,1,BE169TT,BE169TT
2025-07-26_10-38-55-274_AQ303MY-FRA.jpg,AQ-303-MY,AQ-303-MY,0.9996,1,1,AQ303MY,AQ303MY
2025-07-26_12-13-42-887_DF341AV-FRA.jpg,DF-341-AV,DF-341-AV,0.9656,1,1,DF341AV,DF341AV
2025-07-26_15-56-57-543_WW562GR-FRA.jpg,WW-562-GR,WW-562-GR,1.0000,1,1,WW562GR,WW562GR
2025-07-26_11-03-02-957_AV268BW-FRA.jpg,AV.268.BW,AV.268.BW,0.9999,1,1,AV268BW,AV268BW
2025-07-26_12-50-07-672_EG080FK-FRA.jpg,EG-080-FK,EG-080-FK,0.9999,1,1,EG080FK,EG080FK
2025-07-26_14-14-30-489_FQ288BD-FRA.jpg,FQ-288-BD,FQ-288-BD,0.9991,1,1,FQ288BD,FQ288BD
2025-07-26_16-57-04-767_GR254SE-FRA.jpg,GR-254-SE,GR-254-SE,0.9726,1,1,GR254SE,GR254SE
2025-07-26_10-21-57-662_HA422SF-FRA.jpg,HA-422-SF,HA-422-SF,0.9999,1,1,HA422SF,HA422SF
2025-07-26_13-07-04-194_CD508XY-FRA.jpg,CD-508-XY,CD-508-XY,1.0000,1,1,CD508XY,CD508XY
2025-07-26_09-26-49-554_AQ873KB-FRA.jpg,AQ-873-KB,AQ-873-KB,0.9711,1,1,AQ873KB,AQ873KB
2025-07-26_10-56-29-039_EA822PB-ITA.jpg,EA-822-PB,EA-822-PB,0.9990,1,1,EA822PB,EA822PB
2025-07-26_12-58-07-955_GT262DS-FRA.jpg,GT-262-DS,GT-262-DS,0.9468,1,1,GT262DS,GT262DS
2025-07-26_12-49-41-752_FV403TL-FRA.jpg,FV-403-TL,FV-403-TL,0.9995,1,1,FV403TL,FV403TL
2025-07-26_14-25-53-739_HB108QY-FRA.jpg,HB-108-QY,HB-108-QY,0.9988,1,1,HB108QY,HB108QY
2025-07-26_14-34-15-832_FX217QC-FRA.jpg,FX-217-QC.,FX-217-QC.,0.9997,1,1,FX217QC,FX217QC
2025-07-26_14-50-56-453_BZ126YG-FRA.jpg,BZ-126-YG,BZ-126-YG,1.0000,1,1,BZ126YG,BZ126YG
2025-07-26_16-06-28-451_FR206DQ-FRA.jpg,FR-206-DQ,FR-206-DQ,1.0000,1,1,FR206DQ,FR206DQ
2025-07-26_09-39-08-962_CJ100MF-FRA.jpg,CJ-100-MF,CJ-100-MF,0.9999,1,1,CJ100MF,CJ100MF
2025-07-26_10-09-15-366_AB409YF-FRA.jpg,AB-409-YF,AB-409-YF,0.9899,1,1,AB409YF,AB409YF
2025-07-26_09-12-12-677_DE443PE-FRA.jpg,DE-443-PE,DE-443-PE,1.0000,1,1,DE443PE,DE443PE
2025-07-26_15-28-05-734_BR191FV-FRA.jpg,BR-191-FV,BR-191-FV,0.9874,1,1,BR191FV,BR191FV
2025-07-26_11-06-35-398_BY348PG-FRA.jpg,BY-348-PG,BY-348-PG,0.9997,1,1,BY348PG,BY348PG
2025-07-26_10-18-23-235_DP980DH-FRA.jpg,DP-980-DH,DP-980-DH,0.9956,1,1,DP980DH,DP980DH
2025-07-26_11-43-47-794_GM563TP-FRA.jpg,GM-563-TP,GM-563-TP,1.0000,1,1,GM563TP,GM563TP
2025-07-26_14-41-47-765_DZ286GT-FRA.jpg,DZ-286-GT,DZ-286-GT,0.9996,1,1,DZ286GT,DZ286GT
2025-07-26_11-38-43-692_EV068WG-FRA.jpg,EV.068.WG,EV.068.WG,0.9504,1,1,EV068WG,EV068WG
2025-07-26_10-55-17-487_BQ092LH-FRA.jpg,BQ-092-LH,BQ-092-LH,0.9970,1,1,BQ092LH,BQ092LH
2025-07-26_10-23-08-776_FN039JD-FRA.jpg,FN-039-JD,FN-039-JD,0.9977,1,1,FN039JD,FN039JD
2025-07-26_12-42-45-575_HD152RD-FRA.jpg,HD-152-RD,HD-152-RD,1.0000,1,1,HD152RD,HD152RD
2025-07-26_09-27-14-113_CK902BM-FRA.jpg,CK-902-BM,CK-902-BM,1.0000,1,1,CK902BM,CK902BM
2025-07-26_13-50-17-713_FB882XD-FRA.jpg,FB-882-XD,FB-882-XD,0.9675,1,1,FB882XD,FB882XD
2025-07-26_13-00-12-248_FC067QL-FRA.jpg,FC-067-QL,FC-067-QL,0.9943,1,1,FC067QL,FC067QL
2025-07-26_10-21-34-482_FB821TV-FRA.jpg,FB-821-TV,FB-821-TV,0.9985,1,1,FB821TV,FB821TV
2025-07-26_13-20-16-088_FJ933GH-FRA.jpg,FJ-933.GH,FJ-933.GH,0.9926,1,1,FJ933GH,FJ933GH
2025-07-26_16-22-56-466_CH070YT-FRA.jpg,CH-070-YT,CH-070-YT,0.9996,1,1,CH070YT,CH070YT
2025-07-26_11-20-41-461_FR425MJ-FRA.jpg,FR.425.MJ,FR.425.MJ,0.9790,1,1,FR425MJ,FR425MJ
2025-07-26_11-17-45-067_HD123RJ-FRA.jpg,HD-123-RJ,HD-123-RJ,1.0000,1,1,HD123RJ,HD123RJ
2025-07-26_18-07-32-846_FJ165WZ-FRA.jpg,FJ-165-WZ,FJ-165-WZ,0.9997,1,1,FJ165WZ,FJ165WZ
2025-07-26_13-09-33-317_CQ342BA-FRA.jpg,CQ-342-BA,CQ-342-BA,0.9992,1,1,CQ342BA,CQ342BA
2025-07-26_11-04-58-198_EG433HK-FRA.jpg,EG-433-HK,EG-433-HK,0.9998,1,1,EG433HK,EG433HK
2025-07-26_09-53-47-895_GB020XT-ITA.jpg,GB-020-XT,GB-020-XT,0.9999,1,1,GB020XT,GB020XT
2025-07-26_09-15-21-411_HB226PW-FRA.jpg,HB-226-PW.,HB-226-PW.,0.9992,1,1,HB226PW,HB226PW
2025-07-26_18-15-07-366_CJ714MW-FRA.jpg,CJ-714-MW,CJ-714-MW,0.9834,1,1,CJ714MW,CJ714MW
2025-07-26_12-29-11-550_BT274TA-FRA.jpg,BT-274-TA,BT-274-TA,0.9999,1,1,BT274TA,BT274TA
2025-07-26_09-34-18-327_GL042PR-FRA.jpg,GL.042.PR,GL.042.PR,0.9467,1,1,GL042PR,GL042PR
2025-07-26_14-22-47-285_AB938YJ-FRA.jpg,AB-938-YJ,AB-938-YJ,0.9824,1,1,AB938YJ,AB938YJ
2025-07-26_09-29-07-180_DF297SQ-FRA.jpg,DF-297-SQ,DF-297-SQ,0.9743,1,1,DF297SQ,DF297SQ
2025-07-26_09-20-59-075_CX678KQ-FRA.jpg,CX-678-KQ,CX-678-KQ,0.9669,1,1,CX678KQ,CX678KQ
2025-07-26_11-22-03-823_FN796KP-FRA.jpg,FN-796-KP,FN-796-KP,1.0000,1,1,FN796KP,FN796KP
2025-07-26_14-51-44-867_HE346MK-FRA.jpg,HE-346-MK.,HE-346-MK.,1.0000,1,1,HE346MK,HE346MK
2025-07-26_09-57-22-984_CT416AB-FRA.jpg,CT-416-AB,CT-416-AB,0.9994,1,1,CT416AB,CT416AB
2025-07-26_11-22-43-070_FJ369GZ-FRA.jpg,FJ-369-GZ,FJ-369-GZ,0.9937,1,1,FJ369GZ,FJ369GZ
2025-07-26_09-57-42-907_EH579BR-FRA.jpg,EH-579-BR,EH-579-BR,0.9999,1,1,EH579BR,EH579BR
2025-07-26_10-32-06-720_DF689HJ-FRA.jpg,DF-689-HJ,DF-689-HJ,0.9999,1,1,DF689HJ,DF689HJ
2025-07-26_09-04-32-917_DZ745ZQ-FRA.jpg,DZ745.ZQ,DZ745.ZQ,0.9997,1,1,DZ745ZQ,DZ745ZQ
2025-07-26_14-34-11-841_GH201TJ-FRA.jpg,GH-201-TJ,GH-201-TJ,0.9997,1,1,GH201TJ,GH201TJ
2025-07-26_16-13-24-315_ER022MC-FRA.jpg,ER-022-MC,ER-022-MC,0.9998,1,1,ER022MC,ER022MC
2025-07-26_15-10-11-168_FF190RN-FRA.jpg,FF190-RN,FF190-RN,0.9889,1,1,FF190RN,FF190RN
2025-07-26_12-10-26-525_CP117GF-FRA.jpg,CP-117-GF.,CP-117-GF.,0.9950,1,1,CP117GF,CP117GF
2025-07-26_15-10-28-784_GG859PL-FRA.jpg,GG-859-PL,GG-859-PL,1.0000,1,1,GG859PL,GG859PL
2025-07-26_17-38-13-451_HC045GE-FRA.jpg,HC-045-GE,HC-045-GE,0.9993,1,1,HC045GE,HC045GE
2025-07-26_15-57-12-637_GT734HH-FRA.jpg,GT-734-HH,GT-734-HH,0.9999,1,1,GT734HH,GT734HH
2025-07-26_12-49-48-291_CV998VD-FRA.jpg,CV-998-VD,CV-998-VD,0.9873,1,1,CV998VD,CV998VD
2025-07-26_18-00-21-618_HD039KZ-FRA.jpg,HD-039-KZ,HD-039-KZ,0.9977,1,1,HD039KZ,HD039KZ
2025-07-26_14-16-38-808_DJ350KG-FRA.jpg,DJ-350-KG,DJ-350-KG,0.9880,1,1,DJ350KG,DJ350KG
2025-07-26_12-18-42-860_DD062NT-FRA.jpg,DD-062-NT,DD-062-NT,0.9999,1,1,DD062NT,DD062NT
2025-07-26_09-18-02-997_BF384EF-FRA.jpg,BF-384-EF,BF-384-EF,0.9997,1,1,BF384EF,BF384EF
2025-07-26_11-18-45-704_GQ387HF-FRA.jpg,GQ-387-HF,GQ-387-HF,1.0000,1,1,GQ387HF,GQ387HF
2025-07-26_13-02-14-130_GH316PA-FRA.jpg,GH-316-PA,GH-316-PA,0.9726,1,1,GH316PA,GH316PA
2025-07-26_17-02-17-058_DX138AM-FRA.jpg,DX-138-AM,DX-138-AM,0.9999,1,1,DX138AM,DX138AM
2025-07-26_11-22-15-985_CM771AZ-FRA.jpg,CM-771-AZ.,CM-771-AZ.,0.9999,1,1,CM771AZ,CM771AZ
2025-07-26_10-18-27-134_AX850EQ-FRA.jpg,AX.850EQ,AX.850EQ,0.9996,1,1,AX850EQ,AX850EQ
2025-07-26_14-11-14-227_FR870TM-FRA.jpg,.FR-870-TM.,.FR-870-TM.,0.9999,1,1,FR870TM,FR870TM
2025-07-26_09-56-59-588_GC994GF-FRA.jpg,GC-994-GF,GC-994-GF,1.0000,1,1,GC994GF,GC994GF
2025-07-26_11-22-52-067_AA814EB-FRA.jpg,AA-814-EB,AA-814-EB,1.0000,1,1,AA814EB,AA814EB
2025-07-26_16-02-14-369_GW794WX-FRA.jpg,GW-794-WX,GW-794-WX,0.9557,1,1,GW794WX,GW794WX
2025-07-26_17-59-59-508_CJ059LE-FRA.jpg,CJ-059-LE,CJ-059-LE,0.9990,1,1,CJ059LE,CJ059LE
2025-07-26_18-05-00-155_WW091FV-FRA.jpg,WW-091-FV,WW-091-FV,1.0000,1,1,WW091FV,WW091FV
2025-07-26_12-12-28-273_FJ849WP-FRA.jpg,FJ-849-WP,FJ-849-WP,1.0000,1,1,FJ849WP,FJ849WP
2025-07-26_12-06-47-465_FT514BS-FRA.jpg,FT-514-BS,FT-514-BS,1.0000,1,1,FT514BS,FT514BS
2025-07-26_10-04-48-109_CG153XJ-FRA.jpg,CG-153-XJ,CG-153-XJ,0.9987,1,1,CG153XJ,CG153XJ
2025-07-26_13-08-34-700_AH350NN-FRA.jpg,AH-350-NN,AH-350-NN,0.9566,1,1,AH350NN,AH350NN
2025-07-26_10-26-07-634_BB745AV-FRA.jpg,BB-745-AV,BB-745-AV,0.9871,1,1,BB745AV,BB745AV
2025-07-26_11-43-20-213_AB253BQ-FRA.jpg,AB-253-BQ,AB-253-BQ,0.9999,1,1,AB253BQ,AB253BQ
2025-07-26_12-19-53-296_CG251NX-FRA.jpg,CG-251-NX.,CG-251-NX.,0.9999,1,1,CG251NX,CG251NX
2025-07-26_09-22-35-789_BZ621HY-FRA.jpg,BZ-621-HY,BZ-621-HY,1.0000,1,1,BZ621HY,BZ621HY
2025-07-26_12-06-45-445_GD285JK-FRA.jpg,GD-285-JK,GD-285-JK,1.0000,1,1,GD285JK,GD285JK
2025-07-26_14-12-56-968_FP498KC-FRA.jpg,FP-498-KC,FP-498-KC,0.9687,1,1,FP498KC,FP498KC
2025-07-26_12-53-46-089_GJ352WF-FRA.jpg,GJ-352-WF,GJ-352-WF,1.0000,1,1,GJ352WF,GJ352WF
2025-07-26_16-24-18-065_AS776FV-FRA.jpg,AS-776-FV,AS-776-FV,0.9977,1,1,AS776FV,AS776FV
2025-07-26_09-52-46-171_HE996GS-FRA.jpg,HE-996-GS,HE-996-GS,1.0000,1,1,HE996GS,HE996GS
2025-07-26_10-58-36-215_HC049CX-FRA.jpg,HC-049-CX,HC-049-CX,1.0000,1,1,HC049CX,HC049CX
2025-07-26_12-05-11-050_AM863QE-FRA.jpg,AM-863-QE,AM-863-QE,0.9838,1,1,AM863QE,AM863QE
2025-07-26_12-24-38-298_EA141QB-FRA.jpg,EA-141-QB,EA-141-QB,0.9646,1,1,EA141QB,EA141QB
2025-07-26_11-04-06-969_FZ149WM-FRA.jpg,FZ-149-WM,FZ-149-WM,0.9902,1,1,FZ149WM,FZ149WM
2025-07-26_10-32-03-232_EF486RN-FRA.jpg,EF-486-RN,EF-486-RN,1.0000,1,1,EF486RN,EF486RN
2025-07-26_09-06-53-028_CZ296PY-FRA.jpg,CZ-296-PY,CZ-296-PY,0.9998,1,1,CZ296PY,CZ296PY
2025-07-26_15-46-33-219_FD636RJ-FRA.jpg,FD-636-RJ,FD-636-RJ,0.9745,1,1,FD636RJ,FD636RJ
2025-07-26_10-47-25-713_HD404ZN-FRA.jpg,HD-404-ZN,HD-404-ZN,0.9981,1,1,HD404ZN,HD404ZN
2025-07-26_16-34-16-557_GH265DA-FRA.jpg,GH265DA,GH265DA,0.9999,1,1,GH265DA,GH265DA
2025-07-26_11-49-21-644_FZ815CY-FRA.jpg,FZ-815-CY.,FZ-815-CY.,0.9987,1,1,FZ815CY,FZ815CY
2025-07-26_10-09-36-152_DV688PY-FRA.jpg,DV-688-PY,DV-688-PY,1.0000,1,1,DV688PY,DV688PY
2025-07-26_12-47-57-173_DE348CK-FRA.jpg,DE-348-CK.,DE-348-CK.,0.9819,1,1,DE348CK,DE348CK
2025-07-26_10-17-45-329_EQ725BX-FRA.jpg,EQ.725-BX,EQ.725-BX,0.9999,1,1,EQ725BX,EQ725BX
2025-07-26_11-14-51-985_CT879SL-FRA.jpg,CT-879-SL,CT-879-SL,0.9998,1,1,CT879SL,CT879SL
2025-07-26_13-12-25-792_DH067FS-FRA.jpg,DH-067-FS,DH-067-FS,0.9645,1,1,DH067FS,DH067FS
2025-07-26_13-16-46-251_DV917QS-FRA.jpg,DV-917-QS,DV-917-QS,0.9886,1,1,DV917QS,DV917QS
2025-07-26_12-06-49-104_AG572BZ-FRA.jpg,AG-572-BZ,AG-572-BZ,0.9999,1,1,AG572BZ,AG572BZ
2025-07-26_10-01-49-749_ER706KS-FRA.jpg,ER-706-KS,ER-706-KS,0.9913,1,1,ER706KS,ER706KS
2025-07-26_10-33-21-403_FQ037TY-FRA.jpg,FQ-037-TY,FQ-037-TY,0.9999,1,1,FQ037TY,FQ037TY
2025-07-26_11-11-28-101_DX204PS-FRA.jpg,DX-204-PS,DX-204-PS,0.9740,1,1,DX204PS,DX204PS
2025-07-26_11-13-34-093_AP904XH-FRA.jpg,AP-904-XH,AP-904-XH,0.9987,1,1,AP904XH,AP904XH
2025-07-26_14-38-10-612_EY583TK-FRA.jpg,EY-583-TK,EY-583-TK,0.9989,1,1,EY583TK,EY583TK
2025-07-26_13-13-49-968_HA592KA-FRA.jpg,HA-592-KA,HA-592-KA,1.0000,1,1,HA592KA,HA592KA
2025-07-26_14-23-54-210_DJ998VL-FRA.jpg,DJ.998.VL,DJ.998.VL,1.0000,1,1,DJ998VL,DJ998VL
2025-07-26_11-11-06-818_HC097KQ-FRA.jpg,HC-097-KQ,HC-097-KQ,0.9999,1,1,HC097KQ,HC097KQ
2025-07-26_12-08-48-724_HC957JX-FRA.jpg,HC-957-JX,HC-957-JX,1.0000,1,1,HC957JX,HC957JX
2025-07-26_12-41-57-708_AN869EL-FRA.jpg,AN-869-EL.,AN-869-EL.,0.9998,1,1,AN869EL,AN869EL
2025-07-26_10-28-16-332_GG619EH-FRA.jpg,GG-619-EH,GG-619-EH,0.9956,1,1,GG619EH,GG619EH
2025-07-26_18-03-08-154_DQ807TK-FRA.jpg,DQ-807-TK,DQ-807-TK,0.9987,1,1,DQ807TK,DQ807TK
2025-07-26_17-10-54-027_AL315XM-FRA.jpg,AL-315-XM,AL-315-XM,0.9998,1,1,AL315XM,AL315XM
2025-07-26_14-51-04-173_FA159HP-FRA.jpg,FA-159-HP,FA-159-HP,0.9491,1,1,FA159HP,FA159HP
2025-07-26_09-19-21-874_CV941NH-FRA.jpg,CV-941-NH,CV-941-NH,0.9996,1,1,CV941NH,CV941NH
2025-07-26_11-44-22-915_HB255ZA-FRA.jpg,HB-255-ZA,HB-255-ZA,0.9999,1,1,HB255ZA,HB255ZA
2025-07-26_12-47-33-115_FC291WZ-FRA.jpg,FC.291.WZ,FC.291.WZ,1.0000,1,1,FC291WZ,FC291WZ
2025-07-26_13-35-58-932_FV643JK-FRA.jpg,FV-643-JK,FV-643-JK,1.0000,1,1,FV643JK,FV643JK
2025-07-26_16-07-48-794_FC066XY-FRA.jpg,FC-066-XY,FC-066-XY,0.9998,1,1,FC066XY,FC066XY
2025-07-26_16-09-17-428_DH055AQ-FRA.jpg,DH-055-AQ,DH-055-AQ,0.9999,1,1,DH055AQ,DH055AQ
2025-07-26_10-21-22-801_BF124XF-FRA.jpg,BF-124XF,BF-124XF,0.9994,1,1,BF124XF,BF124XF
2025-07-26_12-12-28-416_FC746GN-FRA.jpg,FC-746-GN,FC-746-GN,0.9983,1,1,FC746GN,FC746GN
2025-07-26_10-40-04-626_FK403PK-FRA.jpg,FK-403-PK,FK-403-PK,0.9940,1,1,FK403PK,FK403PK
2025-07-26_13-46-55-944_FP845SC-FRA.jpg,FP-845-SC,FP-845-SC,0.9989,1,1,FP845SC,FP845SC
2025-07-26_12-56-11-339_8930NG94-FRA.jpg,8930NG94,8930NG94,0.9978,1,1,8930NG94,8930NG94
2025-07-26_10-25-24-390_WW972YF-FRA.jpg,WW-972-YF,WW-972-YF,0.9948,1,1,WW972YF,WW972YF
2025-07-26_11-04-58-897_BH725NN-FRA.jpg,.BH-725-NN.,.BH-725-NN.,0.9790,1,1,BH725NN,BH725NN
2025-07-26_16-53-41-364_CF770YW-FRA.jpg,CF-770-YW,CF-770-YW,1.0000,1,1,CF770YW,CF770YW
2025-07-26_10-21-59-539_HA422SF-FRA.jpg,HA-422-SF,HA-422-SF,1.0000,1,1,HA422SF,HA422SF
2025-07-26_10-19-26-962_GH273BQ-FRA.jpg,GH-273-BQ,GH-273-BQ,0.9914,1,1,GH273BQ,GH273BQ
2025-07-26_11-00-42-554_EW914TS-FRA.jpg,EW-914-TS,EW-914-TS,0.9977,1,1,EW914TS,EW914TS
2025-07-26_16-23-39-679_GX815TH-FRA.jpg,GX-815-TH,GX-815-TH,0.9419,1,1,GX815TH,GX815TH
2025-07-26_10-26-26-233_EJ964AJ-FRA.jpg,EJ.964.AJ,EJ.964.AJ,0.9999,1,1,EJ964AJ,EJ964AJ
2025-07-26_09-41-54-066_FW646JJ-FRA.jpg,FW-646-JJ,FW-646-JJ,0.9939,1,1,FW646JJ,FW646JJ
2025-07-26_13-30-19-726_CG529EL-FRA.jpg,CG529-EL,CG529-EL,0.9999,1,1,CG529EL,CG529EL
2025-07-26_14-20-58-054_GW495EY-FRA.jpg,GW-495-EY.,GW-495-EY.,0.9987,1,1,GW495EY,GW495EY
2025-07-26_10-56-45-273_CX028EE-FRA.jpg,CX-028-EE,CX-028-EE,0.9883,1,1,CX028EE,CX028EE
2025-07-26_09-32-13-004_GE198KC-FRA.jpg,GE-198-KC.,GE-198-KC.,0.9975,1,1,GE198KC,GE198KC
2025-07-26_11-43-45-234_GW584DB-FRA.jpg,GW-584-DB,GW-584-DB,1.0000,1,1,GW584DB,GW584DB
2025-07-26_10-45-10-422_FD162YA-FRA.jpg,FD-162-YA,FD-162-YA,0.9999,1,1,FD162YA,FD162YA
2025-07-26_11-57-00-534_AF635CY-FRA.jpg,AF-635-CY,AF-635-CY,0.9835,1,1,AF635CY,AF635CY
2025-07-26_18-16-43-711_EC216QS-FRA.jpg,EC-216-QS,EC-216-QS,0.9999,1,1,EC216QS,EC216QS
2025-07-26_17-10-05-281_AS813DB-FRA.jpg,AS-813DB,AS-813DB,0.9990,1,1,AS813DB,AS813DB
2025-07-26_13-16-07-556_BE032FL-FRA.jpg,BE-032-FL.,BE-032-FL.,1.0000,1,1,BE032FL,BE032FL
2025-07-26_10-24-01-248_GJ100BG-FRA.jpg,GJ-100-BG,GJ-100-BG,0.9980,1,1,GJ100BG,GJ100BG
2025-07-26_14-21-54-006_FN045SD-FRA.jpg,FN-045-SD,FN-045-SD,0.9998,1,1,FN045SD,FN045SD
2025-07-26_09-16-46-537_CZ832NV-FRA.jpg,CZ-832-NV.,CZ-832-NV.,0.9545,1,1,CZ832NV,CZ832NV
2025-07-26_15-22-35-895_FR993RL-FRA.jpg,FR-993-RL,FR-993-RL,0.9938,1,1,FR993RL,FR993RL
2025-07-26_11-02-05-770_BE317TT-FRA.jpg,BE-317-TT,BE-317-TT,0.9999,1,1,BE317TT,BE317TT
2025-07-26_15-58-01-875_GS140JC-FRA.jpg,GS.140JC,GS.140JC,0.9025,1,1,GS140JC,GS140JC
2025-07-26_10-35-50-387_HE517AS-FRA.jpg,HE-517-AS.,HE-517-AS.,0.9990,1,1,HE517AS,HE517AS
2025-07-26_12-03-48-276_GB045FP-FRA.jpg,GB-045-FP,GB-045-FP,0.9999,1,1,GB045FP,GB045FP
2025-07-26_17-32-30-967_AC992XT-FRA.jpg,AC-992-XT,AC-992-XT,1.0000,1,1,AC992XT,AC992XT
2025-07-26_11-51-22-673_CP164QC-FRA.jpg,CP-164-QC,CP-164-QC,1.0000,1,1,CP164QC,CP164QC
2025-07-26_09-17-03-897_GW164KN-FRA.jpg,GW.164KN,GW.164KN,1.0000,1,1,GW164KN,GW164KN
2025-07-26_11-25-56-005_ER785QN-FRA.jpg,ER-785-QN,ER-785-QN,1.0000,1,1,ER785QN,ER785QN
2025-07-26_12-21-12-976_GH653PZ-FRA.jpg,GH-653-PZ,GH-653-PZ,0.9992,1,1,GH653PZ,GH653PZ
2025-07-26_12-47-35-283_FC291WZ-FRA.jpg,FC-291-WZ,FC-291-WZ,1.0000,1,1,FC291WZ,FC291WZ
2025-07-26_11-24-08-570_FY908AN-FRA.jpg,FY.908.AN,FY.908.AN,0.9999,1,1,FY908AN,FY908AN
2025-07-26_12-57-20-127_HB680CC-FRA.jpg,HB-680-CC,HB-680-CC,0.9690,1,1,HB680CC,HB680CC
2025-07-26_10-18-47-714_CG735GS-FRA.jpg,CG-735-GS,CG-735-GS,0.9998,1,1,CG735GS,CG735GS
2025-07-26_12-32-41-826_CE583JL-FRA.jpg,CE-583-JL,CE-583-JL,0.9997,1,1,CE583JL,CE583JL
2025-07-26_12-35-41-227_DT355BJ-FRA.jpg,DT-355-BJ,DT-355-BJ,0.9992,1,1,DT355BJ,DT355BJ
2025-07-26_13-28-25-805_EH019VS-FRA.jpg,EH-019-VS,EH-019-VS,0.9994,1,1,EH019VS,EH019VS
2025-07-26_15-44-59-193_FT686CB-FRA.jpg,FT-686-CB,FT-686-CB,0.9948,1,1,FT686CB,FT686CB
2025-07-26_13-00-12-788_DB290WF-FRA.jpg,DB-290-WF,DB-290-WF,0.9918,1,1,DB290WF,DB290WF
2025-07-26_16-09-34-462_EL688NT-FRA.jpg,EL688NT,EL688NT,0.9998,1,1,EL688NT,EL688NT
2025-07-26_09-43-42-198_AB464LX-FRA.jpg,AB-464-LX,AB-464-LX,0.9995,1,1,AB464LX,AB464LX
2025-07-26_12-12-29-377_GR464KV-FRA.jpg,GR-464-KV,GR-464-KV,0.9462,1,1,GR464KV,GR464KV
2025-07-26_14-22-15-697_FF657BN-FRA.jpg,FF-657-BN,FF-657-BN,1.0000,1,1,FF657BN,FF657BN
2025-07-26_09-34-17-210_GV045GY-FRA.jpg,GV-045-GY,GV-045-GY,0.9647,1,1,GV045GY,GV045GY
2025-07-26_11-32-35-896_EC925XA-FRA.jpg,EC-925.XA,EC-925.XA,0.9897,1,1,EC925XA,EC925XA
2025-07-26_10-17-41-935_BN219DY-FRA.jpg,BN-219-DY,BN-219-DY,0.9727,1,1,BN219DY,BN219DY
2025-07-26_14-31-00-956_CJ866XG-FRA.jpg,CJ-866-XG,CJ-866-XG,0.9983,1,1,CJ866XG,CJ866XG
2025-07-26_14-50-45-834_EW125RK-FRA.jpg,EW-125-RK,EW-125-RK,0.9758,1,1,EW125RK,EW125RK
2025-07-26_11-28-25-044_HD240TA-FRA.jpg,HD-240-TA,HD-240-TA,0.9999,1,1,HD240TA,HD240TA
2025-07-26_10-06-46-076_GK868LW-FRA.jpg,GK-868-LW,GK-868-LW,1.0000,1,1,GK868LW,GK868LW
2025-07-26_13-33-23-489_FY254ED-FRA.jpg,FY.254.ED,FY.254.ED,0.9999,1,1,FY254ED,FY254ED
2025-07-26_10-22-13-175_GN763AH-FRA.jpg,GN.763-AH,GN.763-AH,0.9921,1,1,GN763AH,GN763AH
2025-07-26_12-35-05-640_DX713QC-FRA.jpg,DX-713-QC,DX-713-QC,0.9925,1,1,DX713QC,DX713QC
2025-07-26_11-35-39-418_EQ599CP-FRA.jpg,EQ-599-CP,EQ-599-CP,0.9989,1,1,EQ599CP,EQ599CP
2025-07-26_11-16-45-805_CJ466FC-FRA.jpg,CJ-466-FC,CJ-466-FC,0.9744,1,1,CJ466FC,CJ466FC
2025-07-26_10-13-08-653_EH350JS-FRA.jpg,EH-350-JS.,EH-350-JS.,0.9979,1,1,EH350JS,EH350JS
2025-07-26_15-57-09-360_EV062XQ-FRA.jpg,EV-062-XQ,EV-062-XQ,0.9998,1,1,EV062XQ,EV062XQ
2025-07-26_10-26-59-065_FB283NV-FRA.jpg,FB-283.NV,FB-283.NV,0.9985,1,1,FB283NV,FB283NV
2025-07-26_09-32-18-906_GQ757ZR-FRA.jpg,GQ757ZR,GQ757ZR,0.9997,1,1,GQ757ZR,GQ757ZR
2025-07-26_11-34-42-389_CL423VT-FRA.jpg,CL-423-VT,CL-423-VT,1.0000,1,1,CL423VT,CL423VT
2025-07-26_12-04-51-081_FZ636KH-FRA.jpg,FZ-636-KH,FZ-636-KH,0.9940,1,1,FZ636KH,FZ636KH
2025-07-26_12-47-29-633_FR225MH-FRA.jpg,FR-225-MH,FR-225-MH,0.9846,1,1,FR225MH,FR225MH
2025-07-26_12-49-16-395_CV982AP-FRA.jpg,CV-982-AP.,CV-982-AP.,0.9797,1,1,CV982AP,CV982AP
2025-07-26_17-25-39-301_HA850SQ-FRA.jpg,HA-850-SQ,HA-850-SQ,0.9996,1,1,HA850SQ,HA850SQ
2025-07-26_14-47-05-515_GF310TG-FRA.jpg,GF-310-TG,GF-310-TG,0.9963,1,1,GF310TG,GF310TG
2025-07-26_09-19-40-051_CV869YP-FRA.jpg,CV-869-YP,CV-869-YP,0.9987,1,1,CV869YP,CV869YP
2025-07-26_13-00-51-833_DP872SN-FRA.jpg,DP-872-SN,DP-872-SN,1.0000,1,1,DP872SN,DP872SN
2025-07-26_14-00-50-047_DX340TT-FRA.jpg,DX-340-TT,DX-340-TT,0.9643,1,1,DX340TT,DX340TT
2025-07-26_10-06-56-716_DA953BW-FRA.jpg,DA-953-BW,DA-953-BW,0.9983,1,1,DA953BW,DA953BW
2025-07-26_14-37-31-441_GP109YD-FRA.jpg,GP-109-YD,GP-109-YD,0.9721,1,1,GP109YD,GP109YD
2025-07-26_15-16-21-472_GA715TS-FRA.jpg,GA-715-TS,GA-715-TS,1.0000,1,1,GA715TS,GA715TS
2025-07-26_12-49-37-192_EA226PH-FRA.jpg,EA-226-PH,EA-226-PH,1.0000,1,1,EA226PH,EA226PH
2025-07-26_13-09-19-153_DC761YV-FRA.jpg,DC-761-YV,DC-761-YV,1.0000,1,1,DC761YV,DC761YV
2025-07-26_10-26-13-143_BB745AV-FRA.jpg,BB.745.AV,BB.745.AV,0.9997,1,1,BB745AV,BB745AV
2025-07-26_10-17-51-016_BN148VL-FRA.jpg,BN-148-VL.,BN-148-VL.,1.0000,1,1,BN148VL,BN148VL
2025-07-26_12-43-20-113_GM275GH-FRA.jpg,GM-275-GH,GM-275-GH,0.9558,1,1,GM275GH,GM275GH
2025-07-26_17-05-42-498_AQ886CS-FRA.jpg,AQ-886-CS,AQ-886-CS,0.9999,1,1,AQ886CS,AQ886CS
2025-07-26_17-33-53-616_CR096WY-FRA.jpg,CR-096-WY,CR-096-WY,1.0000,1,1,CR096WY,CR096WY
2025-07-26_11-29-31-247_AP077JD-FRA.jpg,AP-077-JD,AP-077-JD,0.9999,1,1,AP077JD,AP077JD
2025-07-26_10-52-41-181_WW050CW-FRA.jpg,WW-050-CW,WW-050-CW,0.9735,1,1,WW050CW,WW050CW
2025-07-26_10-47-58-347_HC873BG-FRA.jpg,HC873BG,HC873BG,1.0000,1,1,HC873BG,HC873BG
2025-07-26_13-03-35-710_EC244JQ-FRA.jpg,EC-244-JQ,EC-244-JQ,0.9945,1,1,EC244JQ,EC244JQ
2025-07-26_11-13-29-518_DL858PP-FRA.jpg,DL-858-PP,DL-858-PP,1.0000,1,1,DL858PP,DL858PP
2025-07-26_11-20-49-098_GQ819ZB-FRA.jpg,GQ-819.ZB,GQ-819.ZB,0.9911,1,1,GQ819ZB,GQ819ZB
2025-07-26_13-41-42-943_FP850TW-FRA.jpg,FP-850-TW,FP-850-TW,0.9989,1,1,FP850TW,FP850TW
2025-07-26_09-57-21-064_GB113AC-FRA.jpg,GB-113-AC,GB-113-AC,0.9975,1,1,GB113AC,GB113AC
2025-07-26_12-10-23-647_EH703YP-FRA.jpg,EH703-YP,EH703-YP,0.9441,1,1,EH703YP,EH703YP
2025-07-26_11-15-07-702_AL278YY-FRA.jpg,AL-278-YY.,AL-278-YY.,0.9991,1,1,AL278YY,AL278YY
2025-07-26_10-18-19-389_FH686VN-FRA.jpg,FH686-VN,FH686-VN,0.9999,1,1,FH686VN,FH686VN
2025-07-26_14-11-13-282_GA183YS-FRA.jpg,GA-183-YS,GA-183-YS,0.9997,1,1,GA183YS,GA183YS
2025-07-26_13-20-22-269_HB178TN-FRA.jpg,HB-178-TN,HB-178-TN,0.9644,1,1,HB178TN,HB178TN
2025-07-26_14-52-01-162_FM633SY-FRA.jpg,FM-633-SY,FM-633-SY,0.9999,1,1,FM633SY,FM633SY
2025-07-26_10-19-58-698_AH659ZD-FRA.jpg,AH-659-ZD,AH-659-ZD,0.9987,1,1,AH659ZD,AH659ZD
2025-07-26_13-08-39-180_FS329MB-FRA.jpg,FS-329.-MB,FS-329.-MB,0.9943,1,1,FS329MB,FS329MB
2025-07-26_12-30-41-321_BY674SF-FRA.jpg,BY-674-SF,BY-674-SF,0.9862,1,1,BY674SF,BY674SF
2025-07-26_17-02-19-862_AX561JE-FRA.jpg,AX-561-JE,AX-561-JE,0.9996,1,1,AX561JE,AX561JE
2025-07-26_14-39-16-682_DN741QE-FRA.jpg,DN-741-QE.,DN-741-QE.,0.9996,1,1,DN741QE,DN741QE
2025-07-26_10-56-11-426_FY944XQ-FRA.jpg,FY-944-XQ,FY-944-XQ,0.9956,1,1,FY944XQ,FY944XQ
2025-07-26_09-45-27-450_DK334LA-FRA.jpg,DK-334-LA,DK-334-LA,0.9635,1,1,DK334LA,DK334LA
2025-07-26_15-35-13-279_GZ844XB-FRA.jpg,GZ-844-XB,GZ-844-XB,1.0000,1,1,GZ844XB,GZ844XB
2025-07-26_10-12-42-524_DK460YX-FRA.jpg,DK-460-YX,DK-460-YX,1.0000,1,1,DK460YX,DK460YX
2025-07-26_14-17-03-912_CK722DF-FRA.jpg,CK-722-DF.,CK-722-DF.,0.9872,1,1,CK722DF,CK722DF
2025-07-26_15-16-16-756_GP431EF-FRA.jpg,GP-431-EF.,GP-431-EF.,0.9768,1,1,GP431EF,GP431EF
2025-07-26_13-06-21-074_CA304CH-FRA.jpg,CA-304-CH,CA-304-CH,1.0000,1,1,CA304CH,CA304CH
2025-07-26_12-31-11-409_BL751GA-FRA.jpg,BL-751-GA,BL-751-GA,0.9993,1,1,BL751GA,BL751GA
2025-07-26_09-17-06-507_AZ082CR-FRA.jpg,AZ082CR,AZ082CR,0.9650,1,1,AZ082CR,AZ082CR
2025-07-26_12-06-40-804_AL144RV-FRA.jpg,AL-144-RV,AL-144-RV,0.9992,1,1,AL144RV,AL144RV
2025-07-26_14-12-51-634_AC053EF-FRA.jpg,AC-053-EF,AC-053-EF,0.9688,1,1,AC053EF,AC053EF
2025-07-26_17-48-02-990_EX159YZ-FRA.jpg,EX-159-YZ,EX-159-YZ,1.0000,1,1,EX159YZ,EX159YZ
2025-07-26_14-11-48-048_GS143QQ-FRA.jpg,GS-143-QQ,GS-143-QQ,0.9995,1,1,GS143QQ,GS143QQ
2025-07-26_09-26-32-974_CD279EW-FRA.jpg,CD-279-EW,CD-279-EW,0.9988,1,1,CD279EW,CD279EW
2025-07-26_14-36-58-541_CS123LB-FRA.jpg,CS-123-LB,CS-123-LB,0.9543,1,1,CS123LB,CS123LB
2025-07-26_09-56-03-463_FW818RQ-FRA.jpg,FW-818-RQ,FW-818-RQ,0.9483,1,1,FW818RQ,FW818RQ
2025-07-26_11-38-11-651_BH665YF-FRA.jpg,BH-665-YF,BH-665-YF,0.9971,1,1,BH665YF,BH665YF
2025-07-26_16-07-14-621_FW775GH-FRA.jpg,FW-775-GH,FW-775-GH,0.9996,1,1,FW775GH,FW775GH
2025-07-26_12-26-22-007_CH153LZ-FRA.jpg,CH-153-LZ,CH-153-LZ,0.9769,1,1,CH153LZ,CH153LZ
2025-07-26_10-35-17-881_DT177SG-FRA.jpg,DT-177-SG,DT-177-SG,0.9833,1,1,DT177SG,DT177SG
2025-07-26_16-09-16-975_GV056BW-FRA.jpg,GV.056BW,GV.056BW,0.9970,1,1,GV056BW,GV056BW
2025-07-26_10-55-14-747_DN103QQ-FRA.jpg,DN-103-QQ.,DN-103-QQ.,0.9999,1,1,DN103QQ,DN103QQ
2025-07-26_17-35-03-867_HC738XT-FRA.jpg,HC738XT,HC738XT,1.0000,1,1,HC738XT,HC738XT
2025-07-26_10-41-52-175_GV201TM-FRA.jpg,GV-201-TM,GV-201-TM,1.0000,1,1,GV201TM,GV201TM
2025-07-26_14-26-34-376_BJ628LB-FRA.jpg,BJ-628-LB,BJ-628-LB,1.0000,1,1,BJ628LB,BJ628LB
2025-07-26_11-10-52-621_GL823SK-FRA.jpg,GL-823-SK.,GL-823-SK.,0.9996,1,1,GL823SK,GL823SK
2025-07-26_16-29-25-484_GP599RV-FRA.jpg,GP-599-RV,GP-599-RV,0.9995,1,1,GP599RV,GP599RV
2025-07-26_13-15-42-563_CV407RS-FRA.jpg,CV-407-RS,CV-407-RS,0.9981,1,1,CV407RS,CV407RS
2025-07-26_11-10-48-559_AY290WP-FRA.jpg,AY-290-WP,AY-290-WP,0.9985,1,1,AY290WP,AY290WP
2025-07-26_13-12-11-161_FK594KW-FRA.jpg,FK-594-KW,FK-594-KW,0.9998,1,1,FK594KW,FK594KW
2025-07-26_16-09-03-833_BS995KQ-FRA.jpg,BS-995-KQ,BS-995-KQ,0.9865,1,1,BS995KQ,BS995KQ
2025-07-26_11-27-08-228_AG684QR-FRA.jpg,AG-684-QR,AG-684-QR,0.9986,1,1,AG684QR,AG684QR
2025-07-26_13-02-12-290_DX588AJ-FRA.jpg,DX588AJ,DX588AJ,0.9964,1,1,DX588AJ,DX588AJ
2025-07-26_09-22-03-809_GX180KL-FRA.jpg,GX-180-KL.,GX-180-KL.,1.0000,1,1,GX180KL,GX180KL
2025-07-26_13-55-36-826_GF172EN-FRA.jpg,GF-172-EN,GF-172-EN,0.9712,1,1,GF172EN,GF172EN
2025-07-26_12-50-03-592_GK649WT-FRA.jpg,GK-649-WT.,GK-649-WT.,1.0000,1,1,GK649WT,GK649WT
2025-07-26_12-35-53-537_CC989GP-FRA.jpg,CC-989-GP,CC-989-GP,0.9909,1,1,CC989GP,CC989GP
2025-07-26_10-20-00-339_GR771XD-FRA.jpg,GR-771-XD,GR-771-XD,0.9994,1,1,GR771XD,GR771XD
2025-07-26_10-52-43-959_GQ393BB-FRA.jpg,GQ-393-BB,GQ-393-BB,0.9515,1,1,GQ393BB,GQ393BB
2025-07-26_10-27-50-381_CZ602BN-FRA.jpg,CZ.602.BN,CZ.602.BN,0.9999,1,1,CZ602BN,CZ602BN
2025-07-26_12-43-36-968_ET575QG-FRA.jpg,ET-575-QG,ET-575-QG,0.9824,1,1,ET575QG,ET575QG
2025-07-26_10-47-47-545_GP635LB-FRA.jpg,GP-635-LB,GP-635-LB,0.9696,1,1,GP635LB,GP635LB
2025-07-26_15-58-13-474_FN914QF-FRA.jpg,FN-914-QF,FN-914-QF,0.9998,1,1,FN914QF,FN914QF
2025-07-26_09-04-24-189_FL318AH-FRA.jpg,FL-318-AH,FL-318-AH,0.9485,1,1,FL318AH,FL318AH
2025-07-26_10-28-35-440_ER724EG-FRA.jpg,ER-724-EG,ER-724-EG,0.9999,1,1,ER724EG,ER724EG
2025-07-26_12-36-41-324_DE777EZ-FRA.jpg,DE-777-EZ,DE-777-EZ,0.9988,1,1,DE777EZ,DE777EZ
2025-07-26_14-26-03-010_BV729XR-FRA.jpg,BV-729-XR,BV-729-XR,0.9661,1,1,BV729XR,BV729XR
2025-07-26_16-53-54-445_FT423BS-FRA.jpg,FT-423-BS,FT-423-BS,0.9998,1,1,FT423BS,FT423BS
2025-07-26_16-42-43-592_FM403SB-FRA.jpg,FM403SB,FM403SB,0.9996,1,1,FM403SB,FM403SB
2025-07-26_13-18-35-050_FN110EY-FRA.jpg,FN-110-EY,FN-110-EY,0.9620,1,1,FN110EY,FN110EY
2025-07-26_12-17-06-268_AV168WA-FRA.jpg,AV-168-WA,AV-168-WA,0.9977,1,1,AV168WA,AV168WA
2025-07-26_12-18-03-769_EL585RK-FRA.jpg,EL-585-RK.,EL-585-RK.,1.0000,1,1,EL585RK,EL585RK
2025-07-26_18-07-43-317_EE457ME-FRA.jpg,EE-457-ME,EE-457-ME,1.0000,1,1,EE457ME,EE457ME
2025-07-26_09-46-52-140_DE178WZ-FRA.jpg,DE-178-WZ.,DE-178-WZ.,0.9997,1,1,DE178WZ,DE178WZ
2025-07-26_16-39-53-151_HB717DP-FRA.jpg,HB-717-DP,HB-717-DP,0.9990,1,1,HB717DP,HB717DP
2025-07-26_15-42-13-230_EY727GR-FRA.jpg,EY-727-GR,EY-727-GR,1.0000,1,1,EY727GR,EY727GR
2025-07-26_14-10-08-577_WW084JJ-FRA.jpg,WW-084-JJ,WW-084-JJ,0.9979,1,1,WW084JJ,WW084JJ
2025-07-26_15-37-55-999_CC778ZP-FRA.jpg,.CC-778-ZP.,.CC-778-ZP.,0.9995,1,1,CC778ZP,CC778ZP
2025-07-26_13-23-46-796_GB095RR-FRA.jpg,GB-095-RR,GB-095-RR,0.9451,1,1,GB095RR,GB095RR
2025-07-26_15-35-58-880_GK566HW-FRA.jpg,GK-566-HW.,GK-566-HW.,0.9600,1,1,GK566HW,GK566HW
2025-07-26_09-55-43-455_DP183TB-FRA.jpg,DP-183-TB,DP-183-TB,0.9990,1,1,DP183TB,DP183TB
2025-07-26_09-16-07-615_FX100ES-FRA.jpg,FX-100-ES.,FX-100-ES.,1.0000,1,1,FX100ES,FX100ES
2025-07-26_14-59-41-673_EN581KF-FRA.jpg,EN-581-KF,EN-581-KF,0.9900,1,1,EN581KF,EN581KF
2025-07-26_09-54-49-639_BW265WW-FRA.jpg,BW-265-WW,BW-265-WW,0.9953,1,1,BW265WW,BW265WW
2025-07-26_12-51-58-732_GF425PF-FRA.jpg,GF-425-PF,GF-425-PF,0.9999,1,1,GF425PF,GF425PF
2025-07-26_11-57-45-241_FF607VN-FRA.jpg,FF-607-VN,FF-607-VN,1.0000,1,1,FF607VN,FF607VN
2025-07-26_09-12-53-704_GH968ZL-FRA.jpg,GH-968-ZL,GH-968-ZL,0.9668,1,1,GH968ZL,GH968ZL
2025-07-26_12-53-31-017_EP639NP-FRA.jpg,EP-639-NP,EP-639-NP,0.9924,1,1,EP639NP,EP639NP
2025-07-26_14-10-29-208_DC641EP-FRA.jpg,DC-641-EP,DC-641-EP,0.9998,1,1,DC641EP,DC641EP
2025-07-26_10-21-34-585_CB700ZM-FRA.jpg,CB-700-ZM,CB-700-ZM,0.9968,1,1,CB700ZM,CB700ZM
2025-07-26_15-56-44-435_DW545KP-FRA.jpg,DW.545KP,DW.545KP,0.9699,1,1,DW545KP,DW545KP
2025-07-26_11-38-21-453_FD533HJ-FRA.jpg,FD-533-HJ,FD-533-HJ,0.9612,1,1,FD533HJ,FD533HJ
2025-07-26_09-55-47-928_CZ921PD-FRA.jpg,CZ-921-PD,CZ-921-PD,1.0000,1,1,CZ921PD,CZ921PD
2025-07-26_11-10-01-665_BJ958JV-FRA.jpg,BJ-958-JV,BJ-958-JV,0.9991,1,1,BJ958JV,BJ958JV
2025-07-26_14-50-46-355_GY848TS-FRA.jpg,GY-848-TS,GY-848-TS,1.0000,1,1,GY848TS,GY848TS
2025-07-26_11-41-58-939_EJ436JQ-FRA.jpg,EJ-436-JQ,EJ-436-JQ,0.9999,1,1,EJ436JQ,EJ436JQ
2025-07-26_10-15-53-159_CJ658JH-FRA.jpg,CJ-658-JH,CJ-658-JH,0.9993,1,1,CJ658JH,CJ658JH
2025-07-26_12-42-10-430_CA653DV-FRA.jpg,CA-653-DV,CA-653-DV,0.9990,1,1,CA653DV,CA653DV
2025-07-26_11-13-10-490_EB461NB-FRA.jpg,EB-461-NB,EB-461-NB,1.0000,1,1,EB461NB,EB461NB
2025-07-26_16-14-07-750_FP076PN-FRA.jpg,FP-076-PN,FP-076-PN,1.0000,1,1,FP076PN,FP076PN
2025-07-26_09-38-31-969_EY604HB-FRA.jpg,EY-604-HB,EY-604-HB,0.9999,1,1,EY604HB,EY604HB
2025-07-26_10-17-31-653_AW176TB-FRA.jpg,AW-176-TB,AW-176-TB,0.9556,1,1,AW176TB,AW176TB
2025-07-26_14-21-05-153_CD527TX-FRA.jpg,CD-527-TX,CD-527-TX,0.9496,1,1,CD527TX,CD527TX
2025-07-26_12-44-15-177_CQ207PS-FRA.jpg,CQ-207-PS,CQ-207-PS,1.0000,1,1,CQ207PS,CQ207PS
2025-07-26_13-13-23-635_BC739PF-FRA.jpg,BC-739-PF,BC-739-PF,0.9999,1,1,BC739PF,BC739PF
2025-07-26_09-39-54-298_CK018DL-FRA.jpg,CK-018-DL,CK-018-DL,0.9960,1,1,CK018DL,CK018DL
2025-07-26_14-17-51-250_GS361JR-FRA.jpg,GS-361-JR,GS-361-JR,0.9723,1,1,GS361JR,GS361JR
2025-07-26_10-49-39-740_FB107HW-FRA.jpg,FB-107-HW,FB-107-HW,0.9790,1,1,FB107HW,FB107HW
2025-07-26_14-46-53-675_HD280WF-FRA.jpg,HD-280-WF,HD-280-WF,0.9651,1,1,HD280WF,HD280WF
2025-07-26_13-10-00-595_FS482GM-FRA.jpg,FS-482-GM,FS-482-GM,0.9983,1,1,FS482GM,FS482GM
2025-07-26_16-32-41-790_HC578BG-FRA.jpg,HC.578.BG,HC.578.BG,0.9333,1,1,HC578BG,HC578BG
2025-07-26_13-15-43-316_FZ417AZ-FRA.jpg,FZ-417-AZ,FZ-417-AZ,0.9944,1,1,FZ417AZ,FZ417AZ
2025-07-26_17-30-30-451_GV571LW-FRA.jpg,GV-571-LW,GV-571-LW,0.9986,1,1,GV571LW,GV571LW
2025-07-26_17-09-35-270_AD455FD-FRA.jpg,AD-455-FD,AD-455-FD,1.0000,1,1,AD455FD,AD455FD
2025-07-26_12-40-47-451_FT186AJ-FRA.jpg,FT-186-AJ,FT-186-AJ,0.9997,1,1,FT186AJ,FT186AJ
2025-07-26_17-15-49-380_EP915TG-FRA.jpg,EP-915-TG,EP-915-TG,0.9804,1,1,EP915TG,EP915TG
2025-07-26_11-39-15-400_BY807GX-FRA.jpg,BY-807-GX,BY-807-GX,0.9970,1,1,BY807GX,BY807GX
2025-07-26_11-27-06-748_FJ998ML-FRA.jpg,FJ-998-ML.,FJ-998-ML.,0.9731,1,1,FJ998ML,FJ998ML
2025-07-26_10-14-17-687_AD255KG-FRA.jpg,AD-255-KG,AD-255-KG,0.9999,1,1,AD255KG,AD255KG
2025-07-26_10-05-43-369_DC235CT-FRA.jpg,DC-235-CT,DC-235-CT,1.0000,1,1,DC235CT,DC235CT
2025-07-26_15-19-03-721_GG996JR-FRA.jpg,.GG996JR.,.GG996JR.,0.9666,1,1,GG996JR,GG996JR
2025-07-26_10-23-21-379_GM728JW-FRA.jpg,GM-728-JW,GM-728-JW,1.0000,1,1,GM728JW,GM728JW
2025-07-26_12-10-55-785_EQ330QR-FRA.jpg,EQ-330-QR,EQ-330-QR,1.0000,1,1,EQ330QR,EQ330QR
2025-07-26_11-06-30-961_GP081QJ-FRA.jpg,GP-081-QJ,GP-081-QJ,0.9972,1,1,GP081QJ,GP081QJ
2025-07-26_10-55-18-912_BQ092LH-FRA.jpg,BQ-092-LH,BQ-092-LH,0.9961,1,1,BQ092LH,BQ092LH
2025-07-26_09-15-00-688_GD783PY-FRA.jpg,GD-783-PY,GD-783-PY,0.9997,1,1,GD783PY,GD783PY
2025-07-26_11-47-24-321_CS408KF-FRA.jpg,CS-408-KF,CS-408-KF,1.0000,1,1,CS408KF,CS408KF
2025-07-26_18-01-17-997_AB771RC-FRA.jpg,AB-771-RC,AB-771-RC,0.9998,1,1,AB771RC,AB771RC
2025-07-26_10-55-35-832_DN443AQ-FRA.jpg,DN-443-AQ,DN-443-AQ,0.9998,1,1,DN443AQ,DN443AQ
2025-07-26_10-28-08-101_BM505XA-FRA.jpg,BM-505-XA,BM-505-XA,1.0000,1,1,BM505XA,BM505XA
2025-07-26_15-33-33-846_CS208HV-FRA.jpg,CS-208-HV,CS-208-HV,0.9993,1,1,CS208HV,CS208HV
2025-07-26_10-47-27-649_AR567QZ-FRA.jpg,AR-567-QZ,AR-567-QZ,1.0000,1,1,AR567QZ,AR567QZ
2025-07-26_18-07-46-077_BC759AE-FRA.jpg,BC-759-AE,BC-759-AE,0.9987,1,1,BC759AE,BC759AE
2025-07-26_16-51-44-243_GD021GA-FRA.jpg,GD-021-GA,GD-021-GA,0.9999,1,1,GD021GA,GD021GA
2025-07-26_13-22-14-375_GY324FR-FRA.jpg,GY-324-FR,GY-324-FR,0.9810,1,1,GY324FR,GY324FR
2025-07-26_11-20-20-988_DG002KS-FRA.jpg,DG-002-KS,DG-002-KS,0.9977,1,1,DG002KS,DG002KS
2025-07-26_12-08-51-713_GT205AT-FRA.jpg,GT-205-AT,GT-205-AT,0.9998,1,1,GT205AT,GT205AT
2025-07-26_10-03-24-184_HC892JB-FRA.jpg,HC-892-JB,HC-892-JB,1.0000,1,1,HC892JB,HC892JB
2025-07-26_13-23-24-817_GF775CT-FRA.jpg,GF-775-CT,GF-775-CT,1.0000,1,1,GF775CT,GF775CT
2025-07-26_12-26-19-941_CH153LZ-FRA.jpg,CH-153-LZ,CH-153-LZ,0.9684,1,1,CH153LZ,CH153LZ
2025-07-26_12-37-36-898_AX467RP-FRA.jpg,AX-467-RP,AX-467-RP,1.0000,1,1,AX467RP,AX467RP
2025-07-26_10-40-58-270_WW679AK-FRA.jpg,WW-679-AK,WW-679-AK,0.9987,1,1,WW679AK,WW679AK
2025-07-26_14-13-42-681_EH276HK-FRA.jpg,EH-276-HK,EH-276-HK,0.9768,1,1,EH276HK,EH276HK
2025-07-26_18-00-51-372_EH921JH-FRA.jpg,EH-921-JH,EH-921-JH,0.9999,1,1,EH921JH,EH921JH
2025-07-26_09-38-21-907_ES643AX-FRA.jpg,ES-643-AX,ES-643-AX,0.9989,1,1,ES643AX,ES643AX
2025-07-26_10-18-22-209_FM160ZR-FRA.jpg,FM-160-ZR.,FM-160-ZR.,0.9623,1,1,FM160ZR,FM160ZR
2025-07-26_16-23-08-737_EM480FF-FRA.jpg,EM-480-FF,EM-480-FF,0.9861,1,1,EM480FF,EM480FF
2025-07-26_12-49-19-448_CV352XB-FRA.jpg,CV-352-XB,CV-352-XB,1.0000,1,1,CV352XB,CV352XB
2025-07-26_12-05-05-509_FJ734WV-FRA.jpg,FJ-734-WV,FJ-734-WV,0.9994,1,1,FJ734WV,FJ734WV
2025-07-26_09-25-04-651_GD880WK-FRA.jpg,GD-880-WK,GD-880-WK,0.9878,1,1,GD880WK,GD880WK
2025-07-26_13-14-23-316_EP473TD-FRA.jpg,EP-473-TD,EP-473-TD,0.9919,1,1,EP473TD,EP473TD
2025-07-26_12-54-46-882_AE136QP-FRA.jpg,AE-136-QP.,AE-136-QP.,1.0000,1,1,AE136QP,AE136QP
2025-07-26_12-33-48-557_AG502FY-FRA.jpg,AG-502-FY,AG-502-FY,0.9999,1,1,AG502FY,AG502FY
2025-07-26_12-40-28-263_GX284DT-FRA.jpg,GX-284-DT.,GX-284-DT.,0.9999,1,1,GX284DT,GX284DT
2025-07-26_09-44-51-426_HD882KM-FRA.jpg,HD-882-KM,HD-882-KM,0.9999,1,1,HD882KM,HD882KM
2025-07-26_14-30-15-137_FJ957RK-FRA.jpg,FJ-957-RK,FJ-957-RK,0.9860,1,1,FJ957RK,FJ957RK
